{"stats":{"minecraft:picked_up":{"minecraft:dirt":3},"minecraft:used":{"minecraft:dirt":3},"minecraft:mined":{"minecraft:large_fern":1,"minecraft:tall_seagrass":1,"minecraft:grass_block":3},"minecraft:custom":{"minecraft:jump":39,"minecraft:time_since_rest":3003,"minecraft:leave_game":1,"minecraft:damage_dealt":20,"minecraft:crouch_one_cm":362,"minecraft:play_one_minute":3003,"minecraft:walk_on_water_one_cm":702,"minecraft:sprint_one_cm":2934,"minecraft:damage_taken":60,"minecraft:time_since_death":3003,"minecraft:walk_one_cm":2534,"minecraft:sneak_time":196,"minecraft:walk_under_water_one_cm":476,"minecraft:swim_one_cm":2480,"minecraft:fall_one_cm":3222,"minecraft:fly_one_cm":4317}},"DataVersion":2586}