{"stats":{"minecraft:killed":{"minecraft:squid":1,"minecraft:salmon":1},"minecraft:picked_up":{"minecraft:ink_sac":2,"minecraft:salmon":1},"minecraft:custom":{"minecraft:jump":180,"minecraft:time_since_rest":2009,"minecraft:leave_game":1,"minecraft:damage_dealt":143,"minecraft:play_one_minute":8654,"minecraft:walk_on_water_one_cm":2260,"minecraft:deaths":1,"minecraft:sprint_one_cm":18700,"minecraft:damage_taken":230,"minecraft:time_since_death":1979,"minecraft:walk_one_cm":3136,"minecraft:sneak_time":143,"minecraft:walk_under_water_one_cm":2386,"minecraft:mob_kills":2,"minecraft:swim_one_cm":3344,"minecraft:fall_one_cm":10455,"minecraft:fly_one_cm":28083}},"DataVersion":2586}