{"stats":{"minecraft:picked_up":{"minecraft:shulker_shell":4,"minecraft:iron_chestplate":6,"minecraft:chainmail_boots":1,"minecraft:nether_brick_fence":4,"minecraft:suspicious_stew":6,"minecraft:lead":1,"minecraft:diamond_sword":3,"minecraft:oak_stairs":2,"minecraft:enchanted_book":3,"minecraft:potion":2,"minecraft:stone_brick_stairs":2,"minecraft:crimson_planks":136,"minecraft:brewing_stand":2,"minecraft:golden_sword":1,"minecraft:polished_blackstone_brick_stairs":128,"minecraft:string":79,"minecraft:soul_soil":240,"minecraft:iron_leggings":5,"minecraft:experience_bottle":3,"minecraft:diamond_leggings":3,"minecraft:gold_nugget":273,"minecraft:smooth_stone":61,"minecraft:cobblestone_slab":8,"minecraft:ender_eye":2,"minecraft:iron_pickaxe":13,"minecraft:iron_boots":4,"minecraft:furnace":10,"minecraft:dark_oak_door":10,"minecraft:golden_helmet":1,"minecraft:stick":39,"minecraft:oak_fence":1,"minecraft:torch":340,"minecraft:green_bed":4,"minecraft:acacia_log":49,"minecraft:porkchop":42,"minecraft:golden_axe":2,"minecraft:diorite":189,"minecraft:cauldron":3,"minecraft:orange_bed":1,"minecraft:stone_sword":3,"minecraft:cactus":39,"minecraft:rotten_flesh":280,"minecraft:bookshelf":3,"minecraft:end_rod":2,"minecraft:chorus_flower":2,"minecraft:blaze_rod":29,"minecraft:obsidian":24,"minecraft:iron_bars":16,"minecraft:snowball":14,"minecraft:cobblestone":2253,"minecraft:birch_log":1,"minecraft:enchanting_table":2,"minecraft:magma_block":149,"minecraft:magma_cream":1,"minecraft:feather":7,"minecraft:water_bucket":3,"minecraft:andesite":116,"minecraft:golden_leggings":3,"minecraft:dark_oak_boat":25,"minecraft:potato":1468,"minecraft:flint":31,"minecraft:acacia_boat":4,"minecraft:lapis_lazuli":39,"minecraft:dirt":928,"minecraft:name_tag":2,"minecraft:bone":131,"minecraft:acacia_planks":67,"minecraft:stonecutter":4,"minecraft:bow":13,"minecraft:wheat_seeds":71,"minecraft:orange_tulip":4,"minecraft:bell":1,"minecraft:grindstone":3,"minecraft:diamond_helmet":1,"minecraft:mossy_stone_bricks":2,"minecraft:fletching_table":1,"minecraft:glowstone_dust":100,"minecraft:oak_planks":224,"minecraft:stone_hoe":2,"minecraft:ghast_tear":8,"minecraft:chiseled_polished_blackstone":64,"minecraft:cooked_porkchop":1,"minecraft:warped_wart_block":1,"minecraft:poisonous_potato":3,"minecraft:sand":100,"minecraft:ink_sac":2,"minecraft:grass_block":5,"minecraft:cyan_bed":5,"minecraft:dark_oak_log":19,"minecraft:chiseled_sandstone":4,"minecraft:barrel":1,"minecraft:shulker_box":27,"minecraft:mossy_cobblestone":27,"minecraft:diamond":69,"minecraft:soul_lantern":1,"minecraft:cracked_polished_blackstone_bricks":1,"minecraft:granite":220,"minecraft:bone_meal":436,"minecraft:golden_apple":9,"minecraft:emerald":27,"minecraft:golden_horse_armor":2,"minecraft:bread":167,"minecraft:oak_sapling":6,"minecraft:netherrack":4633,"minecraft:chorus_fruit":59,"minecraft:dark_oak_fence":1,"minecraft:crimson_roots":2,"minecraft:diamond_pickaxe":6,"minecraft:crafting_table":7,"minecraft:azure_bluet":1,"minecraft:chicken":7,"minecraft:leather_leggings":1,"minecraft:wooden_pickaxe":5,"minecraft:stone_brick_wall":5,"minecraft:gold_block":2,"minecraft:shield":6,"minecraft:elytra":1,"minecraft:iron_axe":7,"minecraft:wooden_sword":2,"minecraft:flint_and_steel":4,"minecraft:iron_shovel":3,"minecraft:blackstone":56,"minecraft:cracked_stone_bricks":2,"minecraft:cartography_table":1,"minecraft:beef":28,"minecraft:oak_boat":35,"minecraft:poppy":34,"minecraft:light_gray_wool":1,"minecraft:lectern":10,"minecraft:minecart":3,"minecraft:sugar_cane":26,"minecraft:chest":33,"minecraft:birch_sapling":11,"minecraft:egg":7,"minecraft:sandstone":32,"minecraft:end_stone":193,"minecraft:stone":64,"minecraft:polished_blackstone_bricks":707,"minecraft:carrot":18,"minecraft:redstone":27,"minecraft:iron_horse_armor":1,"minecraft:stone_pressure_plate":1,"minecraft:dark_oak_planks":48,"minecraft:tnt":25,"minecraft:arrow":156,"minecraft:stone_shovel":3,"minecraft:diamond_chestplate":1,"minecraft:beetroot_seeds":4,"minecraft:nether_bricks":23,"minecraft:diamond_boots":1,"minecraft:hay_block":96,"minecraft:saddle":4,"minecraft:mutton":32,"minecraft:white_wool":17,"minecraft:bone_block":225,"minecraft:rail":4,"minecraft:oxeye_daisy":2,"minecraft:lime_bed":3,"minecraft:basalt":40,"minecraft:crimson_stem":41,"minecraft:salmon":104,"minecraft:leather":20,"minecraft:cut_sandstone":9,"minecraft:birch_planks":288,"minecraft:oak_log":80,"minecraft:lily_pad":11,"minecraft:ancient_debris":33,"minecraft:nether_wart_block":6,"minecraft:gunpowder":38,"minecraft:paper":90,"minecraft:white_banner":12,"minecraft:apple":4,"minecraft:stone_bricks":4,"minecraft:kelp":10,"minecraft:iron_ingot":72,"minecraft:oak_fence_gate":1,"minecraft:stone_pickaxe":3,"minecraft:iron_ore":155,"minecraft:iron_sword":7,"minecraft:acacia_sapling":16,"minecraft:soul_sand":149,"minecraft:book":24,"minecraft:oak_slab":1,"minecraft:dark_oak_slab":1,"minecraft:pumpkin":5,"minecraft:sweet_berries":16,"minecraft:stone_brick_slab":2,"minecraft:quartz":48,"minecraft:dandelion":32,"minecraft:gravel":109,"minecraft:lava_bucket":1,"minecraft:white_bed":9,"minecraft:dragon_egg":1,"minecraft:gold_ore":17,"minecraft:spider_eye":18,"minecraft:diamond_shovel":1,"minecraft:pumpkin_seeds":4,"minecraft:slime_ball":36,"minecraft:stone_axe":34,"minecraft:iron_helmet":4,"minecraft:diamond_axe":3,"minecraft:gray_wool":1,"minecraft:warped_roots":3,"minecraft:baked_potato":99,"minecraft:melon_seeds":6,"minecraft:black_wool":1,"minecraft:stripped_dark_oak_log":384,"minecraft:coal":246,"minecraft:sunflower":1,"minecraft:ender_pearl":49},"minecraft:killed":{"minecraft:cave_spider":1,"minecraft:zombified_piglin":1,"minecraft:spider":26,"minecraft:shulker":13,"minecraft:skeleton":57,"minecraft:chicken":6,"minecraft:silverfish":14,"minecraft:skeleton_horse":1,"minecraft:piglin_brute":5,"minecraft:magma_cube":10,"minecraft:piglin":9,"minecraft:pig":19,"minecraft:zombie_villager":11,"minecraft:salmon":32,"minecraft:iron_golem":2,"minecraft:ender_dragon":1,"minecraft:creeper":15,"minecraft:sheep":19,"minecraft:trader_llama":2,"minecraft:pillager":13,"minecraft:zombie":95,"minecraft:ghast":15,"minecraft:cow":13,"minecraft:blaze":22,"minecraft:drowned":2,"minecraft:husk":6,"minecraft:wandering_trader":1,"minecraft:hoglin":1,"minecraft:wither_skeleton":1,"minecraft:villager":2,"minecraft:enderman":26},"minecraft:used":{"minecraft:nether_brick_fence":1,"minecraft:iron_shovel":179,"minecraft:ladder":4,"minecraft:bone_block":8,"minecraft:chest":60,"minecraft:shield":163,"minecraft:iron_sword":401,"minecraft:stone":527,"minecraft:rotten_flesh":5,"minecraft:soul_sand":41,"minecraft:acacia_sapling":4,"minecraft:obsidian":12,"minecraft:milk_bucket":1,"minecraft:lava_bucket":5,"minecraft:grass_block":48,"minecraft:birch_sapling":4,"minecraft:dark_oak_slab":1,"minecraft:crimson_roots":1,"minecraft:bow":223,"minecraft:dark_oak_boat":25,"minecraft:furnace":16,"minecraft:egg":6,"minecraft:potato":29,"minecraft:chiseled_polished_blackstone":37,"minecraft:diorite":45,"minecraft:stone_pickaxe":159,"minecraft:oak_planks":114,"minecraft:ender_pearl":14,"minecraft:wooden_pickaxe":8,"minecraft:sandstone":12,"minecraft:diamond_axe":63,"minecraft:golden_apple":6,"minecraft:white_wool":3,"minecraft:sand":70,"minecraft:stone_brick_wall":1,"minecraft:end_stone":165,"minecraft:firework_rocket":37,"minecraft:chiseled_sandstone":4,"minecraft:bread":434,"minecraft:string":1,"minecraft:lectern":9,"minecraft:gravel":11,"minecraft:soul_lantern":1,"minecraft:diamond_sword":713,"minecraft:dark_oak_fence":111,"minecraft:andesite":20,"minecraft:oak_boat":31,"minecraft:experience_bottle":1,"minecraft:oak_fence":2,"minecraft:polished_blackstone_brick_slab":4,"minecraft:enchanting_table":3,"minecraft:stone_sword":87,"minecraft:flint_and_steel":32,"minecraft:stone_shovel":131,"minecraft:cooked_chicken":2,"minecraft:polished_blackstone_wall":23,"minecraft:netherrack":552,"minecraft:torch":338,"minecraft:anvil":6,"minecraft:dirt":676,"minecraft:warped_wart_block":1,"minecraft:granite":25,"minecraft:shulker_box":21,"minecraft:dark_oak_planks":24,"minecraft:bookshelf":17,"minecraft:iron_axe":164,"minecraft:oak_stairs":1,"minecraft:polished_blackstone_brick_stairs":35,"minecraft:crimson_planks":14,"minecraft:barrel":11,"minecraft:basalt":5,"minecraft:beef":2,"minecraft:soul_soil":84,"minecraft:minecart":2,"minecraft:cooked_beef":3,"minecraft:acacia_planks":11,"minecraft:cooked_mutton":7,"minecraft:water_bucket":86,"minecraft:acacia_boat":3,"minecraft:birch_planks":1,"minecraft:baked_potato":10,"minecraft:cut_sandstone":7,"minecraft:cobblestone_slab":24,"minecraft:polished_blackstone_bricks":319,"minecraft:salmon":2,"minecraft:diamond_block":2,"minecraft:stripped_dark_oak_log":171,"minecraft:rail":1,"minecraft:tnt":76,"minecraft:crafting_table":12,"minecraft:oak_slab":1,"minecraft:white_bed":10,"minecraft:dark_oak_fence_gate":36,"minecraft:dark_oak_door":1,"minecraft:ender_eye":13,"minecraft:diamond_pickaxe":4018,"minecraft:apple":3,"minecraft:diamond_shovel":68,"minecraft:iron_pickaxe":2030,"minecraft:stone_axe":140,"minecraft:porkchop":2,"minecraft:cobblestone":354,"minecraft:white_banner":6,"minecraft:cooked_porkchop":11,"minecraft:bucket":102,"minecraft:kelp":4},"minecraft:dropped":{"minecraft:acacia_boat":1,"minecraft:iron_sword":3,"minecraft:soul_sand":71,"minecraft:birch_planks":286,"minecraft:oak_log":1,"minecraft:baked_potato":83,"minecraft:diamond":7,"minecraft:orange_tulip":2,"minecraft:leather":6,"minecraft:cracked_stone_bricks":2,"minecraft:emerald":136,"minecraft:flint":12,"minecraft:dirt":89,"minecraft:crimson_roots":1,"minecraft:gold_nugget":204,"minecraft:wooden_sword":2,"minecraft:bone_meal":492,"minecraft:bone_block":43,"minecraft:sunflower":1,"minecraft:sand":13,"minecraft:iron_pickaxe":7,"minecraft:bone":97,"minecraft:gravel":59,"minecraft:stone_axe":32,"minecraft:blackstone":56,"minecraft:sugar_cane":3,"minecraft:ancient_debris":16,"minecraft:birch_sapling":5,"minecraft:obsidian":12,"minecraft:grindstone":1,"minecraft:rotten_flesh":236,"minecraft:oak_planks":18,"minecraft:azure_bluet":1,"minecraft:white_bed":1,"minecraft:salmon":9,"minecraft:carrot":2,"minecraft:poppy":6,"minecraft:oak_fence_gate":1,"minecraft:gunpowder":9,"minecraft:melon_seeds":6,"minecraft:chainmail_boots":1,"minecraft:stone_brick_wall":4,"minecraft:acacia_sapling":6,"minecraft:leather_leggings":1,"minecraft:iron_ore":20,"minecraft:basalt":1,"minecraft:arrow":13,"minecraft:beef":1,"minecraft:quartz":8,"minecraft:stone_brick_stairs":2,"minecraft:netherrack":3169,"minecraft:lectern":1,"minecraft:firework_rocket":2,"minecraft:stone_hoe":2,"minecraft:iron_ingot":25,"minecraft:bread":55,"minecraft:wheat_seeds":54,"minecraft:golden_helmet":1,"minecraft:tnt":6,"minecraft:mossy_cobblestone":1,"minecraft:golden_horse_armor":1,"minecraft:poisonous_potato":3,"minecraft:iron_helmet":1,"minecraft:golden_axe":1,"minecraft:cobblestone":253,"minecraft:apple":1,"minecraft:granite":30,"minecraft:grass_block":4,"minecraft:coal":18,"minecraft:golden_apple":1,"minecraft:stick":19,"minecraft:oxeye_daisy":2,"minecraft:diorite":14,"minecraft:torch":12,"minecraft:nether_wart_block":6,"minecraft:iron_leggings":1,"minecraft:oak_stairs":1,"minecraft:stonecutter":2,"minecraft:iron_axe":3,"minecraft:cactus":36,"minecraft:smooth_stone":61,"minecraft:iron_shovel":2,"minecraft:string":9,"minecraft:lily_pad":1,"minecraft:acacia_planks":36,"minecraft:redstone":4,"minecraft:anvil":1,"minecraft:kelp":6,"minecraft:soul_soil":141,"minecraft:stone_sword":1,"minecraft:stone_shovel":2,"minecraft:chicken":1,"minecraft:name_tag":1,"minecraft:ender_eye":1,"minecraft:flint_and_steel":2,"minecraft:potato":2078,"minecraft:stone":47,"minecraft:shield":3,"minecraft:iron_chestplate":3,"minecraft:diamond_pickaxe":2,"minecraft:andesite":34,"minecraft:mossy_stone_bricks":2,"minecraft:golden_leggings":1,"minecraft:oak_sapling":4,"minecraft:golden_sword":1,"minecraft:spider_eye":10,"minecraft:stone_bricks":4,"minecraft:sandstone":9,"minecraft:bow":4,"minecraft:stone_pickaxe":1,"minecraft:wooden_pickaxe":3},"minecraft:mined":{"minecraft:dark_oak_planks":2,"minecraft:stone_pressure_plate":1,"minecraft:white_bed":8,"minecraft:farmland":1,"minecraft:brewing_stand":2,"minecraft:obsidian":24,"minecraft:granite":194,"minecraft:acacia_log":48,"minecraft:stone_brick_wall":1,"minecraft:grass_block":174,"minecraft:cracked_polished_blackstone_bricks":1,"minecraft:soul_soil":114,"minecraft:spawner":1,"minecraft:tall_seagrass":17,"minecraft:chorus_flower":2,"minecraft:polished_blackstone_bricks":3,"minecraft:magma_block":108,"minecraft:glowstone":33,"minecraft:iron_ore":131,"minecraft:fire":25,"minecraft:pumpkin":5,"minecraft:fletching_table":2,"minecraft:azure_bluet":1,"minecraft:enchanting_table":2,"minecraft:iron_bars":1,"minecraft:green_bed":1,"minecraft:orange_bed":1,"minecraft:cut_sandstone":8,"minecraft:blackstone":17,"minecraft:kelp_plant":17,"minecraft:soul_fire":13,"minecraft:torch":29,"minecraft:poppy":16,"minecraft:chest":28,"minecraft:dead_bush":9,"minecraft:glass":1,"minecraft:cobblestone":20,"minecraft:nether_quartz_ore":23,"minecraft:oak_planks":18,"minecraft:sugar_cane":12,"minecraft:cyan_bed":2,"minecraft:grindstone":2,"minecraft:wall_torch":28,"minecraft:cauldron":3,"minecraft:seagrass":19,"minecraft:dark_oak_slab":1,"minecraft:dark_oak_door":1,"minecraft:tnt":15,"minecraft:stone_brick_stairs":2,"minecraft:orange_tulip":1,"minecraft:infested_mossy_stone_bricks":1,"minecraft:grass":286,"minecraft:oak_log":76,"minecraft:dirt":569,"minecraft:sand":30,"minecraft:stonecutter":2,"minecraft:ancient_debris":33,"minecraft:netherrack":2687,"minecraft:oak_leaves":7,"minecraft:nether_gold_ore":9,"minecraft:diamond_ore":42,"minecraft:mossy_cobblestone":24,"minecraft:dark_oak_log":19,"minecraft:end_stone":197,"minecraft:shulker_box":15,"minecraft:nether_bricks":19,"minecraft:crimson_roots":1,"minecraft:spruce_leaves":9,"minecraft:kelp":13,"minecraft:cartography_table":1,"minecraft:sandstone":31,"minecraft:crimson_stem":41,"minecraft:large_fern":1,"minecraft:hay_block":93,"minecraft:redstone_ore":5,"minecraft:furnace":9,"minecraft:nether_sprouts":2,"minecraft:chiseled_sandstone":1,"minecraft:andesite":95,"minecraft:gold_block":2,"minecraft:bell":1,"minecraft:nether_brick_fence":2,"minecraft:bookshelf":8,"minecraft:potatoes":7,"minecraft:cobblestone_slab":10,"minecraft:packed_ice":2,"minecraft:chorus_plant":15,"minecraft:stone":1907,"minecraft:bone_block":146,"minecraft:white_wool":1,"minecraft:acacia_leaves":13,"minecraft:glass_pane":1,"minecraft:soul_sand":73,"minecraft:infested_stone_bricks":1,"minecraft:basalt":6,"minecraft:dandelion":6,"minecraft:oak_fence":1,"minecraft:crafting_table":5,"minecraft:warped_roots":2,"minecraft:lectern":10,"minecraft:tall_grass":41,"minecraft:purpur_pillar":2,"minecraft:lapis_ore":4,"minecraft:diorite":191,"minecraft:warped_wart_block":1,"minecraft:cactus":8,"minecraft:birch_planks":3,"minecraft:lime_bed":1,"minecraft:sweet_berry_bush":6,"minecraft:white_wall_banner":6,"minecraft:grass_path":17,"minecraft:coal_ore":131,"minecraft:end_rod":2,"minecraft:sunflower":1,"minecraft:gravel":47,"minecraft:cobweb":29,"minecraft:cracked_stone_bricks":2,"minecraft:acacia_planks":11,"minecraft:stone_bricks":4,"minecraft:mossy_stone_bricks":2,"minecraft:gold_ore":17,"minecraft:fern":1},"minecraft:crafted":{"minecraft:oak_planks":1076,"minecraft:cobblestone_slab":18,"minecraft:dark_oak_boat":2,"minecraft:cooked_chicken":2,"minecraft:blaze_powder":18,"minecraft:diamond_shovel":1,"minecraft:cooked_mutton":17,"minecraft:green_dye":1,"minecraft:dark_oak_door":3,"minecraft:diamond_helmet":5,"minecraft:bow":2,"minecraft:diamond_leggings":5,"minecraft:iron_boots":5,"minecraft:netherite_boots":1,"minecraft:stone_pressure_plate":2,"minecraft:netherite_helmet":1,"minecraft:chest":21,"minecraft:ender_eye":16,"minecraft:oak_fence":3,"minecraft:emerald":125,"minecraft:cauldron":2,"minecraft:cooked_porkchop":30,"minecraft:diamond_axe":1,"minecraft:crafting_table":10,"minecraft:spruce_planks":768,"minecraft:wooden_pickaxe":1,"minecraft:iron_helmet":5,"minecraft:birch_planks":296,"minecraft:iron_chestplate":6,"minecraft:diamond_pickaxe":6,"minecraft:charcoal":2,"minecraft:shield":14,"minecraft:stick":3156,"minecraft:iron_ingot":504,"minecraft:iron_pickaxe":16,"minecraft:iron_block":3,"minecraft:stone_sword":4,"minecraft:gold_ingot":12,"minecraft:netherite_ingot":4,"minecraft:stone_shovel":4,"minecraft:furnace":6,"minecraft:bone_meal":288,"minecraft:flint_and_steel":1,"minecraft:netherite_chestplate":1,"minecraft:netherite_leggings":1,"minecraft:iron_axe":6,"minecraft:stone_pickaxe":4,"minecraft:diamond_boots":5,"minecraft:netherite_scrap":16,"minecraft:dark_oak_planks":100,"minecraft:wheat":2214,"minecraft:cooked_beef":3,"minecraft:crimson_planks":72,"minecraft:diamond_sword":5,"minecraft:enchanting_table":1,"minecraft:iron_sword":7,"minecraft:bucket":15,"minecraft:stone_axe":2,"minecraft:air":0,"minecraft:acacia_boat":1,"minecraft:bread":745,"minecraft:oak_boat":3,"minecraft:iron_shovel":4,"minecraft:iron_leggings":5,"minecraft:anvil":1,"minecraft:white_bed":2,"minecraft:acacia_planks":196,"minecraft:torch":584,"minecraft:diamond_chestplate":6,"minecraft:firework_rocket":192},"minecraft:killed_by":{"minecraft:ghast":1,"minecraft:wither_skeleton":1,"minecraft:piglin_brute":2,"minecraft:creeper":3,"minecraft:cave_spider":1,"minecraft:zombie":2,"minecraft:player":2,"minecraft:enderman":1,"minecraft:iron_golem":1,"minecraft:shulker":1,"minecraft:skeleton":9},"minecraft:broken":{"minecraft:diamond_helmet":1,"minecraft:stone_axe":1,"minecraft:iron_sword":1,"minecraft:iron_pickaxe":4},"minecraft:custom":{"minecraft:interact_with_crafting_table":135,"minecraft:open_barrel":5,"minecraft:open_shulker_box":27,"minecraft:leave_game":69,"minecraft:time_since_death":15112,"minecraft:damage_resisted":126,"minecraft:sprint_one_cm":3468733,"minecraft:damage_blocked_by_shield":6170,"minecraft:drop":486,"minecraft:talked_to_villager":140,"minecraft:deaths":36,"minecraft:jump":29121,"minecraft:walk_on_water_one_cm":188219,"minecraft:interact_with_furnace":176,"minecraft:traded_with_villager":125,"minecraft:play_one_minute":1322223,"minecraft:sleep_in_bed":16,"minecraft:open_enderchest":1,"minecraft:damage_dealt":74041,"minecraft:player_kills":3,"minecraft:crouch_one_cm":401901,"minecraft:horse_one_cm":39391,"minecraft:interact_with_smithing_table":3,"minecraft:interact_with_anvil":19,"minecraft:mob_kills":457,"minecraft:climb_one_cm":2611,"minecraft:walk_one_cm":2205136,"minecraft:strider_one_cm":150,"minecraft:sneak_time":122730,"minecraft:walk_under_water_one_cm":98264,"minecraft:boat_one_cm":1114906,"minecraft:interact_with_blast_furnace":5,"minecraft:raid_trigger":1,"minecraft:interact_with_stonecutter":4,"minecraft:time_since_rest":15145,"minecraft:damage_absorbed":201,"minecraft:damage_taken":28035,"minecraft:swim_one_cm":266450,"minecraft:fly_one_cm":8150420,"minecraft:open_chest":1164,"minecraft:aviate_one_cm":5584127,"minecraft:fall_one_cm":878285}},"DataVersion":2586}