{"stats":{"minecraft:picked_up":{"minecraft:spruce_log":4,"minecraft:dirt":7},"minecraft:mined":{"minecraft:grass_block":3,"minecraft:dirt":3,"minecraft:spruce_log":4},"minecraft:custom":{"minecraft:time_since_rest":4446,"minecraft:play_one_minute":5150,"minecraft:crouch_one_cm":2314,"minecraft:sprint_one_cm":7584,"minecraft:walk_one_cm":6028,"minecraft:damage_taken":300,"minecraft:deaths":1,"minecraft:sneak_time":796,"minecraft:walk_under_water_one_cm":118,"minecraft:jump":100,"minecraft:time_since_death":4418,"minecraft:walk_on_water_one_cm":541,"minecraft:swim_one_cm":779,"minecraft:interact_with_crafting_table":1,"minecraft:fall_one_cm":7072,"minecraft:fly_one_cm":13657},"minecraft:crafted":{"minecraft:crafting_table":1,"minecraft:spruce_planks":16,"minecraft:stick":4},"minecraft:used":{"minecraft:dirt":7,"minecraft:crafting_table":1}},"DataVersion":2586}