{"stats":{"minecraft:used":{"minecraft:stone_sword":83,"minecraft:iron_shovel":72,"minecraft:stone_shovel":65,"minecraft:chest":42,"minecraft:shield":100,"minecraft:iron_sword":260,"minecraft:cooked_chicken":2,"minecraft:rotten_flesh":3,"minecraft:torch":226,"minecraft:dirt":263,"minecraft:acacia_sapling":4,"minecraft:milk_bucket":1,"minecraft:dark_oak_planks":18,"minecraft:lava_bucket":2,"minecraft:iron_axe":130,"minecraft:dark_oak_boat":10,"minecraft:furnace":16,"minecraft:egg":6,"minecraft:cooked_beef":3,"minecraft:acacia_planks":11,"minecraft:cooked_mutton":4,"minecraft:water_bucket":34,"minecraft:diorite":35,"minecraft:stone_pickaxe":29,"minecraft:oak_planks":3,"minecraft:wooden_pickaxe":8,"minecraft:sandstone":10,"minecraft:cut_sandstone":7,"minecraft:cobblestone_slab":24,"minecraft:white_wool":3,"minecraft:sand":3,"minecraft:crafting_table":8,"minecraft:white_bed":3,"minecraft:apple":3,"minecraft:chiseled_sandstone":4,"minecraft:bread":72,"minecraft:iron_pickaxe":1473,"minecraft:gravel":8,"minecraft:stone_axe":92,"minecraft:cobblestone":33,"minecraft:white_banner":6,"minecraft:cooked_porkchop":11,"minecraft:bucket":38,"minecraft:kelp":4},"minecraft:dropped":{"minecraft:iron_sword":1,"minecraft:wheat_seeds":8,"minecraft:orange_tulip":2,"minecraft:cobblestone":2,"minecraft:stick":6,"minecraft:dirt":2,"minecraft:iron_pickaxe":1,"minecraft:cactus":32,"minecraft:acacia_planks":33,"minecraft:bone":2,"minecraft:kelp":1,"minecraft:birch_sapling":1,"minecraft:chicken":1,"minecraft:poppy":2,"minecraft:shield":1,"minecraft:melon_seeds":6,"minecraft:acacia_sapling":6,"minecraft:oak_sapling":1,"minecraft:spider_eye":1,"minecraft:arrow":2,"minecraft:wooden_pickaxe":1},"minecraft:broken":{"minecraft:stone_axe":1,"minecraft:iron_sword":1,"minecraft:iron_pickaxe":4},"minecraft:picked_up":{"minecraft:iron_chestplate":1,"minecraft:crafting_table":1,"minecraft:chicken":7,"minecraft:wooden_pickaxe":3,"minecraft:shield":1,"minecraft:string":59,"minecraft:iron_axe":1,"minecraft:iron_leggings":1,"minecraft:iron_shovel":1,"minecraft:beef":23,"minecraft:cobblestone_slab":8,"minecraft:poppy":5,"minecraft:iron_pickaxe":2,"minecraft:light_gray_wool":1,"minecraft:minecart":2,"minecraft:sugar_cane":20,"minecraft:chest":25,"minecraft:birch_sapling":3,"minecraft:furnace":10,"minecraft:iron_boots":1,"minecraft:egg":7,"minecraft:stick":21,"minecraft:sandstone":21,"minecraft:torch":143,"minecraft:acacia_log":49,"minecraft:green_bed":1,"minecraft:porkchop":33,"minecraft:diorite":111,"minecraft:stone_pressure_plate":1,"minecraft:iron_horse_armor":1,"minecraft:cauldron":1,"minecraft:tnt":9,"minecraft:stone_sword":2,"minecraft:arrow":20,"minecraft:cactus":32,"minecraft:rotten_flesh":25,"minecraft:beetroot_seeds":4,"minecraft:hay_block":54,"minecraft:saddle":2,"minecraft:mutton":32,"minecraft:rail":3,"minecraft:white_wool":17,"minecraft:cobblestone":1118,"minecraft:lime_bed":1,"minecraft:feather":7,"minecraft:salmon":22,"minecraft:water_bucket":1,"minecraft:andesite":26,"minecraft:dark_oak_boat":10,"minecraft:cut_sandstone":9,"minecraft:leather":12,"minecraft:golden_leggings":1,"minecraft:flint":4,"minecraft:oak_log":70,"minecraft:gunpowder":2,"minecraft:dirt":336,"minecraft:white_banner":9,"minecraft:bone":30,"minecraft:acacia_planks":59,"minecraft:apple":3,"minecraft:stonecutter":2,"minecraft:kelp":5,"minecraft:bow":1,"minecraft:wheat_seeds":9,"minecraft:orange_tulip":4,"minecraft:bell":1,"minecraft:grindstone":1,"minecraft:iron_ingot":2,"minecraft:stone_pickaxe":2,"minecraft:iron_ore":122,"minecraft:iron_sword":2,"minecraft:oak_planks":68,"minecraft:acacia_sapling":16,"minecraft:cooked_porkchop":1,"minecraft:gravel":24,"minecraft:lava_bucket":1,"minecraft:sand":18,"minecraft:ink_sac":2,"minecraft:white_bed":1,"minecraft:cyan_bed":2,"minecraft:dark_oak_log":19,"minecraft:chiseled_sandstone":4,"minecraft:spider_eye":6,"minecraft:mossy_cobblestone":24,"minecraft:pumpkin_seeds":4,"minecraft:stone_axe":2,"minecraft:iron_helmet":1,"minecraft:granite":79,"minecraft:bone_meal":2,"minecraft:gray_wool":1,"minecraft:golden_horse_armor":1,"minecraft:bread":38,"minecraft:oak_sapling":2,"minecraft:melon_seeds":6,"minecraft:black_wool":1,"minecraft:coal":144,"minecraft:ender_pearl":1},"minecraft:custom":{"minecraft:mob_kills":139,"minecraft:interact_with_crafting_table":63,"minecraft:leave_game":11,"minecraft:time_since_death":29075,"minecraft:sprint_one_cm":799907,"minecraft:walk_one_cm":424044,"minecraft:damage_blocked_by_shield":3580,"minecraft:drop":32,"minecraft:talked_to_villager":6,"minecraft:deaths":10,"minecraft:sneak_time":46474,"minecraft:walk_under_water_one_cm":39608,"minecraft:boat_one_cm":146848,"minecraft:jump":6846,"minecraft:interact_with_blast_furnace":1,"minecraft:walk_on_water_one_cm":82851,"minecraft:interact_with_furnace":83,"minecraft:play_one_minute":320959,"minecraft:raid_trigger":1,"minecraft:sleep_in_bed":5,"minecraft:time_since_rest":29108,"minecraft:damage_taken":6803,"minecraft:damage_dealt":17438,"minecraft:swim_one_cm":116214,"minecraft:fly_one_cm":1526852,"minecraft:open_chest":363,"minecraft:crouch_one_cm":164639,"minecraft:fall_one_cm":197183,"minecraft:horse_one_cm":1715},"minecraft:killed_by":{"minecraft:creeper":1,"minecraft:enderman":1,"minecraft:iron_golem":1,"minecraft:cave_spider":1,"minecraft:skeleton":2,"minecraft:zombie":1},"minecraft:mined":{"minecraft:stone_pressure_plate":1,"minecraft:white_bed":1,"minecraft:mossy_cobblestone":24,"minecraft:dark_oak_log":19,"minecraft:granite":67,"minecraft:acacia_log":48,"minecraft:grass_block":80,"minecraft:kelp":3,"minecraft:sandstone":21,"minecraft:spawner":1,"minecraft:hay_block":51,"minecraft:furnace":9,"minecraft:iron_ore":116,"minecraft:chiseled_sandstone":1,"minecraft:andesite":21,"minecraft:bell":1,"minecraft:cobblestone_slab":10,"minecraft:packed_ice":2,"minecraft:stone":969,"minecraft:white_wool":1,"minecraft:green_bed":1,"minecraft:cut_sandstone":8,"minecraft:acacia_leaves":13,"minecraft:kelp_plant":1,"minecraft:crafting_table":1,"minecraft:torch":22,"minecraft:poppy":1,"minecraft:chest":21,"minecraft:dead_bush":2,"minecraft:tall_grass":8,"minecraft:glass":1,"minecraft:cobblestone":13,"minecraft:cyan_bed":2,"minecraft:grindstone":1,"minecraft:oak_planks":2,"minecraft:sugar_cane":10,"minecraft:wall_torch":19,"minecraft:diorite":112,"minecraft:cauldron":1,"minecraft:cactus":7,"minecraft:birch_planks":2,"minecraft:lime_bed":1,"minecraft:white_wall_banner":6,"minecraft:orange_tulip":1,"minecraft:tnt":9,"minecraft:grass_path":17,"minecraft:grass":58,"minecraft:oak_log":70,"minecraft:coal_ore":109,"minecraft:gravel":14,"minecraft:dirt":227,"minecraft:sand":5,"minecraft:cobweb":28,"minecraft:acacia_planks":3,"minecraft:stonecutter":2,"minecraft:oak_leaves":4},"minecraft:killed":{"minecraft:cave_spider":1,"minecraft:spider":10,"minecraft:skeleton":15,"minecraft:chicken":6,"minecraft:husk":1,"minecraft:pig":15,"minecraft:salmon":23,"minecraft:creeper":1,"minecraft:sheep":19,"minecraft:pillager":11,"minecraft:zombie":21,"minecraft:enderman":2,"minecraft:cow":10},"minecraft:crafted":{"minecraft:oak_planks":528,"minecraft:cobblestone_slab":18,"minecraft:stone_shovel":1,"minecraft:dark_oak_boat":2,"minecraft:cooked_chicken":2,"minecraft:furnace":6,"minecraft:cooked_mutton":4,"minecraft:green_dye":1,"minecraft:dark_oak_door":3,"minecraft:bow":1,"minecraft:iron_boots":2,"minecraft:iron_axe":3,"minecraft:stone_pickaxe":1,"minecraft:chest":19,"minecraft:dark_oak_planks":52,"minecraft:wheat":486,"minecraft:cooked_beef":3,"minecraft:cooked_porkchop":10,"minecraft:crafting_table":7,"minecraft:wooden_pickaxe":1,"minecraft:iron_helmet":2,"minecraft:iron_sword":3,"minecraft:bucket":3,"minecraft:stone_axe":1,"minecraft:bread":169,"minecraft:air":0,"minecraft:iron_chestplate":2,"minecraft:charcoal":2,"minecraft:shield":4,"minecraft:stick":236,"minecraft:iron_ingot":112,"minecraft:iron_pickaxe":10,"minecraft:stone_sword":1,"minecraft:iron_shovel":2,"minecraft:iron_leggings":2,"minecraft:white_bed":2,"minecraft:acacia_planks":196,"minecraft:torch":348}},"DataVersion":2586}