{"stats":{"minecraft:crafted":{"minecraft:cooked_beef":1,"minecraft:green_dye":1,"minecraft:crafting_table":1,"minecraft:stick":8,"minecraft:wooden_pickaxe":1,"minecraft:stone_pickaxe":1,"minecraft:stone_sword":1,"minecraft:acacia_planks":68,"minecraft:stone_axe":1,"minecraft:air":0},"minecraft:dropped":{"minecraft:poppy":1,"minecraft:dirt":2,"minecraft:wheat_seeds":2,"minecraft:chicken":1,"minecraft:acacia_sapling":4,"minecraft:cobblestone":2,"minecraft:arrow":2,"minecraft:wooden_pickaxe":1,"minecraft:cactus":32,"minecraft:acacia_planks":33,"minecraft:bone":2,"minecraft:stick":6},"minecraft:mined":{"minecraft:cactus":7,"minecraft:acacia_leaves":13,"minecraft:grass":15,"minecraft:acacia_log":15,"minecraft:grass_block":4,"minecraft:poppy":1,"minecraft:dead_bush":2,"minecraft:dirt":30,"minecraft:tall_grass":1,"minecraft:stone":9,"minecraft:sugar_cane":7},"minecraft:picked_up":{"minecraft:feather":3,"minecraft:chicken":3,"minecraft:stick":14,"minecraft:leather":5,"minecraft:wooden_pickaxe":3,"minecraft:acacia_log":17,"minecraft:porkchop":1,"minecraft:string":6,"minecraft:dirt":38,"minecraft:stone_sword":2,"minecraft:cactus":32,"minecraft:bone":9,"minecraft:arrow":9,"minecraft:rotten_flesh":2,"minecraft:stone_axe":2,"minecraft:wheat_seeds":3,"minecraft:beef":5,"minecraft:stone_pickaxe":2,"minecraft:poppy":4,"minecraft:sugar_cane":14,"minecraft:acacia_sapling":13,"minecraft:cobblestone":10,"minecraft:egg":4},"minecraft:killed":{"minecraft:skeleton":1,"minecraft:zombie":4,"minecraft:pig":1,"minecraft:chicken":2,"minecraft:spider":2,"minecraft:cow":2},"minecraft:killed_by":{"minecraft:skeleton":2,"minecraft:zombie":1},"minecraft:used":{"minecraft:stone_sword":45,"minecraft:stone_pickaxe":1,"minecraft:wooden_pickaxe":8,"minecraft:rotten_flesh":2,"minecraft:stone_axe":17,"minecraft:dirt":9,"minecraft:crafting_table":1,"minecraft:acacia_sapling":4,"minecraft:egg":3,"minecraft:cooked_beef":1},"minecraft:custom":{"minecraft:time_since_rest":6075,"minecraft:interact_with_furnace":4,"minecraft:sprint_one_cm":79629,"minecraft:damage_taken":1376,"minecraft:walk_one_cm":46017,"minecraft:mob_kills":13,"minecraft:drop":15,"minecraft:damage_dealt":1833,"minecraft:swim_one_cm":2457,"minecraft:interact_with_crafting_table":3,"minecraft:fly_one_cm":195988,"minecraft:play_one_minute":46381,"minecraft:crouch_one_cm":8821,"minecraft:deaths":4,"minecraft:sneak_time":3216,"minecraft:walk_under_water_one_cm":6270,"minecraft:jump":844,"minecraft:leave_game":1,"minecraft:time_since_death":6046,"minecraft:walk_on_water_one_cm":15028,"minecraft:fall_one_cm":24326}},"DataVersion":2586}