{"stats":{"minecraft:crafted":{"minecraft:oak_planks":248,"minecraft:stone_shovel":1,"minecraft:dark_oak_boat":2,"minecraft:cooked_chicken":2,"minecraft:furnace":4,"minecraft:cooked_mutton":4,"minecraft:green_dye":1,"minecraft:bow":1,"minecraft:iron_boots":1,"minecraft:iron_axe":1,"minecraft:stone_pickaxe":1,"minecraft:chest":19,"minecraft:dark_oak_planks":24,"minecraft:wheat":486,"minecraft:cooked_beef":3,"minecraft:cooked_porkchop":10,"minecraft:crafting_table":4,"minecraft:wooden_pickaxe":1,"minecraft:iron_helmet":1,"minecraft:iron_sword":1,"minecraft:bucket":2,"minecraft:stone_axe":1,"minecraft:bread":169,"minecraft:air":0,"minecraft:iron_chestplate":1,"minecraft:charcoal":2,"minecraft:shield":3,"minecraft:stick":72,"minecraft:iron_ingot":64,"minecraft:iron_pickaxe":5,"minecraft:stone_sword":1,"minecraft:iron_leggings":1,"minecraft:white_bed":2,"minecraft:acacia_planks":68,"minecraft:torch":104},"minecraft:broken":{"minecraft:stone_axe":1,"minecraft:iron_pickaxe":3},"minecraft:dropped":{"minecraft:wheat_seeds":6,"minecraft:orange_tulip":2,"minecraft:cobblestone":2,"minecraft:stick":6,"minecraft:dirt":2,"minecraft:cactus":32,"minecraft:acacia_planks":33,"minecraft:bone":2,"minecraft:birch_sapling":1,"minecraft:chicken":1,"minecraft:poppy":1,"minecraft:shield":1,"minecraft:melon_seeds":6,"minecraft:acacia_sapling":4,"minecraft:oak_sapling":1,"minecraft:spider_eye":1,"minecraft:arrow":2,"minecraft:wooden_pickaxe":1},"minecraft:mined":{"minecraft:stone_pressure_plate":1,"minecraft:white_bed":1,"minecraft:mossy_cobblestone":24,"minecraft:granite":57,"minecraft:acacia_log":15,"minecraft:grass_block":27,"minecraft:kelp":2,"minecraft:sandstone":15,"minecraft:hay_block":51,"minecraft:furnace":9,"minecraft:iron_ore":74,"minecraft:chiseled_sandstone":1,"minecraft:andesite":9,"minecraft:bell":1,"minecraft:stone":562,"minecraft:cut_sandstone":8,"minecraft:acacia_leaves":13,"minecraft:kelp_plant":1,"minecraft:crafting_table":1,"minecraft:torch":12,"minecraft:poppy":1,"minecraft:chest":21,"minecraft:dead_bush":2,"minecraft:tall_grass":1,"minecraft:cobblestone":13,"minecraft:cyan_bed":1,"minecraft:grindstone":1,"minecraft:sugar_cane":9,"minecraft:oak_planks":2,"minecraft:diorite":50,"minecraft:wall_torch":6,"minecraft:cauldron":1,"minecraft:birch_planks":2,"minecraft:cactus":7,"minecraft:orange_tulip":1,"minecraft:tnt":9,"minecraft:white_wall_banner":5,"minecraft:grass_path":17,"minecraft:grass":26,"minecraft:oak_log":64,"minecraft:coal_ore":76,"minecraft:sand":3,"minecraft:dirt":115,"minecraft:cobweb":1,"minecraft:stonecutter":2,"minecraft:oak_leaves":4},"minecraft:picked_up":{"minecraft:crafting_table":1,"minecraft:chicken":5,"minecraft:wooden_pickaxe":3,"minecraft:string":21,"minecraft:beef":15,"minecraft:poppy":4,"minecraft:light_gray_wool":1,"minecraft:minecart":2,"minecraft:chest":25,"minecraft:sugar_cane":17,"minecraft:birch_sapling":3,"minecraft:egg":4,"minecraft:furnace":10,"minecraft:stick":21,"minecraft:sandstone":15,"minecraft:torch":20,"minecraft:acacia_log":17,"minecraft:porkchop":14,"minecraft:diorite":50,"minecraft:stone_pressure_plate":1,"minecraft:cauldron":1,"minecraft:tnt":9,"minecraft:cactus":32,"minecraft:stone_sword":2,"minecraft:arrow":11,"minecraft:rotten_flesh":11,"minecraft:beetroot_seeds":4,"minecraft:hay_block":54,"minecraft:mutton":25,"minecraft:cobblestone":581,"minecraft:white_wool":12,"minecraft:feather":7,"minecraft:andesite":9,"minecraft:cut_sandstone":7,"minecraft:leather":11,"minecraft:dark_oak_boat":3,"minecraft:oak_log":64,"minecraft:dirt":179,"minecraft:white_banner":7,"minecraft:bone":15,"minecraft:apple":2,"minecraft:kelp":4,"minecraft:stonecutter":2,"minecraft:orange_tulip":4,"minecraft:wheat_seeds":7,"minecraft:bell":1,"minecraft:grindstone":1,"minecraft:stone_pickaxe":2,"minecraft:iron_ore":78,"minecraft:acacia_sapling":13,"minecraft:oak_planks":4,"minecraft:cooked_porkchop":1,"minecraft:sand":8,"minecraft:white_bed":1,"minecraft:ink_sac":2,"minecraft:chiseled_sandstone":1,"minecraft:cyan_bed":1,"minecraft:spider_eye":5,"minecraft:mossy_cobblestone":24,"minecraft:pumpkin_seeds":4,"minecraft:stone_axe":2,"minecraft:granite":57,"minecraft:gray_wool":1,"minecraft:oak_sapling":1,"minecraft:melon_seeds":6,"minecraft:black_wool":1,"minecraft:coal":110},"minecraft:killed":{"minecraft:spider":9,"minecraft:skeleton":5,"minecraft:chicken":4,"minecraft:husk":1,"minecraft:pig":7,"minecraft:creeper":1,"minecraft:sheep":15,"minecraft:pillager":9,"minecraft:zombie":10,"minecraft:enderman":1,"minecraft:cow":7},"minecraft:killed_by":{"minecraft:skeleton":2,"minecraft:zombie":1},"minecraft:used":{"minecraft:stone_sword":83,"minecraft:stone_shovel":65,"minecraft:chest":42,"minecraft:shield":67,"minecraft:iron_sword":75,"minecraft:cooked_chicken":2,"minecraft:rotten_flesh":3,"minecraft:torch":52,"minecraft:dirt":123,"minecraft:acacia_sapling":4,"minecraft:iron_axe":57,"minecraft:dark_oak_boat":3,"minecraft:furnace":10,"minecraft:egg":3,"minecraft:cooked_beef":3,"minecraft:cooked_mutton":4,"minecraft:water_bucket":6,"minecraft:diorite":16,"minecraft:stone_pickaxe":29,"minecraft:oak_planks":3,"minecraft:wooden_pickaxe":8,"minecraft:sandstone":10,"minecraft:cut_sandstone":7,"minecraft:white_wool":1,"minecraft:sand":3,"minecraft:crafting_table":5,"minecraft:white_bed":3,"minecraft:apple":3,"minecraft:chiseled_sandstone":1,"minecraft:bread":19,"minecraft:iron_pickaxe":877,"minecraft:stone_axe":92,"minecraft:cobblestone":3,"minecraft:white_banner":6,"minecraft:cooked_porkchop":3,"minecraft:bucket":7,"minecraft:kelp":4},"minecraft:custom":{"minecraft:mob_kills":72,"minecraft:interact_with_crafting_table":42,"minecraft:leave_game":2,"minecraft:time_since_death":135276,"minecraft:sprint_one_cm":307331,"minecraft:walk_one_cm":273344,"minecraft:damage_blocked_by_shield":2180,"minecraft:drop":25,"minecraft:talked_to_villager":2,"minecraft:deaths":4,"minecraft:sneak_time":26604,"minecraft:walk_under_water_one_cm":9505,"minecraft:boat_one_cm":5423,"minecraft:jump":2692,"minecraft:walk_on_water_one_cm":30396,"minecraft:interact_with_furnace":65,"minecraft:play_one_minute":175611,"minecraft:raid_trigger":1,"minecraft:sleep_in_bed":5,"minecraft:time_since_rest":74400,"minecraft:damage_taken":2829,"minecraft:damage_dealt":9846,"minecraft:swim_one_cm":13962,"minecraft:fly_one_cm":563371,"minecraft:open_chest":197,"minecraft:crouch_one_cm":100840,"minecraft:fall_one_cm":71177}},"DataVersion":2586}