{"stats":{"minecraft:killed":{"minecraft:pig":6,"minecraft:salmon":12,"minecraft:spider":1,"minecraft:sheep":5,"minecraft:zombie":1,"minecraft:chicken":4},"minecraft:mined":{"minecraft:dandelion":1,"minecraft:crafting_table":5,"minecraft:grass_block":3,"minecraft:poppy":18,"minecraft:spruce_leaves":9,"minecraft:sugar_cane":9,"minecraft:large_fern":1,"minecraft:sweet_berry_bush":29,"minecraft:spruce_log":28,"minecraft:grass":2,"minecraft:coal_ore":89,"minecraft:dirt":3,"minecraft:stone":16,"minecraft:fern":1},"minecraft:dropped":{"minecraft:poppy":1,"minecraft:dirt":2,"minecraft:spruce_sapling":2,"minecraft:dandelion":3},"minecraft:custom":{"minecraft:mob_kills":28,"minecraft:interact_with_crafting_table":9,"minecraft:play_one_minute":53132,"minecraft:leave_game":2,"minecraft:time_since_death":15223,"minecraft:time_since_rest":15496,"minecraft:sprint_one_cm":105962,"minecraft:damage_taken":1765,"minecraft:walk_one_cm":67177,"minecraft:drop":7,"minecraft:damage_dealt":2070,"minecraft:swim_one_cm":27080,"minecraft:fly_one_cm":138105,"minecraft:crouch_one_cm":19544,"minecraft:deaths":5,"minecraft:sneak_time":6827,"minecraft:walk_under_water_one_cm":7035,"minecraft:boat_one_cm":87379,"minecraft:jump":795,"minecraft:walk_on_water_one_cm":7931,"minecraft:fall_one_cm":29537},"minecraft:killed_by":{"minecraft:skeleton":1,"minecraft:creeper":2,"minecraft:spider":1},"minecraft:used":{"minecraft:stone_pickaxe":91,"minecraft:wooden_pickaxe":16,"minecraft:rotten_flesh":2,"minecraft:dirt":7,"minecraft:crafting_table":6,"minecraft:spruce_boat":4,"minecraft:wooden_axe":24,"minecraft:stone_axe":33,"minecraft:cobblestone":4,"minecraft:sweet_berries":36},"minecraft:picked_up":{"minecraft:wooden_axe":1,"minecraft:crafting_table":5,"minecraft:feather":4,"minecraft:chicken":5,"minecraft:salmon":12,"minecraft:wooden_pickaxe":2,"minecraft:dirt":22,"minecraft:string":1,"minecraft:spruce_planks":34,"minecraft:stone_pickaxe":3,"minecraft:poppy":19,"minecraft:sugar_cane":18,"minecraft:egg":3,"minecraft:stick":4,"minecraft:sweet_berries":71,"minecraft:dandelion":3,"minecraft:porkchop":15,"minecraft:spruce_sapling":3,"minecraft:spruce_log":46,"minecraft:spider_eye":1,"minecraft:rotten_flesh":2,"minecraft:stone_axe":2,"minecraft:spruce_boat":2,"minecraft:bone_meal":1,"minecraft:gray_wool":1,"minecraft:black_wool":1,"minecraft:mutton":10,"minecraft:coal":98,"minecraft:white_wool":3,"minecraft:cobblestone":19},"minecraft:crafted":{"minecraft:crafting_table":5,"minecraft:spruce_planks":72,"minecraft:wooden_pickaxe":2,"minecraft:stone_axe":1,"minecraft:stick":32,"minecraft:stone_pickaxe":1,"minecraft:wooden_axe":3,"minecraft:spruce_boat":3,"minecraft:torch":12}},"DataVersion":2586}