{"stats":{"minecraft:crafted":{"minecraft:acacia_planks":32,"minecraft:crafting_table":1,"minecraft:stick":4,"minecraft:wooden_pickaxe":1},"minecraft:dropped":{"minecraft:dirt":2,"minecraft:wheat_seeds":2},"minecraft:mined":{"minecraft:acacia_leaves":8,"minecraft:acacia_log":8,"minecraft:grass":5,"minecraft:grass_block":1,"minecraft:dirt":6,"minecraft:tall_grass":1,"minecraft:stone":2,"minecraft:poppy":1,"minecraft:cactus":7},"minecraft:picked_up":{"minecraft:stick":4,"minecraft:arrow":2,"minecraft:bone":2,"minecraft:acacia_log":8,"minecraft:wheat_seeds":2,"minecraft:poppy":1,"minecraft:cobblestone":2,"minecraft:cactus":16,"minecraft:acacia_sapling":4,"minecraft:dirt":10,"minecraft:egg":2},"minecraft:killed_by":{"minecraft:skeleton":1},"minecraft:used":{"minecraft:dirt":7,"minecraft:crafting_table":1,"minecraft:wooden_pickaxe":2,"minecraft:egg":2},"minecraft:custom":{"minecraft:time_since_rest":21484,"minecraft:crouch_one_cm":4047,"minecraft:play_one_minute":34381,"minecraft:sprint_one_cm":46304,"minecraft:deaths":1,"minecraft:damage_taken":285,"minecraft:walk_one_cm":26872,"minecraft:sneak_time":1824,"minecraft:drop":3,"minecraft:jump":490,"minecraft:damage_dealt":20,"minecraft:leave_game":1,"minecraft:walk_on_water_one_cm":194,"minecraft:time_since_death":21458,"minecraft:interact_with_crafting_table":1,"minecraft:fall_one_cm":15613,"minecraft:fly_one_cm":110954}},"DataVersion":2586}