{"stats":{"minecraft:used":{"minecraft:stone_sword":83,"minecraft:iron_shovel":72,"minecraft:stone_shovel":65,"minecraft:chest":42,"minecraft:shield":116,"minecraft:iron_sword":360,"minecraft:cooked_chicken":2,"minecraft:rotten_flesh":3,"minecraft:netherrack":66,"minecraft:torch":295,"minecraft:dirt":283,"minecraft:warped_wart_block":1,"minecraft:milk_bucket":1,"minecraft:acacia_sapling":4,"minecraft:dark_oak_planks":20,"minecraft:lava_bucket":2,"minecraft:iron_axe":158,"minecraft:dark_oak_boat":20,"minecraft:soul_soil":1,"minecraft:furnace":16,"minecraft:egg":6,"minecraft:potato":8,"minecraft:cooked_beef":3,"minecraft:acacia_planks":11,"minecraft:cooked_mutton":4,"minecraft:water_bucket":35,"minecraft:diorite":35,"minecraft:stone_pickaxe":29,"minecraft:oak_planks":48,"minecraft:wooden_pickaxe":8,"minecraft:sandstone":10,"minecraft:cut_sandstone":7,"minecraft:cobblestone_slab":24,"minecraft:white_wool":3,"minecraft:salmon":2,"minecraft:sand":3,"minecraft:crafting_table":8,"minecraft:white_bed":4,"minecraft:dark_oak_door":1,"minecraft:apple":3,"minecraft:chiseled_sandstone":4,"minecraft:bread":121,"minecraft:iron_pickaxe":1573,"minecraft:gravel":8,"minecraft:stone_axe":92,"minecraft:cobblestone":38,"minecraft:white_banner":6,"minecraft:cooked_porkchop":11,"minecraft:bucket":39,"minecraft:kelp":4},"minecraft:dropped":{"minecraft:iron_sword":1,"minecraft:wheat_seeds":8,"minecraft:orange_tulip":2,"minecraft:cobblestone":2,"minecraft:grass_block":1,"minecraft:stick":6,"minecraft:dirt":9,"minecraft:iron_pickaxe":1,"minecraft:cactus":32,"minecraft:acacia_planks":33,"minecraft:bone":65,"minecraft:kelp":3,"minecraft:sugar_cane":3,"minecraft:birch_sapling":1,"minecraft:chicken":1,"minecraft:rotten_flesh":4,"minecraft:name_tag":1,"minecraft:poppy":2,"minecraft:potato":1,"minecraft:shield":1,"minecraft:melon_seeds":6,"minecraft:oak_sapling":1,"minecraft:acacia_sapling":6,"minecraft:spider_eye":1,"minecraft:arrow":2,"minecraft:bow":1,"minecraft:beef":1,"minecraft:wooden_pickaxe":1},"minecraft:broken":{"minecraft:stone_axe":1,"minecraft:iron_sword":1,"minecraft:iron_pickaxe":4},"minecraft:picked_up":{"minecraft:iron_chestplate":3,"minecraft:crafting_table":1,"minecraft:chicken":7,"minecraft:suspicious_stew":4,"minecraft:wooden_pickaxe":3,"minecraft:shield":3,"minecraft:soul_soil":7,"minecraft:string":63,"minecraft:iron_axe":4,"minecraft:iron_leggings":3,"minecraft:iron_shovel":1,"minecraft:experience_bottle":2,"minecraft:beef":24,"minecraft:cobblestone_slab":8,"minecraft:iron_pickaxe":5,"minecraft:poppy":29,"minecraft:light_gray_wool":1,"minecraft:minecart":2,"minecraft:sugar_cane":26,"minecraft:chest":25,"minecraft:birch_sapling":3,"minecraft:furnace":10,"minecraft:iron_boots":4,"minecraft:egg":7,"minecraft:dark_oak_door":7,"minecraft:stick":21,"minecraft:sandstone":21,"minecraft:torch":289,"minecraft:acacia_log":49,"minecraft:green_bed":3,"minecraft:porkchop":33,"minecraft:diorite":111,"minecraft:carrot":7,"minecraft:iron_horse_armor":1,"minecraft:cauldron":1,"minecraft:stone_pressure_plate":1,"minecraft:dark_oak_planks":46,"minecraft:tnt":9,"minecraft:stone_sword":2,"minecraft:cactus":32,"minecraft:arrow":27,"minecraft:rotten_flesh":35,"minecraft:beetroot_seeds":4,"minecraft:nether_bricks":3,"minecraft:hay_block":54,"minecraft:saddle":3,"minecraft:blaze_rod":2,"minecraft:mutton":32,"minecraft:bone_block":13,"minecraft:rail":3,"minecraft:white_wool":17,"minecraft:cobblestone":1177,"minecraft:lime_bed":2,"minecraft:feather":7,"minecraft:leather":12,"minecraft:andesite":26,"minecraft:crimson_stem":23,"minecraft:water_bucket":3,"minecraft:salmon":66,"minecraft:dark_oak_boat":20,"minecraft:cut_sandstone":9,"minecraft:golden_leggings":1,"minecraft:potato":9,"minecraft:flint":4,"minecraft:oak_log":70,"minecraft:gunpowder":2,"minecraft:lapis_lazuli":10,"minecraft:dirt":397,"minecraft:paper":20,"minecraft:white_banner":11,"minecraft:name_tag":2,"minecraft:bone":45,"minecraft:acacia_planks":59,"minecraft:apple":3,"minecraft:kelp":7,"minecraft:bow":3,"minecraft:stonecutter":2,"minecraft:wheat_seeds":15,"minecraft:orange_tulip":4,"minecraft:bell":1,"minecraft:grindstone":1,"minecraft:iron_ingot":33,"minecraft:stone_pickaxe":2,"minecraft:iron_ore":122,"minecraft:soul_sand":4,"minecraft:glowstone_dust":100,"minecraft:iron_sword":5,"minecraft:oak_planks":126,"minecraft:acacia_sapling":16,"minecraft:cooked_porkchop":1,"minecraft:warped_wart_block":1,"minecraft:dandelion":24,"minecraft:gravel":24,"minecraft:lava_bucket":1,"minecraft:sand":18,"minecraft:ink_sac":2,"minecraft:white_bed":2,"minecraft:grass_block":1,"minecraft:cyan_bed":4,"minecraft:dark_oak_log":19,"minecraft:chiseled_sandstone":4,"minecraft:spider_eye":6,"minecraft:mossy_cobblestone":24,"minecraft:pumpkin_seeds":4,"minecraft:slime_ball":24,"minecraft:stone_axe":2,"minecraft:iron_helmet":3,"minecraft:granite":79,"minecraft:bone_meal":6,"minecraft:gray_wool":1,"minecraft:warped_roots":3,"minecraft:emerald":18,"minecraft:golden_horse_armor":1,"minecraft:bread":131,"minecraft:netherrack":79,"minecraft:oak_sapling":2,"minecraft:melon_seeds":6,"minecraft:black_wool":1,"minecraft:coal":144,"minecraft:ender_pearl":3},"minecraft:custom":{"minecraft:mob_kills":167,"minecraft:interact_with_crafting_table":73,"minecraft:leave_game":15,"minecraft:time_since_death":1280,"minecraft:climb_one_cm":73,"minecraft:sprint_one_cm":1049580,"minecraft:walk_one_cm":521649,"minecraft:damage_blocked_by_shield":4370,"minecraft:drop":43,"minecraft:talked_to_villager":6,"minecraft:deaths":15,"minecraft:sneak_time":52600,"minecraft:walk_under_water_one_cm":43272,"minecraft:boat_one_cm":422376,"minecraft:jump":9124,"minecraft:interact_with_blast_furnace":1,"minecraft:walk_on_water_one_cm":100875,"minecraft:interact_with_furnace":91,"minecraft:play_one_minute":394340,"minecraft:raid_trigger":1,"minecraft:sleep_in_bed":5,"minecraft:time_since_rest":1341,"minecraft:damage_taken":10263,"minecraft:damage_dealt":23020,"minecraft:swim_one_cm":126902,"minecraft:fly_one_cm":2030747,"minecraft:open_chest":424,"minecraft:crouch_one_cm":187018,"minecraft:fall_one_cm":274906,"minecraft:horse_one_cm":1715},"minecraft:killed_by":{"minecraft:ghast":1,"minecraft:wither_skeleton":1,"minecraft:creeper":2,"minecraft:enderman":1,"minecraft:iron_golem":1,"minecraft:cave_spider":1,"minecraft:skeleton":3,"minecraft:zombie":1},"minecraft:mined":{"minecraft:stone_pressure_plate":1,"minecraft:white_bed":2,"minecraft:mossy_cobblestone":24,"minecraft:dark_oak_log":19,"minecraft:nether_bricks":3,"minecraft:granite":67,"minecraft:acacia_log":48,"minecraft:grass_block":86,"minecraft:soul_soil":2,"minecraft:spruce_leaves":8,"minecraft:kelp":7,"minecraft:spawner":1,"minecraft:sandstone":21,"minecraft:crimson_stem":23,"minecraft:large_fern":1,"minecraft:hay_block":51,"minecraft:glowstone":33,"minecraft:furnace":9,"minecraft:nether_sprouts":2,"minecraft:iron_ore":116,"minecraft:fire":2,"minecraft:chiseled_sandstone":1,"minecraft:andesite":21,"minecraft:bell":1,"minecraft:cobblestone_slab":10,"minecraft:packed_ice":2,"minecraft:stone":969,"minecraft:bone_block":14,"minecraft:white_wool":1,"minecraft:green_bed":1,"minecraft:cut_sandstone":8,"minecraft:acacia_leaves":13,"minecraft:soul_sand":4,"minecraft:kelp_plant":2,"minecraft:soul_fire":3,"minecraft:dandelion":6,"minecraft:torch":24,"minecraft:crafting_table":1,"minecraft:poppy":15,"minecraft:warped_roots":2,"minecraft:chest":21,"minecraft:dead_bush":2,"minecraft:tall_grass":8,"minecraft:glass":1,"minecraft:cobblestone":13,"minecraft:cyan_bed":2,"minecraft:grindstone":1,"minecraft:oak_planks":2,"minecraft:sugar_cane":10,"minecraft:wall_torch":22,"minecraft:diorite":112,"minecraft:cauldron":1,"minecraft:warped_wart_block":1,"minecraft:cactus":7,"minecraft:birch_planks":2,"minecraft:lime_bed":1,"minecraft:dark_oak_door":1,"minecraft:white_wall_banner":6,"minecraft:orange_tulip":1,"minecraft:tnt":9,"minecraft:grass_path":17,"minecraft:grass":61,"minecraft:coal_ore":109,"minecraft:oak_log":70,"minecraft:gravel":14,"minecraft:dirt":244,"minecraft:sand":5,"minecraft:cobweb":28,"minecraft:stonecutter":2,"minecraft:acacia_planks":3,"minecraft:netherrack":81,"minecraft:oak_leaves":4,"minecraft:fern":1},"minecraft:killed":{"minecraft:cave_spider":1,"minecraft:spider":10,"minecraft:skeleton":22,"minecraft:chicken":6,"minecraft:piglin":2,"minecraft:husk":1,"minecraft:pig":15,"minecraft:salmon":23,"minecraft:creeper":1,"minecraft:sheep":19,"minecraft:pillager":11,"minecraft:zombie":24,"minecraft:ghast":1,"minecraft:wither_skeleton":1,"minecraft:enderman":5,"minecraft:blaze":8,"minecraft:cow":11},"minecraft:crafted":{"minecraft:oak_planks":528,"minecraft:cobblestone_slab":18,"minecraft:stone_shovel":1,"minecraft:dark_oak_boat":2,"minecraft:cooked_chicken":2,"minecraft:furnace":6,"minecraft:cooked_mutton":4,"minecraft:green_dye":1,"minecraft:dark_oak_door":3,"minecraft:bow":1,"minecraft:iron_boots":4,"minecraft:iron_axe":5,"minecraft:stone_pickaxe":1,"minecraft:chest":19,"minecraft:dark_oak_planks":100,"minecraft:wheat":486,"minecraft:cooked_beef":3,"minecraft:cooked_porkchop":10,"minecraft:crafting_table":7,"minecraft:wooden_pickaxe":1,"minecraft:iron_helmet":4,"minecraft:iron_sword":5,"minecraft:bucket":5,"minecraft:stone_axe":1,"minecraft:bread":169,"minecraft:air":0,"minecraft:iron_chestplate":4,"minecraft:charcoal":2,"minecraft:shield":6,"minecraft:stick":236,"minecraft:iron_ingot":116,"minecraft:iron_pickaxe":12,"minecraft:stone_sword":1,"minecraft:iron_shovel":2,"minecraft:iron_leggings":4,"minecraft:white_bed":2,"minecraft:acacia_planks":196,"minecraft:torch":348}},"DataVersion":2586}