{"stats":{"minecraft:picked_up":{"minecraft:feather":1,"minecraft:chicken":1,"minecraft:sweet_berries":24,"minecraft:porkchop":5,"minecraft:spruce_sapling":1,"minecraft:spruce_log":11,"minecraft:dirt":7,"minecraft:rotten_flesh":2,"minecraft:cobblestone":11,"minecraft:egg":2},"minecraft:mined":{"minecraft:sweet_berry_bush":12,"minecraft:spruce_log":12,"minecraft:grass":1,"minecraft:grass_block":3,"minecraft:dirt":3,"minecraft:stone":8},"minecraft:killed":{"minecraft:zombie":1,"minecraft:pig":2,"minecraft:chicken":1},"minecraft:custom":{"minecraft:time_since_rest":172,"minecraft:sprint_one_cm":28760,"minecraft:damage_taken":840,"minecraft:walk_one_cm":22595,"minecraft:mob_kills":4,"minecraft:damage_dealt":448,"minecraft:interact_with_crafting_table":1,"minecraft:swim_one_cm":779,"minecraft:fly_one_cm":22904,"minecraft:crouch_one_cm":3430,"minecraft:play_one_minute":17150,"minecraft:deaths":2,"minecraft:sneak_time":1450,"minecraft:walk_under_water_one_cm":118,"minecraft:jump":187,"minecraft:walk_on_water_one_cm":541,"minecraft:time_since_death":140,"minecraft:fall_one_cm":10881},"minecraft:killed_by":{"minecraft:creeper":1},"minecraft:crafted":{"minecraft:crafting_table":1,"minecraft:stick":4,"minecraft:spruce_planks":16,"minecraft:wooden_pickaxe":1,"minecraft:wooden_axe":1},"minecraft:used":{"minecraft:wooden_axe":17,"minecraft:wooden_pickaxe":9,"minecraft:rotten_flesh":2,"minecraft:dirt":7,"minecraft:cobblestone":4,"minecraft:crafting_table":1,"minecraft:sweet_berries":5}},"DataVersion":2586}