{"stats":{"minecraft:crafted":{"minecraft:oak_planks":272,"minecraft:cobblestone_slab":18,"minecraft:stone_shovel":1,"minecraft:dark_oak_boat":2,"minecraft:cooked_chicken":2,"minecraft:furnace":4,"minecraft:cooked_mutton":4,"minecraft:green_dye":1,"minecraft:bow":1,"minecraft:iron_boots":1,"minecraft:iron_axe":1,"minecraft:stone_pickaxe":1,"minecraft:chest":19,"minecraft:dark_oak_planks":24,"minecraft:wheat":486,"minecraft:cooked_beef":3,"minecraft:cooked_porkchop":10,"minecraft:crafting_table":5,"minecraft:wooden_pickaxe":1,"minecraft:iron_helmet":1,"minecraft:iron_sword":1,"minecraft:bucket":2,"minecraft:stone_axe":1,"minecraft:bread":169,"minecraft:air":0,"minecraft:iron_chestplate":1,"minecraft:charcoal":2,"minecraft:shield":3,"minecraft:iron_ingot":64,"minecraft:stick":72,"minecraft:iron_pickaxe":6,"minecraft:stone_sword":1,"minecraft:iron_leggings":1,"minecraft:white_bed":2,"minecraft:acacia_planks":68,"minecraft:torch":104},"minecraft:broken":{"minecraft:stone_axe":1,"minecraft:iron_pickaxe":3},"minecraft:dropped":{"minecraft:wheat_seeds":6,"minecraft:orange_tulip":2,"minecraft:cobblestone":2,"minecraft:stick":6,"minecraft:dirt":2,"minecraft:iron_pickaxe":1,"minecraft:cactus":32,"minecraft:acacia_planks":33,"minecraft:bone":2,"minecraft:birch_sapling":1,"minecraft:chicken":1,"minecraft:poppy":1,"minecraft:shield":1,"minecraft:melon_seeds":6,"minecraft:oak_sapling":1,"minecraft:acacia_sapling":6,"minecraft:spider_eye":1,"minecraft:arrow":2,"minecraft:wooden_pickaxe":1},"minecraft:mined":{"minecraft:stone_pressure_plate":1,"minecraft:white_bed":1,"minecraft:mossy_cobblestone":24,"minecraft:granite":57,"minecraft:acacia_log":48,"minecraft:grass_block":32,"minecraft:kelp":2,"minecraft:sandstone":15,"minecraft:hay_block":51,"minecraft:furnace":9,"minecraft:iron_ore":97,"minecraft:chiseled_sandstone":1,"minecraft:andesite":10,"minecraft:bell":1,"minecraft:cobblestone_slab":10,"minecraft:stone":742,"minecraft:cut_sandstone":8,"minecraft:acacia_leaves":13,"minecraft:kelp_plant":1,"minecraft:crafting_table":1,"minecraft:torch":18,"minecraft:poppy":1,"minecraft:chest":21,"minecraft:dead_bush":2,"minecraft:tall_grass":1,"minecraft:cobblestone":13,"minecraft:cyan_bed":1,"minecraft:grindstone":1,"minecraft:sugar_cane":9,"minecraft:oak_planks":2,"minecraft:diorite":80,"minecraft:wall_torch":12,"minecraft:cauldron":1,"minecraft:birch_planks":2,"minecraft:cactus":7,"minecraft:tnt":9,"minecraft:orange_tulip":1,"minecraft:white_wall_banner":6,"minecraft:grass_path":17,"minecraft:grass":27,"minecraft:oak_log":70,"minecraft:coal_ore":80,"minecraft:sand":3,"minecraft:dirt":139,"minecraft:cobweb":1,"minecraft:stonecutter":2,"minecraft:oak_leaves":4},"minecraft:picked_up":{"minecraft:crafting_table":1,"minecraft:chicken":6,"minecraft:wooden_pickaxe":3,"minecraft:string":21,"minecraft:beef":18,"minecraft:cobblestone_slab":8,"minecraft:poppy":4,"minecraft:iron_pickaxe":1,"minecraft:light_gray_wool":1,"minecraft:minecart":2,"minecraft:sugar_cane":17,"minecraft:chest":25,"minecraft:birch_sapling":3,"minecraft:furnace":10,"minecraft:egg":4,"minecraft:stick":21,"minecraft:sandstone":15,"minecraft:torch":31,"minecraft:acacia_log":49,"minecraft:porkchop":25,"minecraft:diorite":80,"minecraft:stone_pressure_plate":1,"minecraft:cauldron":1,"minecraft:tnt":9,"minecraft:stone_sword":2,"minecraft:arrow":11,"minecraft:cactus":32,"minecraft:rotten_flesh":18,"minecraft:beetroot_seeds":4,"minecraft:hay_block":54,"minecraft:mutton":25,"minecraft:cobblestone":765,"minecraft:white_wool":12,"minecraft:feather":7,"minecraft:andesite":10,"minecraft:dark_oak_boat":3,"minecraft:cut_sandstone":7,"minecraft:leather":12,"minecraft:golden_leggings":1,"minecraft:oak_log":70,"minecraft:dirt":206,"minecraft:white_banner":8,"minecraft:bone":15,"minecraft:apple":3,"minecraft:kelp":4,"minecraft:stonecutter":2,"minecraft:wheat_seeds":7,"minecraft:orange_tulip":4,"minecraft:bell":1,"minecraft:stone_pickaxe":2,"minecraft:grindstone":1,"minecraft:iron_ore":101,"minecraft:acacia_sapling":16,"minecraft:oak_planks":4,"minecraft:cooked_porkchop":1,"minecraft:sand":8,"minecraft:ink_sac":2,"minecraft:white_bed":1,"minecraft:cyan_bed":1,"minecraft:chiseled_sandstone":1,"minecraft:spider_eye":5,"minecraft:mossy_cobblestone":24,"minecraft:pumpkin_seeds":4,"minecraft:stone_axe":2,"minecraft:granite":57,"minecraft:gray_wool":1,"minecraft:oak_sapling":2,"minecraft:melon_seeds":6,"minecraft:black_wool":1,"minecraft:coal":115},"minecraft:killed":{"minecraft:spider":9,"minecraft:skeleton":5,"minecraft:chicken":5,"minecraft:husk":1,"minecraft:pig":11,"minecraft:creeper":1,"minecraft:sheep":15,"minecraft:pillager":9,"minecraft:zombie":16,"minecraft:enderman":1,"minecraft:cow":8},"minecraft:killed_by":{"minecraft:skeleton":2,"minecraft:zombie":1},"minecraft:used":{"minecraft:stone_sword":83,"minecraft:stone_shovel":65,"minecraft:chest":42,"minecraft:shield":67,"minecraft:iron_sword":102,"minecraft:cooked_chicken":2,"minecraft:rotten_flesh":3,"minecraft:torch":79,"minecraft:dirt":136,"minecraft:acacia_sapling":4,"minecraft:milk_bucket":1,"minecraft:lava_bucket":2,"minecraft:iron_axe":103,"minecraft:dark_oak_boat":3,"minecraft:furnace":14,"minecraft:egg":3,"minecraft:cooked_beef":3,"minecraft:cooked_mutton":4,"minecraft:water_bucket":24,"minecraft:diorite":17,"minecraft:stone_pickaxe":29,"minecraft:oak_planks":3,"minecraft:wooden_pickaxe":8,"minecraft:sandstone":10,"minecraft:cut_sandstone":7,"minecraft:cobblestone_slab":24,"minecraft:white_wool":1,"minecraft:sand":3,"minecraft:crafting_table":6,"minecraft:white_bed":3,"minecraft:apple":3,"minecraft:chiseled_sandstone":1,"minecraft:bread":22,"minecraft:iron_pickaxe":1126,"minecraft:stone_axe":92,"minecraft:cobblestone":21,"minecraft:white_banner":6,"minecraft:cooked_porkchop":8,"minecraft:bucket":28,"minecraft:kelp":4},"minecraft:custom":{"minecraft:mob_kills":84,"minecraft:interact_with_crafting_table":46,"minecraft:leave_game":3,"minecraft:time_since_death":159007,"minecraft:sprint_one_cm":362441,"minecraft:walk_one_cm":317256,"minecraft:damage_blocked_by_shield":2180,"minecraft:drop":27,"minecraft:talked_to_villager":2,"minecraft:deaths":4,"minecraft:sneak_time":33945,"minecraft:walk_under_water_one_cm":9779,"minecraft:boat_one_cm":5423,"minecraft:jump":3267,"minecraft:interact_with_blast_furnace":1,"minecraft:walk_on_water_one_cm":31447,"minecraft:interact_with_furnace":71,"minecraft:play_one_minute":199342,"minecraft:raid_trigger":1,"minecraft:sleep_in_bed":5,"minecraft:time_since_rest":98131,"minecraft:damage_taken":3221,"minecraft:damage_dealt":11470,"minecraft:swim_one_cm":16262,"minecraft:fly_one_cm":673403,"minecraft:open_chest":232,"minecraft:crouch_one_cm":131031,"minecraft:fall_one_cm":87485}},"DataVersion":2586}