{"stats":{"minecraft:dropped":{"minecraft:dirt":2,"minecraft:wheat_seeds":1},"minecraft:picked_up":{"minecraft:wheat_seeds":2,"minecraft:dirt":6},"minecraft:mined":{"minecraft:grass":4,"minecraft:grass_block":1,"minecraft:dirt":2},"minecraft:killed_by":{"minecraft:skeleton":1},"minecraft:used":{"minecraft:dirt":1},"minecraft:custom":{"minecraft:jump":223,"minecraft:time_since_rest":9484,"minecraft:damage_taken":220,"minecraft:leave_game":1,"minecraft:play_one_minute":22381,"minecraft:crouch_one_cm":756,"minecraft:sprint_one_cm":19334,"minecraft:time_since_death":9458,"minecraft:walk_one_cm":4551,"minecraft:deaths":1,"minecraft:sneak_time":293,"minecraft:fall_one_cm":7766,"minecraft:drop":2,"minecraft:fly_one_cm":51421}},"DataVersion":2586}