{"stats":{"minecraft:crafted":{"minecraft:cooked_beef":3,"minecraft:oak_planks":64,"minecraft:stone_shovel":1,"minecraft:cooked_porkchop":1,"minecraft:crafting_table":2,"minecraft:cooked_chicken":2,"minecraft:iron_helmet":1,"minecraft:wooden_pickaxe":1,"minecraft:furnace":4,"minecraft:bucket":2,"minecraft:stone_axe":1,"minecraft:cooked_mutton":4,"minecraft:air":0,"minecraft:green_dye":1,"minecraft:iron_boots":1,"minecraft:iron_chestplate":1,"minecraft:charcoal":2,"minecraft:shield":2,"minecraft:stick":8,"minecraft:iron_ingot":46,"minecraft:iron_pickaxe":1,"minecraft:stone_pickaxe":1,"minecraft:stone_sword":1,"minecraft:chest":2,"minecraft:iron_leggings":1,"minecraft:acacia_planks":68,"minecraft:torch":8},"minecraft:dropped":{"minecraft:wheat_seeds":5,"minecraft:birch_sapling":1,"minecraft:chicken":1,"minecraft:cobblestone":2,"minecraft:stick":6,"minecraft:poppy":1,"minecraft:dirt":2,"minecraft:shield":1,"minecraft:acacia_sapling":4,"minecraft:arrow":2,"minecraft:wooden_pickaxe":1,"minecraft:cactus":32,"minecraft:acacia_planks":33,"minecraft:bone":2},"minecraft:mined":{"minecraft:acacia_leaves":13,"minecraft:crafting_table":1,"minecraft:torch":2,"minecraft:acacia_log":15,"minecraft:grass_block":14,"minecraft:poppy":1,"minecraft:chest":7,"minecraft:dead_bush":2,"minecraft:tall_grass":1,"minecraft:cobblestone":2,"minecraft:oak_planks":2,"minecraft:sugar_cane":7,"minecraft:sandstone":5,"minecraft:cauldron":1,"minecraft:hay_block":51,"minecraft:cactus":7,"minecraft:furnace":4,"minecraft:iron_ore":50,"minecraft:andesite":9,"minecraft:grass_path":17,"minecraft:grass":25,"minecraft:coal_ore":20,"minecraft:oak_log":28,"minecraft:sand":3,"minecraft:dirt":66,"minecraft:cobweb":1,"minecraft:stone":105,"minecraft:oak_leaves":3},"minecraft:picked_up":{"minecraft:crafting_table":1,"minecraft:feather":7,"minecraft:chicken":5,"minecraft:andesite":9,"minecraft:leather":5,"minecraft:wooden_pickaxe":3,"minecraft:oak_log":28,"minecraft:dirt":100,"minecraft:string":11,"minecraft:bone":10,"minecraft:apple":1,"minecraft:wheat_seeds":6,"minecraft:beef":7,"minecraft:stone_pickaxe":2,"minecraft:iron_ore":54,"minecraft:poppy":4,"minecraft:minecart":2,"minecraft:sugar_cane":14,"minecraft:chest":9,"minecraft:birch_sapling":3,"minecraft:oak_planks":4,"minecraft:acacia_sapling":13,"minecraft:furnace":5,"minecraft:egg":4,"minecraft:stick":17,"minecraft:sandstone":5,"minecraft:cooked_porkchop":1,"minecraft:torch":4,"minecraft:acacia_log":17,"minecraft:porkchop":7,"minecraft:sand":8,"minecraft:ink_sac":2,"minecraft:spider_eye":1,"minecraft:cauldron":1,"minecraft:arrow":9,"minecraft:stone_sword":2,"minecraft:pumpkin_seeds":4,"minecraft:cactus":32,"minecraft:rotten_flesh":3,"minecraft:stone_axe":2,"minecraft:beetroot_seeds":4,"minecraft:hay_block":54,"minecraft:mutton":10,"minecraft:coal":26,"minecraft:white_wool":5,"minecraft:cobblestone":114},"minecraft:killed":{"minecraft:pig":4,"minecraft:spider":4,"minecraft:sheep":5,"minecraft:skeleton":2,"minecraft:zombie":4,"minecraft:chicken":4,"minecraft:cow":3},"minecraft:killed_by":{"minecraft:skeleton":2,"minecraft:zombie":1},"minecraft:used":{"minecraft:stone_sword":57,"minecraft:stone_pickaxe":29,"minecraft:stone_shovel":55,"minecraft:oak_planks":3,"minecraft:chest":11,"minecraft:wooden_pickaxe":8,"minecraft:cooked_chicken":2,"minecraft:rotten_flesh":3,"minecraft:torch":9,"minecraft:sand":3,"minecraft:dirt":16,"minecraft:crafting_table":3,"minecraft:acacia_sapling":4,"minecraft:apple":1,"minecraft:iron_pickaxe":159,"minecraft:stone_axe":70,"minecraft:cobblestone":2,"minecraft:furnace":7,"minecraft:cooked_porkchop":2,"minecraft:egg":3,"minecraft:cooked_beef":3},"minecraft:custom":{"minecraft:interact_with_furnace":51,"minecraft:mob_kills":27,"minecraft:interact_with_crafting_table":16,"minecraft:play_one_minute":97611,"minecraft:leave_game":2,"minecraft:time_since_death":57276,"minecraft:sleep_in_bed":2,"minecraft:time_since_rest":10473,"minecraft:sprint_one_cm":138567,"minecraft:damage_taken":1658,"minecraft:walk_one_cm":131980,"minecraft:drop":20,"minecraft:damage_dealt":3213,"minecraft:talked_to_villager":2,"minecraft:swim_one_cm":13151,"minecraft:fly_one_cm":300924,"minecraft:open_chest":23,"minecraft:crouch_one_cm":34371,"minecraft:deaths":4,"minecraft:sneak_time":10722,"minecraft:walk_under_water_one_cm":9415,"minecraft:jump":1421,"minecraft:walk_on_water_one_cm":26681,"minecraft:fall_one_cm":35553}},"DataVersion":2586}