{"stats":{"minecraft:used":{"minecraft:stone_sword":83,"minecraft:iron_shovel":72,"minecraft:stone_shovel":65,"minecraft:bone_block":1,"minecraft:chest":48,"minecraft:shield":119,"minecraft:iron_sword":371,"minecraft:cooked_chicken":2,"minecraft:rotten_flesh":3,"minecraft:netherrack":75,"minecraft:torch":295,"minecraft:dirt":293,"minecraft:warped_wart_block":1,"minecraft:milk_bucket":1,"minecraft:acacia_sapling":4,"minecraft:dark_oak_planks":20,"minecraft:lava_bucket":2,"minecraft:iron_axe":164,"minecraft:basalt":1,"minecraft:dark_oak_boat":21,"minecraft:soul_soil":1,"minecraft:furnace":16,"minecraft:egg":6,"minecraft:potato":8,"minecraft:cooked_beef":3,"minecraft:acacia_planks":11,"minecraft:cooked_mutton":7,"minecraft:water_bucket":35,"minecraft:diorite":35,"minecraft:stone_pickaxe":29,"minecraft:oak_planks":48,"minecraft:wooden_pickaxe":8,"minecraft:sandstone":10,"minecraft:cut_sandstone":7,"minecraft:cobblestone_slab":24,"minecraft:white_wool":3,"minecraft:salmon":2,"minecraft:sand":3,"minecraft:crafting_table":8,"minecraft:white_bed":4,"minecraft:dark_oak_door":1,"minecraft:apple":3,"minecraft:chiseled_sandstone":4,"minecraft:bread":121,"minecraft:iron_pickaxe":1631,"minecraft:gravel":8,"minecraft:stone_axe":92,"minecraft:cobblestone":38,"minecraft:white_banner":6,"minecraft:cooked_porkchop":11,"minecraft:bucket":41,"minecraft:kelp":4},"minecraft:dropped":{"minecraft:iron_sword":1,"minecraft:wheat_seeds":8,"minecraft:orange_tulip":2,"minecraft:cobblestone":2,"minecraft:grass_block":1,"minecraft:stick":6,"minecraft:dirt":9,"minecraft:iron_pickaxe":1,"minecraft:cactus":32,"minecraft:acacia_planks":33,"minecraft:bone":65,"minecraft:kelp":3,"minecraft:sugar_cane":3,"minecraft:birch_sapling":1,"minecraft:chicken":1,"minecraft:rotten_flesh":4,"minecraft:name_tag":1,"minecraft:poppy":2,"minecraft:potato":1,"minecraft:shield":1,"minecraft:melon_seeds":6,"minecraft:oak_sapling":1,"minecraft:acacia_sapling":6,"minecraft:spider_eye":1,"minecraft:arrow":2,"minecraft:bow":1,"minecraft:beef":1,"minecraft:wooden_pickaxe":1},"minecraft:broken":{"minecraft:stone_axe":1,"minecraft:iron_sword":1,"minecraft:iron_pickaxe":4},"minecraft:picked_up":{"minecraft:iron_chestplate":3,"minecraft:crafting_table":1,"minecraft:chicken":7,"minecraft:suspicious_stew":6,"minecraft:wooden_pickaxe":3,"minecraft:enchanted_book":1,"minecraft:shield":4,"minecraft:string":67,"minecraft:soul_soil":7,"minecraft:iron_axe":4,"minecraft:iron_leggings":4,"minecraft:iron_shovel":1,"minecraft:experience_bottle":3,"minecraft:beef":24,"minecraft:cobblestone_slab":8,"minecraft:iron_pickaxe":5,"minecraft:poppy":29,"minecraft:light_gray_wool":1,"minecraft:minecart":2,"minecraft:sugar_cane":26,"minecraft:chest":31,"minecraft:birch_sapling":3,"minecraft:furnace":10,"minecraft:iron_boots":4,"minecraft:egg":7,"minecraft:dark_oak_door":10,"minecraft:stick":21,"minecraft:sandstone":21,"minecraft:torch":291,"minecraft:acacia_log":49,"minecraft:green_bed":4,"minecraft:porkchop":33,"minecraft:diorite":111,"minecraft:carrot":14,"minecraft:iron_horse_armor":1,"minecraft:cauldron":1,"minecraft:stone_pressure_plate":1,"minecraft:dark_oak_planks":46,"minecraft:tnt":9,"minecraft:stone_sword":2,"minecraft:cactus":32,"minecraft:arrow":30,"minecraft:rotten_flesh":39,"minecraft:beetroot_seeds":4,"minecraft:nether_bricks":3,"minecraft:hay_block":54,"minecraft:saddle":4,"minecraft:blaze_rod":2,"minecraft:mutton":32,"minecraft:bone_block":36,"minecraft:rail":3,"minecraft:white_wool":17,"minecraft:cobblestone":1181,"minecraft:lime_bed":3,"minecraft:basalt":1,"minecraft:feather":7,"minecraft:leather":12,"minecraft:andesite":26,"minecraft:crimson_stem":23,"minecraft:water_bucket":3,"minecraft:salmon":86,"minecraft:golden_leggings":2,"minecraft:cut_sandstone":9,"minecraft:dark_oak_boat":21,"minecraft:potato":10,"minecraft:flint":4,"minecraft:oak_log":70,"minecraft:gunpowder":2,"minecraft:lapis_lazuli":15,"minecraft:dirt":416,"minecraft:paper":30,"minecraft:white_banner":12,"minecraft:name_tag":2,"minecraft:bone":52,"minecraft:acacia_planks":59,"minecraft:apple":3,"minecraft:kelp":7,"minecraft:bow":5,"minecraft:stonecutter":2,"minecraft:wheat_seeds":17,"minecraft:orange_tulip":4,"minecraft:bell":1,"minecraft:grindstone":1,"minecraft:iron_ingot":33,"minecraft:stone_pickaxe":2,"minecraft:iron_ore":122,"minecraft:glowstone_dust":100,"minecraft:oak_planks":126,"minecraft:iron_sword":5,"minecraft:acacia_sapling":16,"minecraft:soul_sand":4,"minecraft:cooked_porkchop":1,"minecraft:warped_wart_block":1,"minecraft:dandelion":32,"minecraft:gravel":24,"minecraft:lava_bucket":1,"minecraft:sand":18,"minecraft:ink_sac":2,"minecraft:white_bed":2,"minecraft:grass_block":1,"minecraft:cyan_bed":5,"minecraft:dark_oak_log":19,"minecraft:chiseled_sandstone":4,"minecraft:spider_eye":6,"minecraft:mossy_cobblestone":24,"minecraft:pumpkin_seeds":4,"minecraft:slime_ball":36,"minecraft:stone_axe":2,"minecraft:iron_helmet":3,"minecraft:granite":79,"minecraft:bone_meal":8,"minecraft:gray_wool":1,"minecraft:warped_roots":3,"minecraft:emerald":27,"minecraft:golden_horse_armor":1,"minecraft:bread":131,"minecraft:netherrack":104,"minecraft:oak_sapling":2,"minecraft:melon_seeds":6,"minecraft:black_wool":1,"minecraft:coal":144,"minecraft:ender_pearl":3},"minecraft:custom":{"minecraft:mob_kills":169,"minecraft:interact_with_crafting_table":74,"minecraft:leave_game":15,"minecraft:time_since_death":12459,"minecraft:climb_one_cm":73,"minecraft:sprint_one_cm":1077312,"minecraft:walk_one_cm":536314,"minecraft:damage_blocked_by_shield":4490,"minecraft:drop":43,"minecraft:talked_to_villager":6,"minecraft:deaths":15,"minecraft:sneak_time":54447,"minecraft:walk_under_water_one_cm":43272,"minecraft:boat_one_cm":422376,"minecraft:jump":9421,"minecraft:interact_with_blast_furnace":1,"minecraft:walk_on_water_one_cm":100875,"minecraft:interact_with_furnace":108,"minecraft:play_one_minute":405519,"minecraft:raid_trigger":1,"minecraft:sleep_in_bed":5,"minecraft:time_since_rest":12520,"minecraft:damage_taken":10428,"minecraft:damage_dealt":23620,"minecraft:swim_one_cm":126902,"minecraft:fly_one_cm":2075959,"minecraft:open_chest":455,"minecraft:crouch_one_cm":192091,"minecraft:fall_one_cm":283534,"minecraft:horse_one_cm":1715},"minecraft:killed_by":{"minecraft:ghast":1,"minecraft:wither_skeleton":1,"minecraft:creeper":2,"minecraft:enderman":1,"minecraft:iron_golem":1,"minecraft:cave_spider":1,"minecraft:skeleton":3,"minecraft:zombie":1},"minecraft:mined":{"minecraft:stone_pressure_plate":1,"minecraft:white_bed":2,"minecraft:mossy_cobblestone":24,"minecraft:dark_oak_log":19,"minecraft:nether_bricks":3,"minecraft:granite":67,"minecraft:acacia_log":48,"minecraft:grass_block":88,"minecraft:soul_soil":2,"minecraft:spruce_leaves":8,"minecraft:kelp":7,"minecraft:spawner":1,"minecraft:sandstone":21,"minecraft:crimson_stem":23,"minecraft:large_fern":1,"minecraft:hay_block":51,"minecraft:glowstone":33,"minecraft:furnace":9,"minecraft:nether_sprouts":2,"minecraft:iron_ore":116,"minecraft:fire":3,"minecraft:chiseled_sandstone":1,"minecraft:andesite":21,"minecraft:bell":1,"minecraft:cobblestone_slab":10,"minecraft:packed_ice":2,"minecraft:stone":973,"minecraft:bone_block":39,"minecraft:white_wool":1,"minecraft:green_bed":1,"minecraft:cut_sandstone":8,"minecraft:acacia_leaves":13,"minecraft:soul_sand":4,"minecraft:kelp_plant":2,"minecraft:soul_fire":3,"minecraft:basalt":1,"minecraft:dandelion":6,"minecraft:torch":24,"minecraft:crafting_table":1,"minecraft:poppy":15,"minecraft:warped_roots":2,"minecraft:chest":27,"minecraft:dead_bush":3,"minecraft:tall_grass":8,"minecraft:glass":1,"minecraft:cobblestone":13,"minecraft:cyan_bed":2,"minecraft:oak_planks":2,"minecraft:grindstone":1,"minecraft:sugar_cane":10,"minecraft:wall_torch":23,"minecraft:diorite":112,"minecraft:cauldron":1,"minecraft:warped_wart_block":1,"minecraft:cactus":7,"minecraft:birch_planks":2,"minecraft:lime_bed":1,"minecraft:dark_oak_door":1,"minecraft:white_wall_banner":6,"minecraft:grass_path":17,"minecraft:orange_tulip":1,"minecraft:tnt":9,"minecraft:grass":61,"minecraft:coal_ore":109,"minecraft:oak_log":70,"minecraft:gravel":14,"minecraft:dirt":247,"minecraft:sand":5,"minecraft:cobweb":28,"minecraft:stonecutter":2,"minecraft:acacia_planks":3,"minecraft:netherrack":108,"minecraft:oak_leaves":4,"minecraft:fern":1},"minecraft:killed":{"minecraft:cave_spider":1,"minecraft:spider":10,"minecraft:skeleton":23,"minecraft:chicken":6,"minecraft:piglin":2,"minecraft:husk":1,"minecraft:pig":15,"minecraft:salmon":23,"minecraft:creeper":1,"minecraft:sheep":19,"minecraft:pillager":11,"minecraft:zombie":24,"minecraft:ghast":1,"minecraft:wither_skeleton":1,"minecraft:enderman":6,"minecraft:blaze":8,"minecraft:cow":11},"minecraft:crafted":{"minecraft:oak_planks":528,"minecraft:cobblestone_slab":18,"minecraft:stone_shovel":1,"minecraft:dark_oak_boat":2,"minecraft:cooked_chicken":2,"minecraft:furnace":6,"minecraft:cooked_mutton":17,"minecraft:green_dye":1,"minecraft:dark_oak_door":3,"minecraft:bow":1,"minecraft:iron_boots":4,"minecraft:iron_axe":5,"minecraft:stone_pickaxe":1,"minecraft:chest":19,"minecraft:dark_oak_planks":100,"minecraft:wheat":486,"minecraft:cooked_beef":3,"minecraft:cooked_porkchop":29,"minecraft:crafting_table":7,"minecraft:wooden_pickaxe":1,"minecraft:iron_helmet":4,"minecraft:iron_sword":5,"minecraft:bucket":5,"minecraft:stone_axe":1,"minecraft:air":0,"minecraft:bread":169,"minecraft:iron_chestplate":4,"minecraft:charcoal":2,"minecraft:shield":6,"minecraft:stick":236,"minecraft:iron_ingot":116,"minecraft:iron_pickaxe":12,"minecraft:stone_sword":1,"minecraft:iron_shovel":2,"minecraft:iron_leggings":4,"minecraft:white_bed":2,"minecraft:acacia_planks":196,"minecraft:torch":348}},"DataVersion":2586}