{"stats":{"minecraft:picked_up":{"minecraft:wooden_axe":1,"minecraft:crafting_table":3,"minecraft:feather":4,"minecraft:chicken":5,"minecraft:sweet_berries":69,"minecraft:salmon":12,"minecraft:wooden_pickaxe":1,"minecraft:dandelion":3,"minecraft:porkchop":15,"minecraft:spruce_sapling":3,"minecraft:spruce_log":22,"minecraft:dirt":9,"minecraft:rotten_flesh":2,"minecraft:stone_axe":1,"minecraft:spruce_planks":23,"minecraft:stone_pickaxe":1,"minecraft:bone_meal":1,"minecraft:gray_wool":1,"minecraft:poppy":18,"minecraft:black_wool":1,"minecraft:sugar_cane":14,"minecraft:mutton":10,"minecraft:coal":89,"minecraft:white_wool":3,"minecraft:cobblestone":19,"minecraft:egg":3},"minecraft:mined":{"minecraft:large_fern":1,"minecraft:sweet_berry_bush":27,"minecraft:spruce_log":22,"minecraft:dandelion":1,"minecraft:crafting_table":3,"minecraft:grass":2,"minecraft:grass_block":3,"minecraft:coal_ore":89,"minecraft:poppy":18,"minecraft:dirt":3,"minecraft:spruce_leaves":9,"minecraft:stone":16,"minecraft:sugar_cane":8,"minecraft:fern":1},"minecraft:killed":{"minecraft:sheep":5,"minecraft:zombie":1,"minecraft:pig":6,"minecraft:chicken":4,"minecraft:salmon":12},"minecraft:custom":{"minecraft:time_since_rest":3514,"minecraft:sprint_one_cm":88674,"minecraft:damage_taken":1705,"minecraft:walk_one_cm":57869,"minecraft:mob_kills":28,"minecraft:drop":6,"minecraft:damage_dealt":1950,"minecraft:interact_with_crafting_table":6,"minecraft:swim_one_cm":25690,"minecraft:fly_one_cm":112747,"minecraft:crouch_one_cm":17366,"minecraft:play_one_minute":41150,"minecraft:deaths":5,"minecraft:sneak_time":6331,"minecraft:walk_under_water_one_cm":7009,"minecraft:boat_one_cm":74121,"minecraft:jump":649,"minecraft:walk_on_water_one_cm":7066,"minecraft:time_since_death":3241,"minecraft:fall_one_cm":24328},"minecraft:killed_by":{"minecraft:skeleton":1,"minecraft:creeper":2,"minecraft:spider":1},"minecraft:crafted":{"minecraft:crafting_table":4,"minecraft:stick":28,"minecraft:spruce_planks":60,"minecraft:wooden_pickaxe":2,"minecraft:stone_pickaxe":1,"minecraft:wooden_axe":2,"minecraft:spruce_boat":2,"minecraft:torch":12,"minecraft:stone_axe":1},"minecraft:dropped":{"minecraft:dirt":2,"minecraft:spruce_sapling":2,"minecraft:dandelion":3},"minecraft:used":{"minecraft:spruce_boat":2,"minecraft:wooden_axe":18,"minecraft:stone_pickaxe":91,"minecraft:wooden_pickaxe":16,"minecraft:rotten_flesh":2,"minecraft:stone_axe":33,"minecraft:dirt":7,"minecraft:cobblestone":4,"minecraft:crafting_table":5,"minecraft:sweet_berries":24}},"DataVersion":2586}