{"stats":{"minecraft:used":{"minecraft:stone_sword":83,"minecraft:iron_shovel":63,"minecraft:stone_shovel":65,"minecraft:chest":42,"minecraft:shield":97,"minecraft:iron_sword":232,"minecraft:cooked_chicken":2,"minecraft:rotten_flesh":3,"minecraft:torch":224,"minecraft:dirt":223,"minecraft:acacia_sapling":4,"minecraft:milk_bucket":1,"minecraft:lava_bucket":2,"minecraft:iron_axe":108,"minecraft:dark_oak_boat":4,"minecraft:furnace":16,"minecraft:egg":3,"minecraft:cooked_beef":3,"minecraft:acacia_planks":11,"minecraft:cooked_mutton":4,"minecraft:water_bucket":32,"minecraft:diorite":35,"minecraft:stone_pickaxe":29,"minecraft:oak_planks":3,"minecraft:wooden_pickaxe":8,"minecraft:sandstone":10,"minecraft:cut_sandstone":7,"minecraft:cobblestone_slab":24,"minecraft:white_wool":3,"minecraft:sand":3,"minecraft:crafting_table":7,"minecraft:white_bed":3,"minecraft:apple":3,"minecraft:chiseled_sandstone":1,"minecraft:bread":56,"minecraft:iron_pickaxe":1465,"minecraft:gravel":8,"minecraft:stone_axe":92,"minecraft:cobblestone":28,"minecraft:white_banner":6,"minecraft:cooked_porkchop":11,"minecraft:bucket":36,"minecraft:kelp":4},"minecraft:dropped":{"minecraft:iron_sword":1,"minecraft:wheat_seeds":7,"minecraft:orange_tulip":2,"minecraft:cobblestone":2,"minecraft:stick":6,"minecraft:dirt":2,"minecraft:iron_pickaxe":1,"minecraft:cactus":32,"minecraft:acacia_planks":33,"minecraft:bone":2,"minecraft:birch_sapling":1,"minecraft:chicken":1,"minecraft:poppy":2,"minecraft:shield":1,"minecraft:melon_seeds":6,"minecraft:acacia_sapling":6,"minecraft:oak_sapling":1,"minecraft:spider_eye":1,"minecraft:arrow":2,"minecraft:wooden_pickaxe":1},"minecraft:broken":{"minecraft:stone_axe":1,"minecraft:iron_sword":1,"minecraft:iron_pickaxe":4},"minecraft:picked_up":{"minecraft:crafting_table":1,"minecraft:iron_chestplate":1,"minecraft:chicken":7,"minecraft:wooden_pickaxe":3,"minecraft:shield":1,"minecraft:string":51,"minecraft:iron_axe":1,"minecraft:iron_leggings":1,"minecraft:iron_shovel":1,"minecraft:beef":23,"minecraft:cobblestone_slab":8,"minecraft:poppy":5,"minecraft:iron_pickaxe":2,"minecraft:light_gray_wool":1,"minecraft:minecart":2,"minecraft:sugar_cane":17,"minecraft:chest":25,"minecraft:birch_sapling":3,"minecraft:furnace":10,"minecraft:iron_boots":1,"minecraft:egg":4,"minecraft:stick":21,"minecraft:sandstone":15,"minecraft:torch":141,"minecraft:acacia_log":49,"minecraft:porkchop":33,"minecraft:diorite":111,"minecraft:stone_pressure_plate":1,"minecraft:cauldron":1,"minecraft:tnt":9,"minecraft:stone_sword":2,"minecraft:arrow":20,"minecraft:cactus":32,"minecraft:rotten_flesh":23,"minecraft:beetroot_seeds":4,"minecraft:hay_block":54,"minecraft:mutton":32,"minecraft:rail":3,"minecraft:white_wool":17,"minecraft:cobblestone":1052,"minecraft:feather":7,"minecraft:water_bucket":1,"minecraft:andesite":21,"minecraft:dark_oak_boat":4,"minecraft:cut_sandstone":7,"minecraft:leather":12,"minecraft:golden_leggings":1,"minecraft:flint":4,"minecraft:oak_log":70,"minecraft:gunpowder":2,"minecraft:dirt":296,"minecraft:white_banner":8,"minecraft:bone":26,"minecraft:acacia_planks":59,"minecraft:apple":3,"minecraft:bow":1,"minecraft:kelp":4,"minecraft:stonecutter":2,"minecraft:wheat_seeds":8,"minecraft:orange_tulip":4,"minecraft:bell":1,"minecraft:grindstone":1,"minecraft:stone_pickaxe":2,"minecraft:iron_ore":120,"minecraft:acacia_sapling":16,"minecraft:iron_sword":2,"minecraft:oak_planks":4,"minecraft:cooked_porkchop":1,"minecraft:gravel":24,"minecraft:lava_bucket":1,"minecraft:sand":10,"minecraft:ink_sac":2,"minecraft:white_bed":1,"minecraft:cyan_bed":1,"minecraft:chiseled_sandstone":1,"minecraft:spider_eye":6,"minecraft:mossy_cobblestone":24,"minecraft:pumpkin_seeds":4,"minecraft:stone_axe":2,"minecraft:iron_helmet":1,"minecraft:granite":67,"minecraft:gray_wool":1,"minecraft:bread":38,"minecraft:oak_sapling":2,"minecraft:melon_seeds":6,"minecraft:black_wool":1,"minecraft:coal":144,"minecraft:ender_pearl":1},"minecraft:custom":{"minecraft:mob_kills":115,"minecraft:interact_with_crafting_table":59,"minecraft:leave_game":8,"minecraft:time_since_death":21893,"minecraft:sprint_one_cm":640795,"minecraft:walk_one_cm":401371,"minecraft:damage_blocked_by_shield":3460,"minecraft:drop":30,"minecraft:talked_to_villager":5,"minecraft:deaths":6,"minecraft:sneak_time":43367,"minecraft:walk_under_water_one_cm":13120,"minecraft:boat_one_cm":5423,"minecraft:jump":5268,"minecraft:interact_with_blast_furnace":1,"minecraft:walk_on_water_one_cm":65171,"minecraft:interact_with_furnace":80,"minecraft:play_one_minute":272482,"minecraft:raid_trigger":1,"minecraft:sleep_in_bed":5,"minecraft:time_since_rest":21982,"minecraft:damage_taken":5293,"minecraft:damage_dealt":16498,"minecraft:swim_one_cm":29746,"minecraft:fly_one_cm":1088596,"minecraft:open_chest":322,"minecraft:crouch_one_cm":157845,"minecraft:fall_one_cm":144365},"minecraft:killed_by":{"minecraft:creeper":1,"minecraft:cave_spider":1,"minecraft:skeleton":2,"minecraft:zombie":1},"minecraft:mined":{"minecraft:stone_pressure_plate":1,"minecraft:white_bed":1,"minecraft:mossy_cobblestone":24,"minecraft:granite":67,"minecraft:acacia_log":48,"minecraft:grass_block":66,"minecraft:kelp":2,"minecraft:sandstone":15,"minecraft:spawner":1,"minecraft:hay_block":51,"minecraft:furnace":9,"minecraft:iron_ore":116,"minecraft:chiseled_sandstone":1,"minecraft:andesite":21,"minecraft:bell":1,"minecraft:cobblestone_slab":10,"minecraft:stone":969,"minecraft:white_wool":1,"minecraft:cut_sandstone":8,"minecraft:acacia_leaves":13,"minecraft:kelp_plant":1,"minecraft:crafting_table":1,"minecraft:torch":20,"minecraft:poppy":1,"minecraft:chest":21,"minecraft:dead_bush":2,"minecraft:tall_grass":4,"minecraft:cobblestone":13,"minecraft:cyan_bed":1,"minecraft:grindstone":1,"minecraft:oak_planks":2,"minecraft:sugar_cane":9,"minecraft:diorite":112,"minecraft:wall_torch":19,"minecraft:cauldron":1,"minecraft:birch_planks":2,"minecraft:cactus":7,"minecraft:orange_tulip":1,"minecraft:tnt":9,"minecraft:white_wall_banner":6,"minecraft:grass_path":17,"minecraft:grass":50,"minecraft:oak_log":70,"minecraft:coal_ore":109,"minecraft:gravel":14,"minecraft:dirt":201,"minecraft:sand":5,"minecraft:cobweb":28,"minecraft:acacia_planks":3,"minecraft:stonecutter":2,"minecraft:oak_leaves":4},"minecraft:killed":{"minecraft:cave_spider":1,"minecraft:spider":10,"minecraft:skeleton":15,"minecraft:chicken":6,"minecraft:husk":1,"minecraft:pig":15,"minecraft:creeper":1,"minecraft:sheep":19,"minecraft:pillager":10,"minecraft:zombie":21,"minecraft:enderman":2,"minecraft:cow":10},"minecraft:crafted":{"minecraft:oak_planks":528,"minecraft:cobblestone_slab":18,"minecraft:stone_shovel":1,"minecraft:dark_oak_boat":2,"minecraft:cooked_chicken":2,"minecraft:furnace":6,"minecraft:cooked_mutton":4,"minecraft:green_dye":1,"minecraft:bow":1,"minecraft:iron_boots":1,"minecraft:iron_axe":2,"minecraft:stone_pickaxe":1,"minecraft:chest":19,"minecraft:dark_oak_planks":24,"minecraft:wheat":486,"minecraft:cooked_beef":3,"minecraft:cooked_porkchop":10,"minecraft:crafting_table":6,"minecraft:wooden_pickaxe":1,"minecraft:iron_helmet":1,"minecraft:iron_sword":2,"minecraft:bucket":2,"minecraft:stone_axe":1,"minecraft:bread":169,"minecraft:air":0,"minecraft:iron_chestplate":1,"minecraft:charcoal":2,"minecraft:shield":3,"minecraft:stick":236,"minecraft:iron_ingot":112,"minecraft:iron_pickaxe":9,"minecraft:stone_sword":1,"minecraft:iron_shovel":2,"minecraft:iron_leggings":1,"minecraft:white_bed":2,"minecraft:acacia_planks":196,"minecraft:torch":268}},"DataVersion":2586}