{"stats":{"minecraft:killed":{"minecraft:cave_spider":1,"minecraft:zombified_piglin":1,"minecraft:spider":13,"minecraft:skeleton":45,"minecraft:chicken":6,"minecraft:piglin_brute":4,"minecraft:skeleton_horse":1,"minecraft:piglin":4,"minecraft:pig":19,"minecraft:salmon":23,"minecraft:iron_golem":1,"minecraft:creeper":1,"minecraft:sheep":19,"minecraft:pillager":11,"minecraft:zombie":48,"minecraft:ghast":4,"minecraft:blaze":22,"minecraft:cow":13,"minecraft:drowned":2,"minecraft:husk":1,"minecraft:hoglin":1,"minecraft:wither_skeleton":1,"minecraft:enderman":9},"minecraft:used":{"minecraft:nether_brick_fence":1,"minecraft:iron_shovel":179,"minecraft:bone_block":8,"minecraft:chest":53,"minecraft:shield":145,"minecraft:iron_sword":371,"minecraft:stone":230,"minecraft:rotten_flesh":3,"minecraft:soul_sand":24,"minecraft:acacia_sapling":4,"minecraft:obsidian":12,"minecraft:milk_bucket":1,"minecraft:lava_bucket":5,"minecraft:crimson_roots":1,"minecraft:bow":12,"minecraft:dark_oak_boat":25,"minecraft:furnace":16,"minecraft:egg":6,"minecraft:potato":8,"minecraft:diorite":44,"minecraft:stone_pickaxe":159,"minecraft:oak_planks":71,"minecraft:wooden_pickaxe":8,"minecraft:sandstone":11,"minecraft:diamond_axe":28,"minecraft:white_wool":3,"minecraft:sand":3,"minecraft:chiseled_sandstone":4,"minecraft:bread":248,"minecraft:gravel":11,"minecraft:diamond_sword":286,"minecraft:andesite":17,"minecraft:oak_boat":7,"minecraft:oak_fence":2,"minecraft:enchanting_table":3,"minecraft:stone_sword":87,"minecraft:stone_shovel":131,"minecraft:cooked_chicken":2,"minecraft:netherrack":368,"minecraft:torch":326,"minecraft:dirt":494,"minecraft:warped_wart_block":1,"minecraft:granite":15,"minecraft:dark_oak_planks":20,"minecraft:iron_axe":164,"minecraft:oak_stairs":1,"minecraft:crimson_planks":14,"minecraft:basalt":1,"minecraft:beef":2,"minecraft:soul_soil":79,"minecraft:cooked_beef":3,"minecraft:acacia_planks":11,"minecraft:cooked_mutton":7,"minecraft:acacia_boat":3,"minecraft:water_bucket":54,"minecraft:baked_potato":7,"minecraft:cut_sandstone":7,"minecraft:cobblestone_slab":24,"minecraft:salmon":2,"minecraft:oak_slab":1,"minecraft:crafting_table":12,"minecraft:white_bed":5,"minecraft:dark_oak_door":1,"minecraft:diamond_pickaxe":1037,"minecraft:apple":3,"minecraft:diamond_shovel":68,"minecraft:iron_pickaxe":1859,"minecraft:stone_axe":140,"minecraft:cobblestone":212,"minecraft:porkchop":2,"minecraft:white_banner":6,"minecraft:cooked_porkchop":11,"minecraft:bucket":67,"minecraft:kelp":4},"minecraft:mined":{"minecraft:stone_pressure_plate":1,"minecraft:white_bed":2,"minecraft:brewing_stand":1,"minecraft:obsidian":12,"minecraft:granite":151,"minecraft:acacia_log":48,"minecraft:grass_block":120,"minecraft:soul_soil":108,"minecraft:spawner":1,"minecraft:magma_block":25,"minecraft:glowstone":33,"minecraft:iron_ore":128,"minecraft:fire":20,"minecraft:pumpkin":5,"minecraft:fletching_table":1,"minecraft:enchanting_table":2,"minecraft:green_bed":1,"minecraft:orange_bed":1,"minecraft:cut_sandstone":8,"minecraft:kelp_plant":3,"minecraft:soul_fire":5,"minecraft:torch":27,"minecraft:poppy":16,"minecraft:chest":28,"minecraft:dead_bush":5,"minecraft:glass":1,"minecraft:nether_quartz_ore":6,"minecraft:cobblestone":17,"minecraft:cyan_bed":2,"minecraft:grindstone":2,"minecraft:sugar_cane":10,"minecraft:oak_planks":18,"minecraft:wall_torch":25,"minecraft:cauldron":3,"minecraft:dark_oak_door":1,"minecraft:tnt":9,"minecraft:orange_tulip":1,"minecraft:grass":98,"minecraft:oak_log":75,"minecraft:sand":5,"minecraft:dirt":447,"minecraft:stonecutter":2,"minecraft:netherrack":595,"minecraft:oak_leaves":4,"minecraft:diamond_ore":22,"minecraft:mossy_cobblestone":24,"minecraft:dark_oak_log":19,"minecraft:nether_bricks":19,"minecraft:crimson_roots":1,"minecraft:spruce_leaves":8,"minecraft:cartography_table":1,"minecraft:kelp":7,"minecraft:sandstone":22,"minecraft:crimson_stem":41,"minecraft:large_fern":1,"minecraft:hay_block":93,"minecraft:redstone_ore":5,"minecraft:furnace":9,"minecraft:nether_sprouts":2,"minecraft:chiseled_sandstone":1,"minecraft:andesite":63,"minecraft:gold_block":2,"minecraft:bell":1,"minecraft:nether_brick_fence":2,"minecraft:bookshelf":8,"minecraft:cobblestone_slab":10,"minecraft:packed_ice":2,"minecraft:stone":1457,"minecraft:bone_block":146,"minecraft:white_wool":1,"minecraft:acacia_leaves":13,"minecraft:soul_sand":56,"minecraft:basalt":1,"minecraft:dandelion":6,"minecraft:oak_fence":1,"minecraft:crafting_table":5,"minecraft:warped_roots":2,"minecraft:lectern":1,"minecraft:tall_grass":22,"minecraft:diorite":175,"minecraft:warped_wart_block":1,"minecraft:lime_bed":1,"minecraft:birch_planks":2,"minecraft:cactus":8,"minecraft:sweet_berry_bush":6,"minecraft:white_wall_banner":6,"minecraft:grass_path":17,"minecraft:coal_ore":122,"minecraft:gravel":30,"minecraft:cobweb":28,"minecraft:acacia_planks":3,"minecraft:fern":1},"minecraft:dropped":{"minecraft:acacia_boat":1,"minecraft:iron_sword":1,"minecraft:orange_tulip":2,"minecraft:dirt":43,"minecraft:crimson_roots":1,"minecraft:bone_meal":224,"minecraft:iron_pickaxe":3,"minecraft:bone":67,"minecraft:sugar_cane":3,"minecraft:birch_sapling":1,"minecraft:rotten_flesh":37,"minecraft:grindstone":1,"minecraft:poppy":5,"minecraft:oak_fence_gate":1,"minecraft:melon_seeds":6,"minecraft:acacia_sapling":6,"minecraft:arrow":2,"minecraft:beef":1,"minecraft:bread":39,"minecraft:wheat_seeds":10,"minecraft:cobblestone":22,"minecraft:granite":8,"minecraft:grass_block":2,"minecraft:stick":8,"minecraft:oxeye_daisy":2,"minecraft:torch":4,"minecraft:nether_wart_block":6,"minecraft:oak_stairs":1,"minecraft:stonecutter":2,"minecraft:cactus":32,"minecraft:iron_shovel":2,"minecraft:lily_pad":1,"minecraft:acacia_planks":33,"minecraft:kelp":6,"minecraft:soul_soil":36,"minecraft:chicken":1,"minecraft:name_tag":1,"minecraft:potato":1,"minecraft:shield":1,"minecraft:oak_sapling":1,"minecraft:golden_sword":1,"minecraft:spider_eye":1,"minecraft:bow":1,"minecraft:wooden_pickaxe":1},"minecraft:broken":{"minecraft:stone_axe":1,"minecraft:iron_sword":1,"minecraft:iron_pickaxe":4},"minecraft:crafted":{"minecraft:oak_planks":676,"minecraft:cobblestone_slab":18,"minecraft:dark_oak_boat":2,"minecraft:cooked_chicken":2,"minecraft:diamond_shovel":1,"minecraft:cooked_mutton":17,"minecraft:green_dye":1,"minecraft:dark_oak_door":3,"minecraft:diamond_helmet":3,"minecraft:bow":2,"minecraft:diamond_leggings":4,"minecraft:iron_boots":4,"minecraft:chest":21,"minecraft:oak_fence":3,"minecraft:cauldron":2,"minecraft:cooked_porkchop":30,"minecraft:diamond_axe":1,"minecraft:crafting_table":10,"minecraft:wooden_pickaxe":1,"minecraft:iron_helmet":4,"minecraft:iron_chestplate":5,"minecraft:diamond_pickaxe":4,"minecraft:charcoal":2,"minecraft:shield":10,"minecraft:stick":316,"minecraft:iron_ingot":294,"minecraft:iron_pickaxe":15,"minecraft:stone_sword":4,"minecraft:stone_shovel":4,"minecraft:furnace":6,"minecraft:bone_meal":288,"minecraft:iron_axe":6,"minecraft:stone_pickaxe":4,"minecraft:diamond_boots":3,"minecraft:dark_oak_planks":100,"minecraft:wheat":1638,"minecraft:cooked_beef":3,"minecraft:crimson_planks":72,"minecraft:diamond_sword":3,"minecraft:enchanting_table":1,"minecraft:iron_sword":6,"minecraft:bucket":9,"minecraft:stone_axe":2,"minecraft:acacia_boat":1,"minecraft:bread":553,"minecraft:air":0,"minecraft:oak_boat":2,"minecraft:iron_shovel":4,"minecraft:iron_leggings":4,"minecraft:white_bed":2,"minecraft:acacia_planks":196,"minecraft:torch":568,"minecraft:diamond_chestplate":4},"minecraft:picked_up":{"minecraft:iron_chestplate":3,"minecraft:nether_brick_fence":4,"minecraft:suspicious_stew":6,"minecraft:diamond_sword":2,"minecraft:oak_stairs":2,"minecraft:enchanted_book":1,"minecraft:crimson_planks":136,"minecraft:brewing_stand":1,"minecraft:golden_sword":1,"minecraft:string":67,"minecraft:soul_soil":130,"minecraft:iron_leggings":4,"minecraft:experience_bottle":3,"minecraft:diamond_leggings":2,"minecraft:cobblestone_slab":8,"minecraft:iron_pickaxe":9,"minecraft:furnace":10,"minecraft:iron_boots":4,"minecraft:dark_oak_door":10,"minecraft:stick":23,"minecraft:oak_fence":1,"minecraft:torch":304,"minecraft:acacia_log":49,"minecraft:green_bed":4,"minecraft:porkchop":42,"minecraft:golden_axe":1,"minecraft:diorite":173,"minecraft:cauldron":3,"minecraft:orange_bed":1,"minecraft:stone_sword":2,"minecraft:cactus":35,"minecraft:rotten_flesh":75,"minecraft:blaze_rod":29,"minecraft:obsidian":12,"minecraft:cobblestone":1682,"minecraft:enchanting_table":2,"minecraft:magma_block":24,"minecraft:feather":7,"minecraft:water_bucket":3,"minecraft:andesite":68,"minecraft:dark_oak_boat":25,"minecraft:golden_leggings":2,"minecraft:potato":10,"minecraft:flint":4,"minecraft:acacia_boat":4,"minecraft:lapis_lazuli":15,"minecraft:dirt":710,"minecraft:name_tag":2,"minecraft:bone":97,"minecraft:acacia_planks":59,"minecraft:stonecutter":4,"minecraft:bow":9,"minecraft:orange_tulip":4,"minecraft:wheat_seeds":27,"minecraft:bell":1,"minecraft:grindstone":3,"minecraft:fletching_table":1,"minecraft:glowstone_dust":100,"minecraft:oak_planks":204,"minecraft:cooked_porkchop":1,"minecraft:warped_wart_block":1,"minecraft:sand":18,"minecraft:ink_sac":2,"minecraft:grass_block":2,"minecraft:cyan_bed":5,"minecraft:dark_oak_log":19,"minecraft:chiseled_sandstone":4,"minecraft:mossy_cobblestone":26,"minecraft:diamond":22,"minecraft:granite":171,"minecraft:bone_meal":104,"minecraft:emerald":27,"minecraft:golden_horse_armor":1,"minecraft:bread":165,"minecraft:oak_sapling":2,"minecraft:netherrack":1022,"minecraft:crimson_roots":2,"minecraft:diamond_pickaxe":2,"minecraft:crafting_table":7,"minecraft:chicken":7,"minecraft:wooden_pickaxe":3,"minecraft:gold_block":2,"minecraft:shield":4,"minecraft:iron_axe":4,"minecraft:iron_shovel":3,"minecraft:cartography_table":1,"minecraft:beef":28,"minecraft:oak_boat":9,"minecraft:minecart":2,"minecraft:light_gray_wool":1,"minecraft:poppy":33,"minecraft:lectern":1,"minecraft:chest":32,"minecraft:sugar_cane":26,"minecraft:birch_sapling":3,"minecraft:egg":7,"minecraft:sandstone":22,"minecraft:carrot":15,"minecraft:redstone":23,"minecraft:stone_pressure_plate":1,"minecraft:iron_horse_armor":1,"minecraft:dark_oak_planks":46,"minecraft:tnt":9,"minecraft:arrow":72,"minecraft:stone_shovel":1,"minecraft:beetroot_seeds":4,"minecraft:nether_bricks":23,"minecraft:hay_block":96,"minecraft:saddle":4,"minecraft:mutton":32,"minecraft:rail":3,"minecraft:bone_block":182,"minecraft:white_wool":17,"minecraft:oxeye_daisy":2,"minecraft:lime_bed":3,"minecraft:basalt":1,"minecraft:crimson_stem":41,"minecraft:salmon":86,"minecraft:cut_sandstone":9,"minecraft:leather":14,"minecraft:birch_planks":1,"minecraft:oak_log":78,"minecraft:lily_pad":11,"minecraft:nether_wart_block":6,"minecraft:gunpowder":2,"minecraft:paper":30,"minecraft:white_banner":12,"minecraft:apple":3,"minecraft:kelp":10,"minecraft:oak_fence_gate":1,"minecraft:iron_ingot":42,"minecraft:stone_pickaxe":2,"minecraft:iron_ore":134,"minecraft:soul_sand":61,"minecraft:iron_sword":5,"minecraft:acacia_sapling":16,"minecraft:book":24,"minecraft:oak_slab":1,"minecraft:pumpkin":5,"minecraft:sweet_berries":16,"minecraft:quartz":16,"minecraft:dandelion":32,"minecraft:gravel":50,"minecraft:lava_bucket":1,"minecraft:white_bed":3,"minecraft:spider_eye":6,"minecraft:diamond_shovel":1,"minecraft:pumpkin_seeds":4,"minecraft:slime_ball":36,"minecraft:stone_axe":2,"minecraft:iron_helmet":3,"minecraft:diamond_axe":2,"minecraft:gray_wool":1,"minecraft:warped_roots":3,"minecraft:baked_potato":16,"minecraft:melon_seeds":6,"minecraft:black_wool":1,"minecraft:coal":160,"minecraft:ender_pearl":8},"minecraft:custom":{"minecraft:interact_with_crafting_table":112,"minecraft:leave_game":43,"minecraft:time_since_death":4703,"minecraft:sprint_one_cm":1996236,"minecraft:damage_blocked_by_shield":5687,"minecraft:drop":91,"minecraft:talked_to_villager":7,"minecraft:deaths":27,"minecraft:jump":18364,"minecraft:walk_on_water_one_cm":131467,"minecraft:interact_with_furnace":127,"minecraft:play_one_minute":754729,"minecraft:sleep_in_bed":11,"minecraft:damage_dealt":42407,"minecraft:player_kills":1,"minecraft:crouch_one_cm":306964,"minecraft:horse_one_cm":37070,"minecraft:mob_kills":259,"minecraft:climb_one_cm":906,"minecraft:walk_one_cm":1170066,"minecraft:strider_one_cm":150,"minecraft:sneak_time":92405,"minecraft:walk_under_water_one_cm":58515,"minecraft:boat_one_cm":755888,"minecraft:interact_with_blast_furnace":1,"minecraft:raid_trigger":1,"minecraft:interact_with_stonecutter":1,"minecraft:time_since_rest":4759,"minecraft:damage_taken":18431,"minecraft:swim_one_cm":141631,"minecraft:fly_one_cm":3970247,"minecraft:open_chest":784,"minecraft:fall_one_cm":556286},"minecraft:killed_by":{"minecraft:ghast":1,"minecraft:wither_skeleton":1,"minecraft:piglin_brute":1,"minecraft:creeper":3,"minecraft:cave_spider":1,"minecraft:zombie":1,"minecraft:enderman":1,"minecraft:iron_golem":1,"minecraft:skeleton":8}},"DataVersion":2586}