{"stats":{"minecraft:used":{"minecraft:iron_shovel":72,"minecraft:bone_block":8,"minecraft:chest":48,"minecraft:shield":119,"minecraft:iron_sword":371,"minecraft:rotten_flesh":3,"minecraft:soul_sand":6,"minecraft:acacia_sapling":4,"minecraft:milk_bucket":1,"minecraft:lava_bucket":2,"minecraft:dark_oak_boat":21,"minecraft:furnace":16,"minecraft:egg":6,"minecraft:potato":8,"minecraft:diorite":42,"minecraft:stone_pickaxe":159,"minecraft:oak_planks":48,"minecraft:wooden_pickaxe":8,"minecraft:sandstone":10,"minecraft:white_wool":3,"minecraft:sand":3,"minecraft:chiseled_sandstone":4,"minecraft:bread":123,"minecraft:gravel":8,"minecraft:diamond_sword":20,"minecraft:andesite":16,"minecraft:oak_boat":2,"minecraft:stone_sword":87,"minecraft:stone_shovel":121,"minecraft:cooked_chicken":2,"minecraft:netherrack":83,"minecraft:torch":296,"minecraft:dirt":344,"minecraft:warped_wart_block":1,"minecraft:granite":5,"minecraft:dark_oak_planks":20,"minecraft:iron_axe":164,"minecraft:basalt":1,"minecraft:beef":2,"minecraft:soul_soil":53,"minecraft:cooked_beef":3,"minecraft:acacia_planks":11,"minecraft:cooked_mutton":7,"minecraft:water_bucket":35,"minecraft:cut_sandstone":7,"minecraft:cobblestone_slab":24,"minecraft:salmon":2,"minecraft:crafting_table":9,"minecraft:white_bed":4,"minecraft:dark_oak_door":1,"minecraft:diamond_pickaxe":1,"minecraft:apple":3,"minecraft:iron_pickaxe":1849,"minecraft:stone_axe":105,"minecraft:cobblestone":52,"minecraft:porkchop":2,"minecraft:white_banner":6,"minecraft:cooked_porkchop":11,"minecraft:bucket":41,"minecraft:kelp":4},"minecraft:dropped":{"minecraft:iron_sword":1,"minecraft:orange_tulip":2,"minecraft:dirt":9,"minecraft:iron_pickaxe":1,"minecraft:bone":65,"minecraft:sugar_cane":3,"minecraft:birch_sapling":1,"minecraft:rotten_flesh":4,"minecraft:poppy":2,"minecraft:melon_seeds":6,"minecraft:acacia_sapling":6,"minecraft:arrow":2,"minecraft:beef":1,"minecraft:wheat_seeds":8,"minecraft:cobblestone":18,"minecraft:grass_block":1,"minecraft:stick":7,"minecraft:cactus":32,"minecraft:acacia_planks":33,"minecraft:kelp":6,"minecraft:chicken":1,"minecraft:name_tag":1,"minecraft:potato":1,"minecraft:shield":1,"minecraft:oak_sapling":1,"minecraft:spider_eye":1,"minecraft:bow":1,"minecraft:wooden_pickaxe":1},"minecraft:broken":{"minecraft:stone_axe":1,"minecraft:iron_sword":1,"minecraft:iron_pickaxe":4},"minecraft:picked_up":{"minecraft:iron_chestplate":3,"minecraft:suspicious_stew":6,"minecraft:enchanted_book":1,"minecraft:string":67,"minecraft:soul_soil":67,"minecraft:iron_leggings":4,"minecraft:experience_bottle":3,"minecraft:cobblestone_slab":8,"minecraft:iron_pickaxe":5,"minecraft:furnace":10,"minecraft:iron_boots":4,"minecraft:dark_oak_door":10,"minecraft:stick":22,"minecraft:acacia_log":49,"minecraft:torch":292,"minecraft:green_bed":4,"minecraft:porkchop":42,"minecraft:diorite":120,"minecraft:cauldron":1,"minecraft:stone_sword":2,"minecraft:cactus":32,"minecraft:rotten_flesh":42,"minecraft:blaze_rod":2,"minecraft:cobblestone":1428,"minecraft:magma_block":24,"minecraft:feather":7,"minecraft:water_bucket":3,"minecraft:andesite":45,"minecraft:dark_oak_boat":21,"minecraft:golden_leggings":2,"minecraft:potato":10,"minecraft:flint":4,"minecraft:lapis_lazuli":15,"minecraft:dirt":473,"minecraft:name_tag":2,"minecraft:bone":52,"minecraft:acacia_planks":59,"minecraft:stonecutter":2,"minecraft:bow":5,"minecraft:orange_tulip":4,"minecraft:wheat_seeds":17,"minecraft:bell":1,"minecraft:grindstone":2,"minecraft:fletching_table":1,"minecraft:glowstone_dust":100,"minecraft:oak_planks":126,"minecraft:cooked_porkchop":1,"minecraft:warped_wart_block":1,"minecraft:sand":18,"minecraft:ink_sac":2,"minecraft:grass_block":1,"minecraft:cyan_bed":5,"minecraft:chiseled_sandstone":4,"minecraft:dark_oak_log":19,"minecraft:mossy_cobblestone":24,"minecraft:diamond":22,"minecraft:granite":85,"minecraft:bone_meal":8,"minecraft:bread":131,"minecraft:golden_horse_armor":1,"minecraft:emerald":27,"minecraft:oak_sapling":2,"minecraft:netherrack":105,"minecraft:crafting_table":2,"minecraft:chicken":7,"minecraft:wooden_pickaxe":3,"minecraft:shield":4,"minecraft:iron_axe":4,"minecraft:iron_shovel":1,"minecraft:cartography_table":1,"minecraft:beef":28,"minecraft:oak_boat":2,"minecraft:poppy":29,"minecraft:light_gray_wool":1,"minecraft:minecart":2,"minecraft:chest":31,"minecraft:sugar_cane":26,"minecraft:birch_sapling":3,"minecraft:egg":7,"minecraft:sandstone":21,"minecraft:carrot":14,"minecraft:redstone":23,"minecraft:iron_horse_armor":1,"minecraft:stone_pressure_plate":1,"minecraft:dark_oak_planks":46,"minecraft:tnt":9,"minecraft:arrow":30,"minecraft:stone_shovel":1,"minecraft:beetroot_seeds":4,"minecraft:nether_bricks":3,"minecraft:hay_block":54,"minecraft:saddle":4,"minecraft:mutton":32,"minecraft:white_wool":17,"minecraft:rail":3,"minecraft:bone_block":54,"minecraft:lime_bed":3,"minecraft:basalt":1,"minecraft:crimson_stem":23,"minecraft:salmon":86,"minecraft:cut_sandstone":9,"minecraft:leather":14,"minecraft:oak_log":75,"minecraft:gunpowder":2,"minecraft:paper":30,"minecraft:white_banner":12,"minecraft:apple":3,"minecraft:kelp":10,"minecraft:iron_ingot":33,"minecraft:stone_pickaxe":2,"minecraft:iron_ore":132,"minecraft:soul_sand":10,"minecraft:acacia_sapling":16,"minecraft:iron_sword":5,"minecraft:pumpkin":5,"minecraft:sweet_berries":13,"minecraft:dandelion":32,"minecraft:gravel":24,"minecraft:lava_bucket":1,"minecraft:white_bed":2,"minecraft:spider_eye":6,"minecraft:pumpkin_seeds":4,"minecraft:slime_ball":36,"minecraft:stone_axe":2,"minecraft:iron_helmet":3,"minecraft:gray_wool":1,"minecraft:warped_roots":3,"minecraft:black_wool":1,"minecraft:melon_seeds":6,"minecraft:coal":149,"minecraft:ender_pearl":3},"minecraft:custom":{"minecraft:interact_with_crafting_table":86,"minecraft:leave_game":19,"minecraft:time_since_death":16258,"minecraft:sprint_one_cm":1204283,"minecraft:damage_blocked_by_shield":4490,"minecraft:drop":48,"minecraft:talked_to_villager":7,"minecraft:deaths":21,"minecraft:jump":11059,"minecraft:walk_on_water_one_cm":102617,"minecraft:interact_with_furnace":115,"minecraft:play_one_minute":461426,"minecraft:sleep_in_bed":8,"minecraft:damage_dealt":25028,"minecraft:crouch_one_cm":216022,"minecraft:horse_one_cm":1715,"minecraft:mob_kills":179,"minecraft:climb_one_cm":372,"minecraft:walk_one_cm":667326,"minecraft:sneak_time":62321,"minecraft:walk_under_water_one_cm":53290,"minecraft:boat_one_cm":674535,"minecraft:interact_with_blast_furnace":1,"minecraft:raid_trigger":1,"minecraft:time_since_rest":16284,"minecraft:damage_taken":11933,"minecraft:swim_one_cm":126902,"minecraft:fly_one_cm":2341544,"minecraft:open_chest":532,"minecraft:fall_one_cm":328351},"minecraft:killed_by":{"minecraft:ghast":1,"minecraft:wither_skeleton":1,"minecraft:creeper":2,"minecraft:cave_spider":1,"minecraft:zombie":1,"minecraft:enderman":1,"minecraft:iron_golem":1,"minecraft:skeleton":8},"minecraft:mined":{"minecraft:stone_pressure_plate":1,"minecraft:white_bed":2,"minecraft:granite":73,"minecraft:acacia_log":48,"minecraft:grass_block":97,"minecraft:soul_soil":46,"minecraft:spawner":1,"minecraft:magma_block":24,"minecraft:glowstone":33,"minecraft:iron_ore":126,"minecraft:fire":3,"minecraft:pumpkin":5,"minecraft:fletching_table":1,"minecraft:green_bed":1,"minecraft:cut_sandstone":8,"minecraft:kelp_plant":3,"minecraft:soul_fire":3,"minecraft:torch":24,"minecraft:poppy":15,"minecraft:chest":27,"minecraft:dead_bush":4,"minecraft:glass":1,"minecraft:cobblestone":16,"minecraft:cyan_bed":2,"minecraft:grindstone":2,"minecraft:sugar_cane":10,"minecraft:oak_planks":2,"minecraft:wall_torch":23,"minecraft:cauldron":1,"minecraft:dark_oak_door":1,"minecraft:tnt":9,"minecraft:orange_tulip":1,"minecraft:grass":63,"minecraft:oak_log":75,"minecraft:sand":5,"minecraft:dirt":292,"minecraft:stonecutter":2,"minecraft:netherrack":108,"minecraft:oak_leaves":4,"minecraft:diamond_ore":22,"minecraft:mossy_cobblestone":24,"minecraft:dark_oak_log":19,"minecraft:nether_bricks":3,"minecraft:spruce_leaves":8,"minecraft:cartography_table":1,"minecraft:kelp":7,"minecraft:sandstone":21,"minecraft:crimson_stem":23,"minecraft:large_fern":1,"minecraft:hay_block":51,"minecraft:redstone_ore":5,"minecraft:furnace":9,"minecraft:nether_sprouts":2,"minecraft:chiseled_sandstone":1,"minecraft:andesite":39,"minecraft:bell":1,"minecraft:cobblestone_slab":10,"minecraft:packed_ice":2,"minecraft:stone":1201,"minecraft:bone_block":57,"minecraft:white_wool":1,"minecraft:acacia_leaves":13,"minecraft:soul_sand":7,"minecraft:basalt":1,"minecraft:dandelion":6,"minecraft:crafting_table":2,"minecraft:warped_roots":2,"minecraft:tall_grass":9,"minecraft:diorite":121,"minecraft:warped_wart_block":1,"minecraft:lime_bed":1,"minecraft:birch_planks":2,"minecraft:cactus":7,"minecraft:sweet_berry_bush":5,"minecraft:white_wall_banner":6,"minecraft:grass_path":17,"minecraft:coal_ore":114,"minecraft:gravel":14,"minecraft:cobweb":28,"minecraft:acacia_planks":3,"minecraft:fern":1},"minecraft:killed":{"minecraft:cave_spider":1,"minecraft:spider":10,"minecraft:skeleton":24,"minecraft:chicken":6,"minecraft:piglin":2,"minecraft:pig":19,"minecraft:salmon":23,"minecraft:creeper":1,"minecraft:sheep":19,"minecraft:pillager":11,"minecraft:zombie":24,"minecraft:ghast":1,"minecraft:blaze":8,"minecraft:cow":13,"minecraft:drowned":2,"minecraft:husk":1,"minecraft:wither_skeleton":1,"minecraft:enderman":6},"minecraft:crafted":{"minecraft:oak_planks":548,"minecraft:cobblestone_slab":18,"minecraft:dark_oak_boat":2,"minecraft:cooked_chicken":2,"minecraft:cooked_mutton":17,"minecraft:green_dye":1,"minecraft:dark_oak_door":3,"minecraft:diamond_leggings":1,"minecraft:bow":1,"minecraft:iron_boots":4,"minecraft:chest":19,"minecraft:cooked_porkchop":29,"minecraft:crafting_table":8,"minecraft:wooden_pickaxe":1,"minecraft:iron_helmet":4,"minecraft:iron_chestplate":5,"minecraft:charcoal":2,"minecraft:diamond_pickaxe":1,"minecraft:shield":7,"minecraft:stick":236,"minecraft:iron_ingot":120,"minecraft:iron_pickaxe":14,"minecraft:stone_sword":4,"minecraft:stone_shovel":4,"minecraft:furnace":6,"minecraft:iron_axe":5,"minecraft:stone_pickaxe":4,"minecraft:dark_oak_planks":100,"minecraft:wheat":486,"minecraft:cooked_beef":3,"minecraft:diamond_sword":1,"minecraft:iron_sword":6,"minecraft:bucket":5,"minecraft:stone_axe":2,"minecraft:bread":169,"minecraft:air":0,"minecraft:oak_boat":1,"minecraft:iron_shovel":2,"minecraft:iron_leggings":4,"minecraft:white_bed":2,"minecraft:acacia_planks":196,"minecraft:torch":348,"minecraft:diamond_chestplate":1}},"DataVersion":2586}