{"stats":{"minecraft:picked_up":{"minecraft:wheat_seeds":1,"minecraft:acacia_log":7,"minecraft:sand":1,"minecraft:golden_boots":1,"minecraft:golden_chestplate":1,"minecraft:acacia_sapling":1,"minecraft:dirt":14},"minecraft:killed":{"minecraft:zombie_villager":1},"minecraft:used":{"minecraft:dirt":8},"minecraft:mined":{"minecraft:grass":18,"minecraft:acacia_log":7,"minecraft:grass_block":7,"minecraft:acacia_leaves":5,"minecraft:sand":3,"minecraft:dirt":8,"minecraft:tall_grass":1},"minecraft:killed_by":{"minecraft:skeleton":1,"minecraft:zombie":2},"minecraft:custom":{"minecraft:time_since_rest":2060,"minecraft:play_one_minute":7021,"minecraft:crouch_one_cm":29,"minecraft:sprint_one_cm":32153,"minecraft:walk_one_cm":13762,"minecraft:damage_taken":1005,"minecraft:deaths":3,"minecraft:sneak_time":21,"minecraft:walk_under_water_one_cm":69,"minecraft:mob_kills":1,"minecraft:jump":125,"minecraft:damage_dealt":307,"minecraft:time_since_death":2000,"minecraft:walk_on_water_one_cm":1666,"minecraft:swim_one_cm":2566,"minecraft:fall_one_cm":1509,"minecraft:fly_one_cm":13737}},"DataVersion":2586}