{"stats":{"minecraft:killed_by":{"minecraft:skeleton":1},"minecraft:mined":{"minecraft:white_bed":1,"minecraft:obsidian":1,"minecraft:granite":25,"minecraft:acacia_log":5,"minecraft:grass_block":3,"minecraft:oxeye_daisy":1,"minecraft:sandstone":5,"minecraft:hay_block":18,"minecraft:redstone_ore":11,"minecraft:furnace":6,"minecraft:iron_ore":16,"minecraft:barrel":1,"minecraft:andesite":5,"minecraft:white_glazed_terracotta":8,"minecraft:potatoes":25,"minecraft:stone":432,"minecraft:green_bed":1,"minecraft:crafting_table":5,"minecraft:torch":2,"minecraft:poppy":1,"minecraft:dead_bush":2,"minecraft:tall_grass":36,"minecraft:cobblestone":19,"minecraft:lapis_ore":4,"minecraft:wall_torch":1,"minecraft:grass":191,"minecraft:coal_ore":94,"minecraft:oak_log":26,"minecraft:gravel":1,"minecraft:sand":5,"minecraft:dirt":20,"minecraft:sandstone_wall":18,"minecraft:terracotta":28,"minecraft:oak_leaves":3},"minecraft:broken":{"minecraft:iron_boots":1},"minecraft:used":{"minecraft:torch":12,"minecraft:dirt":18,"minecraft:mutton":6,"minecraft:granite":2,"minecraft:iron_axe":83,"minecraft:hay_block":2,"minecraft:furnace":8,"minecraft:egg":4,"minecraft:potato":51,"minecraft:cooked_mutton":5,"minecraft:water_bucket":5,"minecraft:diorite":2,"minecraft:baked_potato":23,"minecraft:sandstone":5,"minecraft:salmon":1,"minecraft:sand":4,"minecraft:crafting_table":9,"minecraft:diamond_pickaxe":677,"minecraft:chicken":2,"minecraft:bread":22,"minecraft:gravel":1,"minecraft:diamond_sword":101,"minecraft:cobblestone":90,"minecraft:porkchop":2,"minecraft:bucket":5,"minecraft:andesite":1},"minecraft:killed":{"minecraft:skeleton":3,"minecraft:chicken":2,"minecraft:husk":2,"minecraft:pig":1,"minecraft:salmon":1,"minecraft:sheep":8,"minecraft:zombie":20,"minecraft:cow":1},"minecraft:picked_up":{"minecraft:iron_chestplate":3,"minecraft:crafting_table":7,"minecraft:wheat":1,"minecraft:chicken":2,"minecraft:shield":1,"minecraft:string":3,"minecraft:iron_axe":1,"minecraft:iron_leggings":3,"minecraft:smooth_stone":122,"minecraft:beef":2,"minecraft:iron_pickaxe":1,"minecraft:egg":4,"minecraft:iron_boots":1,"minecraft:furnace":6,"minecraft:white_glazed_terracotta":8,"minecraft:stick":5,"minecraft:sandstone":5,"minecraft:acacia_log":5,"minecraft:torch":7,"minecraft:green_bed":1,"minecraft:porkchop":2,"minecraft:sandstone_wall":18,"minecraft:diorite":2,"minecraft:redstone":74,"minecraft:arrow":6,"minecraft:rotten_flesh":21,"minecraft:hay_block":18,"minecraft:mutton":11,"minecraft:white_wool":9,"minecraft:cobblestone":476,"minecraft:oxeye_daisy":1,"minecraft:feather":1,"minecraft:andesite":3,"minecraft:salmon":1,"minecraft:potato":37,"minecraft:oak_log":25,"minecraft:chainmail_chestplate":1,"minecraft:golden_boots":1,"minecraft:lapis_lazuli":17,"minecraft:dirt":571,"minecraft:bone":14,"minecraft:wheat_seeds":30,"minecraft:iron_ore":19,"minecraft:oak_planks":57,"minecraft:gravel":1,"minecraft:sand":4,"minecraft:barrel":1,"minecraft:diamond":9,"minecraft:granite":74,"minecraft:bone_meal":10,"minecraft:bread":22,"minecraft:baked_potato":71,"minecraft:terracotta":28,"minecraft:coal":110,"minecraft:diamond_pickaxe":1},"minecraft:custom":{"minecraft:mob_kills":37,"minecraft:interact_with_crafting_table":43,"minecraft:open_barrel":13,"minecraft:leave_game":2,"minecraft:time_since_death":39610,"minecraft:climb_one_cm":56,"minecraft:sprint_one_cm":393318,"minecraft:walk_one_cm":266394,"minecraft:drop":75,"minecraft:talked_to_villager":2,"minecraft:deaths":2,"minecraft:sneak_time":1010,"minecraft:walk_under_water_one_cm":9664,"minecraft:jump":3009,"minecraft:walk_on_water_one_cm":16820,"minecraft:interact_with_furnace":98,"minecraft:interact_with_cartography_table":1,"minecraft:play_one_minute":98970,"minecraft:sleep_in_bed":2,"minecraft:time_since_rest":39773,"minecraft:damage_taken":2706,"minecraft:damage_dealt":5559,"minecraft:fly_one_cm":696579,"minecraft:swim_one_cm":22535,"minecraft:open_chest":15,"minecraft:crouch_one_cm":1730,"minecraft:interact_with_smoker":1,"minecraft:fall_one_cm":76720},"minecraft:crafted":{"minecraft:oak_planks":96,"minecraft:furnace":4,"minecraft:stone":56,"minecraft:cooked_mutton":5,"minecraft:iron_boots":2,"minecraft:cooked_beef":2,"minecraft:diamond_sword":1,"minecraft:crafting_table":4,"minecraft:baked_potato":16,"minecraft:bucket":1,"minecraft:air":0,"minecraft:iron_chestplate":1,"minecraft:diamond_pickaxe":3,"minecraft:stick":144,"minecraft:iron_ingot":19,"minecraft:acacia_planks":20,"minecraft:torch":32},"minecraft:dropped":{"minecraft:golden_boots":1,"minecraft:wheat_seeds":30,"minecraft:oak_log":1,"minecraft:baked_potato":58,"minecraft:granite":68,"minecraft:oxeye_daisy":1,"minecraft:dirt":404,"minecraft:iron_leggings":2,"minecraft:bone_meal":10,"minecraft:iron_axe":1,"minecraft:iron_pickaxe":1,"minecraft:smooth_stone":61,"minecraft:string":2,"minecraft:white_wool":1,"minecraft:bone":8,"minecraft:redstone":24,"minecraft:wheat":1,"minecraft:rotten_flesh":18,"minecraft:chainmail_chestplate":1,"minecraft:shield":1,"minecraft:iron_chestplate":2,"minecraft:diamond_pickaxe":2,"minecraft:andesite":2}},"DataVersion":2586}