{"stats":{"minecraft:custom":{"minecraft:mob_kills":127,"minecraft:interact_with_crafting_table":100,"minecraft:open_barrel":13,"minecraft:bell_ring":1,"minecraft:leave_game":5,"minecraft:time_since_death":73613,"minecraft:climb_one_cm":426,"minecraft:sprint_one_cm":931651,"minecraft:walk_one_cm":686570,"minecraft:drop":139,"minecraft:talked_to_villager":3,"minecraft:deaths":7,"minecraft:sneak_time":15006,"minecraft:walk_under_water_one_cm":35537,"minecraft:jump":7637,"minecraft:walk_on_water_one_cm":73647,"minecraft:interact_with_furnace":163,"minecraft:interact_with_cartography_table":2,"minecraft:play_one_minute":354503,"minecraft:interact_with_stonecutter":1,"minecraft:sleep_in_bed":18,"minecraft:time_since_rest":782,"minecraft:damage_taken":7399,"minecraft:damage_dealt":13935,"minecraft:player_kills":3,"minecraft:swim_one_cm":113443,"minecraft:fly_one_cm":1698068,"minecraft:open_chest":119,"minecraft:crouch_one_cm":50733,"minecraft:interact_with_smoker":2,"minecraft:fall_one_cm":190792,"minecraft:horse_one_cm":10642},"minecraft:mined":{"minecraft:diamond_ore":1,"minecraft:stone_pressure_plate":1,"minecraft:white_bed":3,"minecraft:mossy_cobblestone":2,"minecraft:oak_door":1,"minecraft:cobblestone_stairs":3,"minecraft:brewing_stand":1,"minecraft:obsidian":7,"minecraft:granite":25,"minecraft:acacia_log":9,"minecraft:grass_block":103,"minecraft:oxeye_daisy":1,"minecraft:sandstone":6,"minecraft:hay_block":18,"minecraft:redstone_ore":37,"minecraft:furnace":11,"minecraft:iron_ore":85,"minecraft:barrel":1,"minecraft:fire":1,"minecraft:andesite":8,"minecraft:white_glazed_terracotta":8,"minecraft:bell":1,"minecraft:potatoes":25,"minecraft:oak_stairs":25,"minecraft:stripped_acacia_log":2,"minecraft:stripped_oak_log":10,"minecraft:stone":557,"minecraft:green_bed":1,"minecraft:cut_sandstone":3,"minecraft:oak_slab":1,"minecraft:glass_pane":1,"minecraft:soul_fire":4,"minecraft:basalt":1,"minecraft:oak_fence":31,"minecraft:crafting_table":11,"minecraft:torch":3,"minecraft:poppy":1,"minecraft:melon":13,"minecraft:chest":6,"minecraft:dead_bush":2,"minecraft:tall_grass":44,"minecraft:cobblestone":105,"minecraft:lapis_ore":5,"minecraft:oak_planks":37,"minecraft:wall_torch":4,"minecraft:diorite":6,"minecraft:blue_terracotta":1,"minecraft:tnt":13,"minecraft:stone_brick_stairs":1,"minecraft:grass_path":12,"minecraft:grass":277,"minecraft:coal_ore":154,"minecraft:oak_log":66,"minecraft:oak_fence_gate":1,"minecraft:gravel":2,"minecraft:sand":5,"minecraft:dirt":152,"minecraft:sandstone_wall":18,"minecraft:terracotta":28,"minecraft:stonecutter":1,"minecraft:netherrack":166,"minecraft:gold_ore":17,"minecraft:oak_leaves":91},"minecraft:killed":{"minecraft:spider":2,"minecraft:skeleton":9,"minecraft:chicken":15,"minecraft:skeleton_horse":1,"minecraft:husk":2,"minecraft:pig":11,"minecraft:salmon":14,"minecraft:rabbit":1,"minecraft:creeper":2,"minecraft:sheep":10,"minecraft:zombie":52,"minecraft:cow":1},"minecraft:picked_up":{"minecraft:iron_chestplate":6,"minecraft:crafting_table":13,"minecraft:wheat":1,"minecraft:chicken":15,"minecraft:lead":5,"minecraft:diamond_sword":1,"minecraft:oak_stairs":38,"minecraft:enchanted_book":2,"minecraft:golden_shovel":1,"minecraft:brewing_stand":1,"minecraft:shield":1,"minecraft:golden_sword":1,"minecraft:string":74,"minecraft:iron_axe":3,"minecraft:flint_and_steel":2,"minecraft:iron_leggings":5,"minecraft:iron_shovel":1,"minecraft:smooth_stone":122,"minecraft:bucket":1,"minecraft:beef":2,"minecraft:iron_pickaxe":4,"minecraft:melon_slice":65,"minecraft:chest":6,"minecraft:furnace":12,"minecraft:iron_boots":4,"minecraft:egg":12,"minecraft:golden_helmet":3,"minecraft:white_glazed_terracotta":8,"minecraft:stick":9,"minecraft:sandstone":6,"minecraft:oak_door":11,"minecraft:oak_fence":31,"minecraft:torch":45,"minecraft:acacia_log":9,"minecraft:green_bed":1,"minecraft:sandstone_wall":18,"minecraft:porkchop":17,"minecraft:diorite":8,"minecraft:carrot":1,"minecraft:redstone":476,"minecraft:golden_chestplate":1,"minecraft:tnt":25,"minecraft:arrow":34,"minecraft:rotten_flesh":101,"minecraft:hay_block":18,"minecraft:gold_ingot":34,"minecraft:obsidian":18,"minecraft:mutton":13,"minecraft:white_wool":11,"minecraft:cobblestone":844,"minecraft:oxeye_daisy":1,"minecraft:stripped_oak_log":10,"minecraft:feather":19,"minecraft:basalt":2,"minecraft:salmon":14,"minecraft:andesite":6,"minecraft:potato":37,"minecraft:flint":21,"minecraft:oak_log":65,"minecraft:chainmail_chestplate":1,"minecraft:golden_boots":1,"minecraft:gunpowder":2,"minecraft:cobblestone_stairs":6,"minecraft:lapis_lazuli":41,"minecraft:dirt":1142,"minecraft:bone":31,"minecraft:apple":1,"minecraft:bow":1,"minecraft:stonecutter":3,"minecraft:wheat_seeds":43,"minecraft:bell":1,"minecraft:iron_ingot":39,"minecraft:oak_fence_gate":1,"minecraft:cooked_chicken":3,"minecraft:iron_ore":87,"minecraft:rabbit":1,"minecraft:iron_sword":2,"minecraft:oak_planks":271,"minecraft:soul_sand":5,"minecraft:oak_slab":1,"minecraft:cooked_porkchop":1,"minecraft:gravel":1,"minecraft:sand":4,"minecraft:white_bed":5,"minecraft:gold_ore":17,"minecraft:barrel":1,"minecraft:mossy_cobblestone":4,"minecraft:blue_terracotta":1,"minecraft:diamond":10,"minecraft:iron_helmet":2,"minecraft:granite":78,"minecraft:diamond_axe":1,"minecraft:bone_meal":13,"minecraft:emerald":10,"minecraft:bread":49,"minecraft:terracotta":56,"minecraft:baked_potato":72,"minecraft:oak_sapling":5,"minecraft:netherrack":299,"minecraft:melon_seeds":2,"minecraft:coal":318,"minecraft:diamond_pickaxe":3},"minecraft:killed_by":{"minecraft:player":1,"minecraft:creeper":1,"minecraft:skeleton":2,"minecraft:zombie":1},"minecraft:used":{"minecraft:oak_fence":66,"minecraft:iron_shovel":207,"minecraft:flint_and_steel":3,"minecraft:chest":10,"minecraft:iron_sword":191,"minecraft:cooked_salmon":9,"minecraft:cooked_chicken":3,"minecraft:oak_door":4,"minecraft:rotten_flesh":11,"minecraft:netherrack":24,"minecraft:torch":86,"minecraft:soul_sand":4,"minecraft:dirt":267,"minecraft:mutton":8,"minecraft:carrot":9,"minecraft:acacia_sapling":1,"minecraft:golden_shovel":110,"minecraft:granite":2,"minecraft:oak_fence_gate":1,"minecraft:iron_axe":203,"minecraft:oak_stairs":42,"minecraft:golden_sword":35,"minecraft:bow":24,"minecraft:hay_block":2,"minecraft:oak_sapling":5,"minecraft:furnace":16,"minecraft:egg":8,"minecraft:cooked_beef":2,"minecraft:potato":63,"minecraft:acacia_planks":1,"minecraft:cooked_mutton":5,"minecraft:water_bucket":34,"minecraft:diorite":3,"minecraft:cobblestone_stairs":1,"minecraft:rabbit":1,"minecraft:baked_potato":27,"minecraft:oak_planks":74,"minecraft:sandstone":5,"minecraft:diamond_axe":103,"minecraft:green_bed":1,"minecraft:salmon":5,"minecraft:sand":4,"minecraft:oak_slab":13,"minecraft:tnt":8,"minecraft:crafting_table":22,"minecraft:white_bed":4,"minecraft:diamond_pickaxe":1016,"minecraft:chicken":7,"minecraft:melon_slice":64,"minecraft:bread":38,"minecraft:iron_pickaxe":253,"minecraft:string":2,"minecraft:gravel":1,"minecraft:diamond_sword":264,"minecraft:cobblestone":438,"minecraft:porkchop":4,"minecraft:cooked_porkchop":8,"minecraft:andesite":1,"minecraft:bucket":34,"minecraft:stripped_oak_log":2,"minecraft:bone_meal":25},"minecraft:broken":{"minecraft:iron_boots":1,"minecraft:golden_shovel":1,"minecraft:golden_sword":1},"minecraft:dropped":{"minecraft:golden_boots":1,"minecraft:soul_sand":1,"minecraft:wheat_seeds":37,"minecraft:golden_helmet":1,"minecraft:oak_log":1,"minecraft:baked_potato":58,"minecraft:mossy_cobblestone":2,"minecraft:cobblestone":41,"minecraft:lead":1,"minecraft:granite":76,"minecraft:coal":4,"minecraft:cobblestone_stairs":3,"minecraft:stick":4,"minecraft:oxeye_daisy":1,"minecraft:dirt":406,"minecraft:diorite":5,"minecraft:melon_slice":1,"minecraft:iron_leggings":2,"minecraft:oak_stairs":2,"minecraft:bone_meal":10,"minecraft:iron_axe":1,"minecraft:iron_pickaxe":1,"minecraft:smooth_stone":61,"minecraft:string":12,"minecraft:white_wool":1,"minecraft:acacia_planks":15,"minecraft:redstone":35,"minecraft:bone":18,"minecraft:oak_door":4,"minecraft:blue_terracotta":1,"minecraft:golden_chestplate":1,"minecraft:wheat":1,"minecraft:chicken":1,"minecraft:rotten_flesh":77,"minecraft:oak_planks":16,"minecraft:chainmail_chestplate":1,"minecraft:flint_and_steel":1,"minecraft:shield":1,"minecraft:diamond_pickaxe":2,"minecraft:iron_chestplate":2,"minecraft:andesite":2,"minecraft:melon_seeds":2,"minecraft:sandstone":1,"minecraft:egg":2},"minecraft:crafted":{"minecraft:oak_door":5,"minecraft:oak_planks":288,"minecraft:furnace":6,"minecraft:stone":62,"minecraft:bone_meal":27,"minecraft:cooked_mutton":5,"minecraft:bow":1,"minecraft:iron_boots":3,"minecraft:iron_axe":1,"minecraft:chest":4,"minecraft:oak_fence":36,"minecraft:cooked_beef":2,"minecraft:oak_slab":12,"minecraft:diamond_sword":2,"minecraft:arrow":20,"minecraft:cooked_porkchop":13,"minecraft:diamond_axe":1,"minecraft:crafting_table":10,"minecraft:iron_helmet":1,"minecraft:baked_potato":16,"minecraft:iron_sword":1,"minecraft:cooked_salmon":9,"minecraft:bucket":2,"minecraft:air":0,"minecraft:oak_fence_gate":1,"minecraft:iron_chestplate":3,"minecraft:diamond_pickaxe":3,"minecraft:stick":212,"minecraft:iron_ingot":87,"minecraft:iron_pickaxe":2,"minecraft:oak_stairs":16,"minecraft:iron_shovel":1,"minecraft:iron_leggings":3,"minecraft:gold_ingot":17,"minecraft:acacia_planks":36,"minecraft:torch":108}},"DataVersion":2586}