{"stats":{"minecraft:crafted":{"minecraft:cooked_beef":1,"minecraft:green_dye":3,"minecraft:crafting_table":1,"minecraft:stick":8,"minecraft:wooden_pickaxe":1,"minecraft:cooked_chicken":1,"minecraft:stone_pickaxe":1,"minecraft:stone_sword":1,"minecraft:furnace":1,"minecraft:acacia_planks":8,"minecraft:air":0},"minecraft:dropped":{"minecraft:poppy":1,"minecraft:acacia_sapling":4,"minecraft:cobblestone":1,"minecraft:arrow":2,"minecraft:wooden_pickaxe":1,"minecraft:cactus":16,"minecraft:acacia_log":1,"minecraft:bone":2,"minecraft:stick":3},"minecraft:mined":{"minecraft:furnace":1,"minecraft:crafting_table":1,"minecraft:grass":1,"minecraft:acacia_log":4,"minecraft:grass_block":1,"minecraft:tall_grass":1,"minecraft:cobblestone":2,"minecraft:acacia_planks":2,"minecraft:stone":19},"minecraft:picked_up":{"minecraft:crafting_table":2,"minecraft:stick":12,"minecraft:feather":2,"minecraft:chicken":1,"minecraft:leather":1,"minecraft:acacia_log":3,"minecraft:wooden_pickaxe":2,"minecraft:porkchop":8,"minecraft:dirt":3,"minecraft:stone_sword":1,"minecraft:arrow":6,"minecraft:bone":6,"minecraft:cactus":44,"minecraft:acacia_planks":60,"minecraft:wheat_seeds":2,"minecraft:beef":3,"minecraft:stone_pickaxe":1,"minecraft:poppy":1,"minecraft:green_dye":3,"minecraft:furnace":2,"minecraft:acacia_sapling":5,"minecraft:cobblestone":27,"minecraft:egg":2},"minecraft:killed":{"minecraft:skeleton":1,"minecraft:zombie":1,"minecraft:pig":4,"minecraft:chicken":1,"minecraft:spider":1,"minecraft:cow":1},"minecraft:killed_by":{"minecraft:zombie":1},"minecraft:used":{"minecraft:stone_sword":30,"minecraft:wooden_pickaxe":23,"minecraft:cooked_chicken":1,"minecraft:dirt":1,"minecraft:cobblestone":3,"minecraft:crafting_table":1,"minecraft:furnace":1,"minecraft:acacia_sapling":1,"minecraft:egg":1,"minecraft:cooked_beef":1,"minecraft:acacia_planks":6},"minecraft:custom":{"minecraft:time_since_rest":3777,"minecraft:interact_with_furnace":12,"minecraft:sprint_one_cm":47817,"minecraft:damage_taken":475,"minecraft:walk_one_cm":25414,"minecraft:mob_kills":9,"minecraft:drop":9,"minecraft:damage_dealt":1399,"minecraft:swim_one_cm":7529,"minecraft:interact_with_crafting_table":3,"minecraft:fly_one_cm":52015,"minecraft:crouch_one_cm":1776,"minecraft:play_one_minute":19974,"minecraft:deaths":1,"minecraft:sneak_time":773,"minecraft:walk_under_water_one_cm":760,"minecraft:jump":272,"minecraft:walk_on_water_one_cm":7440,"minecraft:time_since_death":3751,"minecraft:fall_one_cm":5228}},"DataVersion":2586}