{"stats":{"minecraft:crafted":{"minecraft:cooked_beef":4,"minecraft:oak_planks":128,"minecraft:stone_shovel":3,"minecraft:cooked_porkchop":8,"minecraft:crafting_table":3,"minecraft:iron_helmet":1,"minecraft:wooden_pickaxe":1,"minecraft:cooked_chicken":1,"minecraft:furnace":3,"minecraft:stone_axe":1,"minecraft:air":0,"minecraft:green_dye":3,"minecraft:iron_boots":1,"minecraft:iron_chestplate":1,"minecraft:charcoal":3,"minecraft:stick":12,"minecraft:iron_ingot":28,"minecraft:iron_pickaxe":1,"minecraft:stone_pickaxe":1,"minecraft:stone_sword":1,"minecraft:iron_leggings":1,"minecraft:white_bed":1,"minecraft:acacia_planks":8},"minecraft:broken":{"minecraft:stone_shovel":3},"minecraft:dropped":{"minecraft:cooked_porkchop":1,"minecraft:birch_sapling":1,"minecraft:cobblestone":2,"minecraft:apple":1,"minecraft:acacia_log":1,"minecraft:stick":6,"minecraft:poppy":1,"minecraft:acacia_sapling":4,"minecraft:iron_ore":5,"minecraft:arrow":2,"minecraft:wooden_pickaxe":1,"minecraft:cactus":16,"minecraft:bone":2},"minecraft:mined":{"minecraft:white_bed":3,"minecraft:crafting_table":4,"minecraft:blast_furnace":2,"minecraft:acacia_log":4,"minecraft:grass_block":114,"minecraft:tall_grass":6,"minecraft:cobblestone":18,"minecraft:oak_planks":7,"minecraft:diorite":6,"minecraft:sandstone":1,"minecraft:furnace":4,"minecraft:birch_log":13,"minecraft:iron_ore":24,"minecraft:andesite":5,"minecraft:gold_block":1,"minecraft:peony":1,"minecraft:grass_path":51,"minecraft:grass":32,"minecraft:oak_log":35,"minecraft:sand":32,"minecraft:dirt":267,"minecraft:acacia_planks":2,"minecraft:stone":89,"minecraft:oak_leaves":9},"minecraft:picked_up":{"minecraft:birch_log":15,"minecraft:crafting_table":5,"minecraft:feather":2,"minecraft:chicken":1,"minecraft:andesite":5,"minecraft:leather":1,"minecraft:wooden_pickaxe":2,"minecraft:gold_block":1,"minecraft:oak_log":35,"minecraft:shield":1,"minecraft:dirt":434,"minecraft:bone":6,"minecraft:acacia_planks":60,"minecraft:apple":1,"minecraft:wheat_seeds":3,"minecraft:stone_pickaxe":1,"minecraft:beef":3,"minecraft:iron_ore":25,"minecraft:poppy":1,"minecraft:birch_sapling":1,"minecraft:oak_planks":7,"minecraft:acacia_sapling":5,"minecraft:furnace":4,"minecraft:egg":2,"minecraft:green_dye":3,"minecraft:stick":15,"minecraft:sandstone":1,"minecraft:acacia_log":3,"minecraft:sand":28,"minecraft:porkchop":13,"minecraft:blast_furnace":2,"minecraft:diorite":6,"minecraft:white_bed":3,"minecraft:stone_sword":1,"minecraft:arrow":6,"minecraft:cactus":44,"minecraft:rotten_flesh":2,"minecraft:peony":1,"minecraft:oak_sapling":7,"minecraft:mutton":12,"minecraft:white_wool":7,"minecraft:cobblestone":123},"minecraft:killed":{"minecraft:pig":6,"minecraft:spider":1,"minecraft:wandering_trader":1,"minecraft:sheep":7,"minecraft:skeleton":1,"minecraft:zombie":3,"minecraft:chicken":1,"minecraft:cow":1},"minecraft:killed_by":{"minecraft:zombie":1},"minecraft:used":{"minecraft:peony":1,"minecraft:diorite":1,"minecraft:stone_sword":59,"minecraft:stone_pickaxe":65,"minecraft:stone_shovel":395,"minecraft:oak_planks":36,"minecraft:wooden_pickaxe":23,"minecraft:shield":5,"minecraft:cooked_chicken":1,"minecraft:dirt":213,"minecraft:crafting_table":7,"minecraft:blast_furnace":1,"minecraft:white_bed":4,"minecraft:acacia_sapling":1,"minecraft:iron_pickaxe":66,"minecraft:stone_axe":70,"minecraft:cobblestone":34,"minecraft:furnace":6,"minecraft:oak_sapling":1,"minecraft:cooked_porkchop":3,"minecraft:andesite":5,"minecraft:egg":1,"minecraft:cooked_beef":4,"minecraft:acacia_planks":6},"minecraft:custom":{"minecraft:interact_with_furnace":48,"minecraft:mob_kills":21,"minecraft:interact_with_crafting_table":17,"minecraft:play_one_minute":67791,"minecraft:leave_game":1,"minecraft:time_since_death":51568,"minecraft:sleep_in_bed":1,"minecraft:time_since_rest":11573,"minecraft:sprint_one_cm":116583,"minecraft:damage_taken":687,"minecraft:walk_one_cm":138398,"minecraft:damage_blocked_by_shield":135,"minecraft:drop":15,"minecraft:damage_dealt":2588,"minecraft:talked_to_villager":4,"minecraft:swim_one_cm":9366,"minecraft:fly_one_cm":121110,"minecraft:open_chest":7,"minecraft:crouch_one_cm":21857,"minecraft:deaths":1,"minecraft:sneak_time":7608,"minecraft:walk_under_water_one_cm":9445,"minecraft:jump":752,"minecraft:interact_with_blast_furnace":2,"minecraft:walk_on_water_one_cm":25454,"minecraft:fall_one_cm":16429}},"DataVersion":2586}