{"stats":{"minecraft:crafted":{"minecraft:oak_planks":128,"minecraft:stone_shovel":5,"minecraft:cooked_chicken":1,"minecraft:furnace":4,"minecraft:yellow_bed":3,"minecraft:flint_and_steel":1,"minecraft:cooked_mutton":12,"minecraft:green_dye":3,"minecraft:glass":153,"minecraft:iron_boots":1,"minecraft:stone_pickaxe":2,"minecraft:chest":1,"minecraft:cooked_beef":4,"minecraft:cooked_porkchop":8,"minecraft:crafting_table":3,"minecraft:wooden_pickaxe":1,"minecraft:iron_helmet":1,"minecraft:iron_sword":1,"minecraft:bucket":1,"minecraft:birch_planks":40,"minecraft:stone_axe":2,"minecraft:air":0,"minecraft:iron_chestplate":1,"minecraft:charcoal":5,"minecraft:stick":24,"minecraft:iron_ingot":28,"minecraft:iron_pickaxe":1,"minecraft:stone_sword":1,"minecraft:iron_leggings":1,"minecraft:white_bed":3,"minecraft:acacia_planks":8,"minecraft:torch":8},"minecraft:broken":{"minecraft:stone_sword":1,"minecraft:stone_axe":1,"minecraft:stone_shovel":3},"minecraft:dropped":{"minecraft:water_bucket":1,"minecraft:iron_sword":1,"minecraft:oak_slab":15,"minecraft:birch_planks":40,"minecraft:lapis_lazuli":31,"minecraft:wheat_seeds":1,"minecraft:mossy_cobblestone":6,"minecraft:cooked_porkchop":2,"minecraft:oak_fence":26,"minecraft:cobblestone":2,"minecraft:apple":1,"minecraft:granite":3,"minecraft:acacia_log":1,"minecraft:cobblestone_stairs":1,"minecraft:stick":6,"minecraft:dirt":228,"minecraft:diorite":3,"minecraft:oak_stairs":13,"minecraft:gold_nugget":6,"minecraft:sand":7,"minecraft:cactus":16,"minecraft:string":3,"minecraft:white_wool":1,"minecraft:dandelion":4,"minecraft:bone":2,"minecraft:oak_door":1,"minecraft:gravel":4,"minecraft:birch_sapling":1,"minecraft:stone_shovel":2,"minecraft:rotten_flesh":10,"minecraft:white_terracotta":28,"minecraft:white_bed":5,"minecraft:poppy":1,"minecraft:hay_block":10,"minecraft:yellow_bed":2,"minecraft:ladder":1,"minecraft:acacia_sapling":4,"minecraft:oak_sapling":5,"minecraft:iron_ore":5,"minecraft:sandstone":1,"minecraft:arrow":2,"minecraft:stone_pickaxe":1,"minecraft:wooden_pickaxe":1,"minecraft:stone_brick_stairs":2,"minecraft:terracotta":4},"minecraft:mined":{"minecraft:white_bed":4,"minecraft:mossy_cobblestone":3,"minecraft:cobblestone_stairs":1,"minecraft:granite":4,"minecraft:ladder":1,"minecraft:acacia_log":4,"minecraft:grass_block":168,"minecraft:composter":1,"minecraft:sandstone":69,"minecraft:hay_block":5,"minecraft:smooth_stone":8,"minecraft:oak_trapdoor":2,"minecraft:furnace":5,"minecraft:iron_ore":24,"minecraft:andesite":8,"minecraft:peony":1,"minecraft:gold_block":1,"minecraft:oak_stairs":11,"minecraft:stone":99,"minecraft:white_wool":7,"minecraft:oak_slab":9,"minecraft:glass_pane":2,"minecraft:oak_fence":29,"minecraft:crafting_table":5,"minecraft:torch":16,"minecraft:blast_furnace":2,"minecraft:glass":1,"minecraft:cobblestone":34,"minecraft:tall_grass":9,"minecraft:oak_planks":16,"minecraft:diorite":9,"minecraft:wall_torch":17,"minecraft:white_terracotta":12,"minecraft:yellow_wool":9,"minecraft:birch_log":13,"minecraft:yellow_bed":4,"minecraft:grass_path":62,"minecraft:stone_brick_stairs":2,"minecraft:grass":41,"minecraft:oak_log":38,"minecraft:gravel":5,"minecraft:dirt":335,"minecraft:sand":94,"minecraft:acacia_planks":2,"minecraft:stonecutter":1,"minecraft:oak_leaves":9},"minecraft:picked_up":{"minecraft:iron_chestplate":1,"minecraft:crafting_table":9,"minecraft:wheat":3,"minecraft:clay_ball":16,"minecraft:chicken":1,"minecraft:ladder":1,"minecraft:yellow_wool":9,"minecraft:lead":4,"minecraft:wooden_pickaxe":3,"minecraft:oak_stairs":13,"minecraft:gold_block":2,"minecraft:stone_brick_stairs":2,"minecraft:shield":2,"minecraft:oak_trapdoor":2,"minecraft:string":3,"minecraft:iron_leggings":1,"minecraft:beetroot":3,"minecraft:gold_nugget":6,"minecraft:smooth_stone":16,"minecraft:bucket":1,"minecraft:beef":3,"minecraft:poppy":3,"minecraft:iron_pickaxe":1,"minecraft:birch_sapling":1,"minecraft:iron_boots":1,"minecraft:egg":2,"minecraft:furnace":5,"minecraft:stick":23,"minecraft:sandstone":129,"minecraft:oak_door":1,"minecraft:composter":1,"minecraft:oak_fence":46,"minecraft:torch":61,"minecraft:acacia_log":3,"minecraft:porkchop":18,"minecraft:diorite":35,"minecraft:carrot":28,"minecraft:cactus":44,"minecraft:stone_sword":2,"minecraft:arrow":17,"minecraft:stone_shovel":1,"minecraft:rotten_flesh":12,"minecraft:beetroot_seeds":16,"minecraft:peony":1,"minecraft:hay_block":10,"minecraft:white_terracotta":36,"minecraft:mutton":24,"minecraft:white_wool":18,"minecraft:cobblestone":525,"minecraft:birch_log":15,"minecraft:feather":2,"minecraft:water_bucket":2,"minecraft:andesite":5,"minecraft:leather":9,"minecraft:flint":1,"minecraft:oak_log":57,"minecraft:yellow_bed":9,"minecraft:cobblestone_stairs":1,"minecraft:lapis_lazuli":62,"minecraft:dirt":842,"minecraft:bone":13,"minecraft:acacia_planks":86,"minecraft:apple":1,"minecraft:bow":1,"minecraft:stonecutter":2,"minecraft:iron_ingot":5,"minecraft:wheat_seeds":118,"minecraft:iron_ore":25,"minecraft:stone_pickaxe":2,"minecraft:iron_sword":1,"minecraft:acacia_sapling":5,"minecraft:oak_planks":123,"minecraft:green_dye":3,"minecraft:oak_slab":20,"minecraft:cooked_porkchop":1,"minecraft:dandelion":4,"minecraft:gravel":4,"minecraft:sand":332,"minecraft:blast_furnace":2,"minecraft:white_bed":14,"minecraft:mossy_cobblestone":8,"minecraft:stone_axe":1,"minecraft:iron_helmet":1,"minecraft:granite":3,"minecraft:terracotta":4,"minecraft:oak_sapling":14},"minecraft:killed":{"minecraft:spider":2,"minecraft:skeleton":8,"minecraft:chicken":1,"minecraft:pig":6,"minecraft:iron_golem":2,"minecraft:wandering_trader":1,"minecraft:sheep":7,"minecraft:trader_llama":2,"minecraft:zombie":7,"minecraft:cow":1},"minecraft:killed_by":{"minecraft:iron_golem":1,"minecraft:zombie":1},"minecraft:used":{"minecraft:peony":1,"minecraft:oak_fence":3,"minecraft:flint_and_steel":16,"minecraft:stone_sword":129,"minecraft:stone_shovel":492,"minecraft:poppy":1,"minecraft:chest":1,"minecraft:shield":17,"minecraft:white_terracotta":8,"minecraft:iron_sword":10,"minecraft:cooked_chicken":1,"minecraft:torch":51,"minecraft:dirt":446,"minecraft:acacia_sapling":1,"minecraft:glass":150,"minecraft:oak_sapling":1,"minecraft:furnace":8,"minecraft:egg":1,"minecraft:cooked_beef":4,"minecraft:acacia_planks":6,"minecraft:cooked_mutton":7,"minecraft:water_bucket":91,"minecraft:diorite":6,"minecraft:stone_pickaxe":97,"minecraft:oak_planks":36,"minecraft:wooden_pickaxe":23,"minecraft:composter":1,"minecraft:stonecutter":1,"minecraft:sand":5,"minecraft:oak_slab":5,"minecraft:crafting_table":7,"minecraft:blast_furnace":2,"minecraft:white_bed":12,"minecraft:iron_pickaxe":189,"minecraft:stone_axe":144,"minecraft:cobblestone":42,"minecraft:cooked_porkchop":7,"minecraft:andesite":5,"minecraft:bucket":92,"minecraft:yellow_bed":10},"minecraft:custom":{"minecraft:mob_kills":37,"minecraft:interact_with_crafting_table":29,"minecraft:bell_ring":8,"minecraft:leave_game":1,"minecraft:time_since_death":32970,"minecraft:climb_one_cm":720,"minecraft:sprint_one_cm":247576,"minecraft:walk_one_cm":306927,"minecraft:damage_blocked_by_shield":605,"minecraft:drop":84,"minecraft:talked_to_villager":4,"minecraft:deaths":2,"minecraft:sneak_time":19721,"minecraft:walk_under_water_one_cm":22135,"minecraft:jump":1501,"minecraft:interact_with_blast_furnace":3,"minecraft:walk_on_water_one_cm":44102,"minecraft:interact_with_furnace":90,"minecraft:play_one_minute":133791,"minecraft:interact_with_stonecutter":1,"minecraft:sleep_in_bed":6,"minecraft:time_since_rest":33000,"minecraft:damage_taken":1724,"minecraft:damage_dealt":7106,"minecraft:swim_one_cm":12417,"minecraft:fly_one_cm":248729,"minecraft:open_chest":11,"minecraft:crouch_one_cm":57189,"minecraft:fall_one_cm":31600}},"DataVersion":2586}