{"stats":{"minecraft:picked_up":{"minecraft:wooden_axe":1,"minecraft:iron_chestplate":8,"minecraft:wheat":9,"minecraft:chainmail_boots":2,"minecraft:anvil":3,"minecraft:yellow_wool":9,"minecraft:smithing_table":3,"minecraft:lead":23,"minecraft:oak_stairs":69,"minecraft:enchanted_book":1,"minecraft:stone_brick_stairs":2,"minecraft:string":52,"minecraft:soul_soil":23,"minecraft:iron_leggings":7,"minecraft:zombie_head":2,"minecraft:oak_sign":9,"minecraft:beetroot":4,"minecraft:diamond_leggings":2,"minecraft:gold_nugget":6,"minecraft:smooth_stone":203,"minecraft:bucket":2,"minecraft:redstone_torch":13,"minecraft:cobblestone_slab":32,"minecraft:ender_eye":1,"minecraft:iron_pickaxe":11,"minecraft:iron_boots":6,"minecraft:furnace":11,"minecraft:golden_helmet":4,"minecraft:stick":346,"minecraft:composter":9,"minecraft:oak_fence":108,"minecraft:torch":667,"minecraft:acacia_log":3,"minecraft:porkchop":30,"minecraft:diorite":463,"minecraft:golden_chestplate":3,"minecraft:cauldron":13,"minecraft:stone_sword":3,"minecraft:cactus":44,"minecraft:rotten_flesh":248,"minecraft:iron_block":31,"minecraft:bookshelf":6,"minecraft:white_terracotta":142,"minecraft:obsidian":8,"minecraft:cobblestone":6016,"minecraft:birch_log":285,"minecraft:enchanting_table":2,"minecraft:leather_chestplate":1,"minecraft:feather":12,"minecraft:water_bucket":15,"minecraft:andesite":589,"minecraft:golden_leggings":4,"minecraft:potato":443,"minecraft:flint":24,"minecraft:lapis_lazuli":163,"minecraft:dirt":6380,"minecraft:name_tag":11,"minecraft:leather_boots":1,"minecraft:glass":66,"minecraft:bone":126,"minecraft:acacia_planks":93,"minecraft:bow":12,"minecraft:stonecutter":7,"minecraft:wheat_seeds":305,"minecraft:bell":5,"minecraft:grindstone":1,"minecraft:fletching_table":16,"minecraft:diamond_helmet":1,"minecraft:powered_rail":7,"minecraft:stone_hoe":6,"minecraft:oak_planks":569,"minecraft:cooked_porkchop":1,"minecraft:sand":492,"minecraft:mossy_cobblestone":25,"minecraft:diamond":61,"minecraft:granite":242,"minecraft:bone_meal":1008,"minecraft:golden_apple":2,"minecraft:chainmail_helmet":1,"minecraft:golden_horse_armor":1,"minecraft:emerald":835,"minecraft:oak_sapling":338,"minecraft:netherrack":87,"minecraft:bricks":4,"minecraft:diamond_pickaxe":10,"minecraft:crafting_table":37,"minecraft:azure_bluet":16,"minecraft:chicken":5,"minecraft:ladder":1,"minecraft:clay_ball":42,"minecraft:leather_leggings":7,"minecraft:wooden_pickaxe":5,"minecraft:stone_brick_wall":18,"minecraft:gold_block":2,"minecraft:shield":11,"minecraft:cornflower":23,"minecraft:oak_trapdoor":4,"minecraft:iron_axe":8,"minecraft:flint_and_steel":6,"minecraft:netherite_scrap":16,"minecraft:iron_shovel":9,"minecraft:beef":3,"minecraft:oak_boat":34,"minecraft:poppy":31,"minecraft:minecart":24,"minecraft:lectern":21,"minecraft:sugar_cane":291,"minecraft:chest":5,"minecraft:birch_sapling":62,"minecraft:diamond_hoe":1,"minecraft:egg":2,"minecraft:sandstone":193,"minecraft:stone":261,"minecraft:oak_door":7,"minecraft:fire_charge":1,"minecraft:carrot":1177,"minecraft:redstone":87,"minecraft:tnt":2,"minecraft:arrow":119,"minecraft:stone_shovel":4,"minecraft:diamond_chestplate":2,"minecraft:beetroot_seeds":21,"minecraft:peony":1,"minecraft:diamond_boots":2,"minecraft:hay_block":10,"minecraft:gold_ingot":31,"minecraft:mutton":26,"minecraft:bone_block":43,"minecraft:rail":190,"minecraft:white_wool":25,"minecraft:oxeye_daisy":25,"minecraft:stripped_oak_log":11,"minecraft:salmon":21,"minecraft:leather":24,"minecraft:birch_planks":235,"minecraft:oak_log":1723,"minecraft:ancient_debris":16,"minecraft:yellow_bed":20,"minecraft:cobblestone_wall":1,"minecraft:gunpowder":59,"minecraft:cobblestone_stairs":9,"minecraft:paper":60,"minecraft:cooked_mutton":1,"minecraft:apple":43,"minecraft:stone_bricks":85,"minecraft:rabbit_hide":1,"minecraft:iron_ingot":248,"minecraft:oak_fence_gate":2,"minecraft:stone_pickaxe":7,"minecraft:iron_ore":481,"minecraft:stripped_oak_wood":3,"minecraft:iron_sword":7,"minecraft:acacia_sapling":5,"minecraft:soul_sand":6,"minecraft:green_dye":3,"minecraft:book":16,"minecraft:oak_slab":320,"minecraft:stone_brick_slab":46,"minecraft:dandelion":31,"minecraft:gravel":351,"minecraft:blast_furnace":11,"minecraft:white_bed":39,"minecraft:gold_ore":71,"minecraft:spider_eye":19,"minecraft:firework_rocket":1,"minecraft:stone_axe":91,"minecraft:chainmail_leggings":6,"minecraft:iron_helmet":11,"minecraft:diamond_axe":1,"minecraft:gray_wool":2,"minecraft:terracotta":11,"minecraft:baked_potato":559,"minecraft:coal":1104,"minecraft:ender_pearl":4},"minecraft:killed":{"minecraft:zombified_piglin":1,"minecraft:witch":2,"minecraft:spider":23,"minecraft:skeleton":47,"minecraft:chicken":1,"minecraft:silverfish":1,"minecraft:pig":12,"minecraft:zombie_villager":3,"minecraft:iron_golem":17,"minecraft:creeper":11,"minecraft:sheep":8,"minecraft:trader_llama":4,"minecraft:pillager":1,"minecraft:zombie":135,"minecraft:cow":1,"minecraft:horse":1,"minecraft:drowned":5,"minecraft:rabbit":1,"minecraft:wandering_trader":3,"minecraft:villager":6},"minecraft:used":{"minecraft:peony":1,"minecraft:beetroot":1,"minecraft:iron_shovel":3314,"minecraft:oak_sign":9,"minecraft:poppy":1,"minecraft:chest":16,"minecraft:white_terracotta":21,"minecraft:shield":146,"minecraft:stone":15,"minecraft:iron_sword":948,"minecraft:bell":4,"minecraft:rotten_flesh":11,"minecraft:soul_sand":6,"minecraft:carrot":438,"minecraft:acacia_sapling":1,"minecraft:obsidian":8,"minecraft:glass":348,"minecraft:lava_bucket":23,"minecraft:bricks":4,"minecraft:birch_sapling":46,"minecraft:stone_bricks":1106,"minecraft:bow":52,"minecraft:oak_sapling":220,"minecraft:furnace":15,"minecraft:egg":1,"minecraft:potato":44,"minecraft:diorite":100,"minecraft:stone_pickaxe":563,"minecraft:powered_rail":8,"minecraft:oak_planks":135,"minecraft:wooden_pickaxe":23,"minecraft:composter":14,"minecraft:diamond_axe":863,"minecraft:golden_apple":2,"minecraft:sand":15,"minecraft:blast_furnace":12,"minecraft:stone_brick_wall":31,"minecraft:redstone_torch":37,"minecraft:firework_rocket":1,"minecraft:string":2,"minecraft:lectern":21,"minecraft:gravel":58,"minecraft:grindstone":2,"minecraft:smithing_table":5,"minecraft:andesite":73,"minecraft:birch_log":1,"minecraft:oak_boat":30,"minecraft:bone_meal":1473,"minecraft:oak_fence":3,"minecraft:oak_trapdoor":1,"minecraft:enchanting_table":2,"minecraft:stone_sword":129,"minecraft:flint_and_steel":132,"minecraft:stone_shovel":1026,"minecraft:cooked_chicken":3,"minecraft:stone_hoe":113,"minecraft:netherrack":85,"minecraft:oak_door":7,"minecraft:torch":576,"minecraft:brewing_stand":1,"minecraft:dirt":3984,"minecraft:anvil":3,"minecraft:granite":31,"minecraft:stone_brick_slab":50,"minecraft:iron_axe":1163,"minecraft:oak_stairs":6,"minecraft:soul_soil":23,"minecraft:minecart":21,"minecraft:cooked_beef":4,"minecraft:acacia_planks":6,"minecraft:cooked_mutton":19,"minecraft:water_bucket":487,"minecraft:cobblestone_stairs":2,"minecraft:birch_planks":372,"minecraft:baked_potato":354,"minecraft:fletching_table":21,"minecraft:stonecutter":5,"minecraft:cobblestone_slab":273,"minecraft:rail":132,"minecraft:terracotta":2,"minecraft:oak_slab":454,"minecraft:crafting_table":37,"minecraft:white_bed":38,"minecraft:oak_log":50,"minecraft:ender_eye":1,"minecraft:diamond_pickaxe":1486,"minecraft:oxeye_daisy":1,"minecraft:iron_pickaxe":5634,"minecraft:stone_axe":497,"minecraft:cobblestone":630,"minecraft:cooked_porkchop":29,"minecraft:bucket":513,"minecraft:yellow_bed":21,"minecraft:gray_wool":1,"minecraft:smooth_stone":12},"minecraft:dropped":{"minecraft:iron_sword":3,"minecraft:birch_planks":43,"minecraft:lapis_lazuli":31,"minecraft:baked_potato":76,"minecraft:crafting_table":3,"minecraft:cooked_porkchop":2,"minecraft:leather":2,"minecraft:rail":1,"minecraft:cobblestone_stairs":7,"minecraft:emerald":174,"minecraft:flint":4,"minecraft:dirt":732,"minecraft:cornflower":23,"minecraft:gold_nugget":6,"minecraft:bone_meal":333,"minecraft:sand":37,"minecraft:iron_pickaxe":4,"minecraft:white_wool":8,"minecraft:cauldron":7,"minecraft:bone":8,"minecraft:gravel":4,"minecraft:oak_door":3,"minecraft:stone_axe":352,"minecraft:sugar_cane":1,"minecraft:cooked_chicken":3,"minecraft:golden_chestplate":3,"minecraft:wheat":1,"minecraft:birch_sapling":6,"minecraft:rotten_flesh":199,"minecraft:oak_planks":200,"minecraft:azure_bluet":16,"minecraft:white_bed":5,"minecraft:salmon":12,"minecraft:carrot":733,"minecraft:poppy":26,"minecraft:rabbit_hide":1,"minecraft:oak_fence_gate":2,"minecraft:leather_chestplate":1,"minecraft:gunpowder":25,"minecraft:stone_brick_wall":4,"minecraft:acacia_sapling":4,"minecraft:chainmail_boots":13,"minecraft:ladder":1,"minecraft:leather_leggings":7,"minecraft:iron_ore":7,"minecraft:arrow":6,"minecraft:glass":13,"minecraft:stone_brick_stairs":2,"minecraft:netherrack":2,"minecraft:stone_hoe":6,"minecraft:enchanted_book":1,"minecraft:water_bucket":5,"minecraft:iron_ingot":25,"minecraft:oak_slab":28,"minecraft:wheat_seeds":246,"minecraft:golden_helmet":3,"minecraft:mossy_cobblestone":28,"minecraft:golden_horse_armor":1,"minecraft:minecart":2,"minecraft:bookshelf":6,"minecraft:book":8,"minecraft:iron_helmet":5,"minecraft:oak_fence":47,"minecraft:feather":8,"minecraft:cobblestone":722,"minecraft:lead":5,"minecraft:apple":22,"minecraft:granite":60,"minecraft:acacia_log":1,"minecraft:chainmail_helmet":12,"minecraft:coal":14,"minecraft:stick":74,"minecraft:oxeye_daisy":24,"minecraft:gray_wool":1,"minecraft:diorite":61,"minecraft:torch":49,"minecraft:wooden_axe":1,"minecraft:zombie_head":1,"minecraft:fire_charge":1,"minecraft:iron_leggings":3,"minecraft:oak_stairs":48,"minecraft:iron_axe":2,"minecraft:smooth_stone":64,"minecraft:cactus":16,"minecraft:iron_shovel":3,"minecraft:chainmail_leggings":18,"minecraft:paper":60,"minecraft:string":29,"minecraft:acacia_planks":5,"minecraft:redstone":4,"minecraft:stone_brick_slab":6,"minecraft:dandelion":31,"minecraft:oak_trapdoor":3,"minecraft:stone_sword":2,"minecraft:cobblestone_wall":1,"minecraft:diamond_hoe":1,"minecraft:stone_shovel":67,"minecraft:chicken":2,"minecraft:clay_ball":42,"minecraft:iron_boots":3,"minecraft:white_terracotta":46,"minecraft:oak_sign":6,"minecraft:flint_and_steel":2,"minecraft:potato":1,"minecraft:hay_block":10,"minecraft:shield":4,"minecraft:diamond_pickaxe":1,"minecraft:iron_chestplate":4,"minecraft:andesite":90,"minecraft:yellow_bed":2,"minecraft:golden_leggings":3,"minecraft:oak_boat":3,"minecraft:oak_sapling":20,"minecraft:spider_eye":19,"minecraft:sandstone":1,"minecraft:bow":3,"minecraft:stone_pickaxe":8,"minecraft:wooden_pickaxe":3,"minecraft:bell":1,"minecraft:terracotta":8},"minecraft:mined":{"minecraft:oak_sapling":20,"minecraft:white_bed":28,"minecraft:farmland":14,"minecraft:cobblestone_stairs":4,"minecraft:obsidian":8,"minecraft:granite":160,"minecraft:acacia_log":4,"minecraft:stone_brick_wall":10,"minecraft:grass_block":1787,"minecraft:soul_soil":56,"minecraft:composter":8,"minecraft:oak_wall_sign":3,"minecraft:oxeye_daisy":2,"minecraft:smooth_stone":9,"minecraft:iron_ore":465,"minecraft:fire":84,"minecraft:anvil":2,"minecraft:fletching_table":15,"minecraft:azure_bluet":1,"minecraft:enchanting_table":1,"minecraft:oak_stairs":21,"minecraft:tripwire":1,"minecraft:soul_fire":8,"minecraft:clay":5,"minecraft:torch":141,"minecraft:blast_furnace":11,"minecraft:chest":5,"minecraft:dead_bush":8,"minecraft:glass":6,"minecraft:cobblestone":602,"minecraft:oak_planks":51,"minecraft:sugar_cane":83,"minecraft:bricks":3,"minecraft:grindstone":1,"minecraft:wall_torch":71,"minecraft:cauldron":3,"minecraft:birch_sapling":7,"minecraft:white_terracotta":61,"minecraft:seagrass":3,"minecraft:powered_rail":3,"minecraft:birch_log":204,"minecraft:yellow_wool":9,"minecraft:wheat":6,"minecraft:stripped_oak_wood":3,"minecraft:tnt":1,"minecraft:stone_brick_stairs":2,"minecraft:grass":324,"minecraft:oak_log":1544,"minecraft:beetroots":1,"minecraft:oak_fence_gate":2,"minecraft:sand":223,"minecraft:dirt":2324,"minecraft:crimson_planks":1,"minecraft:stonecutter":5,"minecraft:netherrack":97,"minecraft:oak_leaves":422,"minecraft:diamond_ore":14,"minecraft:mossy_cobblestone":15,"minecraft:oak_door":5,"minecraft:ladder":1,"minecraft:sandstone":77,"minecraft:hay_block":5,"minecraft:redstone_ore":19,"minecraft:oak_trapdoor":4,"minecraft:furnace":11,"minecraft:carrots":357,"minecraft:andesite":533,"minecraft:peony":1,"minecraft:gold_block":1,"minecraft:bell":4,"minecraft:potatoes":42,"minecraft:cobblestone_slab":20,"minecraft:rail":171,"minecraft:stripped_oak_log":5,"minecraft:stone":3937,"minecraft:redstone_wall_torch":1,"minecraft:white_wool":7,"minecraft:smithing_table":3,"minecraft:oak_slab":213,"minecraft:glass_pane":15,"minecraft:soul_sand":9,"minecraft:infested_stone_bricks":1,"minecraft:stone_brick_slab":35,"minecraft:dandelion":2,"minecraft:oak_fence":84,"minecraft:crafting_table":27,"minecraft:cornflower":1,"minecraft:lectern":20,"minecraft:tall_grass":54,"minecraft:lapis_ore":20,"minecraft:diorite":398,"minecraft:birch_planks":29,"minecraft:cobblestone_wall":2,"minecraft:redstone_torch":9,"minecraft:birch_leaves":50,"minecraft:yellow_bed":15,"minecraft:grass_path":387,"minecraft:coal_ore":868,"minecraft:gravel":235,"minecraft:cobweb":8,"minecraft:terracotta":4,"minecraft:acacia_planks":7,"minecraft:stone_bricks":23,"minecraft:gold_ore":40},"minecraft:crafted":{"minecraft:grindstone":1,"minecraft:smooth_stone":128,"minecraft:oak_planks":6092,"minecraft:chainmail_helmet":12,"minecraft:cobblestone_slab":276,"minecraft:oak_sign":12,"minecraft:cooked_chicken":6,"minecraft:stone":1156,"minecraft:cooked_mutton":25,"minecraft:green_dye":3,"minecraft:glass":361,"minecraft:stone_brick_slab":382,"minecraft:bow":3,"minecraft:iron_boots":4,"minecraft:chest":12,"minecraft:stone_hoe":3,"minecraft:oak_slab":282,"minecraft:emerald":441,"minecraft:cooked_porkchop":30,"minecraft:crafting_table":10,"minecraft:iron_helmet":6,"minecraft:wooden_pickaxe":1,"minecraft:baked_potato":172,"minecraft:smithing_table":2,"minecraft:fletching_table":5,"minecraft:birch_planks":508,"minecraft:iron_chestplate":5,"minecraft:paper":192,"minecraft:diamond_pickaxe":1,"minecraft:charcoal":5,"minecraft:shield":5,"minecraft:stick":11635,"minecraft:iron_ingot":536,"minecraft:iron_pickaxe":23,"minecraft:iron_block":24,"minecraft:stone_sword":2,"minecraft:gold_ingot":31,"minecraft:redstone_torch":34,"minecraft:composter":5,"minecraft:oak_door":3,"minecraft:coal":279,"minecraft:stone_shovel":70,"minecraft:stone_brick_wall":12,"minecraft:diamond_hoe":12,"minecraft:furnace":6,"minecraft:blast_furnace":1,"minecraft:yellow_bed":3,"minecraft:bone_meal":810,"minecraft:oak_trapdoor":2,"minecraft:flint_and_steel":3,"minecraft:iron_axe":5,"minecraft:stone_pickaxe":7,"minecraft:diamond_boots":1,"minecraft:netherite_scrap":16,"minecraft:chainmail_leggings":12,"minecraft:minecart":2,"minecraft:cooked_beef":4,"minecraft:coal_block":31,"minecraft:bone_block":18,"minecraft:diamond_sword":1,"minecraft:powered_rail":6,"minecraft:iron_sword":4,"minecraft:bucket":3,"minecraft:stone_axe":266,"minecraft:air":0,"minecraft:oak_boat":2,"minecraft:white_wool":3,"minecraft:chainmail_boots":12,"minecraft:iron_shovel":13,"minecraft:iron_leggings":3,"minecraft:white_bed":4,"minecraft:acacia_planks":8,"minecraft:torch":132,"minecraft:lapis_block":11},"minecraft:killed_by":{"minecraft:creeper":1,"minecraft:zombie":2,"minecraft:player":2,"minecraft:iron_golem":2},"minecraft:broken":{"minecraft:iron_shovel":12,"minecraft:diamond_helmet":1,"minecraft:iron_boots":1,"minecraft:iron_leggings":1,"minecraft:stone_pickaxe":3,"minecraft:diamond_boots":1,"minecraft:stone_axe":4,"minecraft:iron_sword":2,"minecraft:stone_shovel":7,"minecraft:stone_sword":1,"minecraft:flint_and_steel":1,"minecraft:shield":2,"minecraft:diamond_axe":1,"minecraft:iron_axe":3,"minecraft:iron_pickaxe":23,"minecraft:iron_helmet":1},"minecraft:custom":{"minecraft:interact_with_crafting_table":196,"minecraft:bell_ring":9,"minecraft:leave_game":23,"minecraft:time_since_death":13277,"minecraft:sprint_one_cm":3595638,"minecraft:damage_blocked_by_shield":12501,"minecraft:drop":1148,"minecraft:talked_to_villager":484,"minecraft:deaths":7,"minecraft:jump":23751,"minecraft:interact_with_brewingstand":1,"minecraft:walk_on_water_one_cm":243137,"minecraft:interact_with_furnace":400,"minecraft:traded_with_villager":815,"minecraft:play_one_minute":1590705,"minecraft:sleep_in_bed":61,"minecraft:damage_dealt":60868,"minecraft:crouch_one_cm":580714,"minecraft:horse_one_cm":189577,"minecraft:interact_with_smithing_table":3,"minecraft:mob_kills":292,"minecraft:climb_one_cm":1572,"minecraft:walk_one_cm":3761754,"minecraft:sneak_time":177394,"minecraft:walk_under_water_one_cm":151619,"minecraft:boat_one_cm":417624,"minecraft:interact_with_blast_furnace":35,"minecraft:interact_with_stonecutter":32,"minecraft:interact_with_grindstone":1,"minecraft:time_since_rest":13304,"minecraft:damage_absorbed":81,"minecraft:damage_taken":18234,"minecraft:minecart_one_cm":8557,"minecraft:swim_one_cm":94815,"minecraft:fly_one_cm":4084885,"minecraft:open_chest":579,"minecraft:fall_one_cm":397794}},"DataVersion":2586}