{"stats":{"minecraft:used":{"minecraft:peony":1,"minecraft:beetroot":1,"minecraft:iron_shovel":1318,"minecraft:poppy":1,"minecraft:oak_sign":9,"minecraft:chest":5,"minecraft:shield":63,"minecraft:white_terracotta":8,"minecraft:iron_sword":214,"minecraft:bell":2,"minecraft:rotten_flesh":9,"minecraft:carrot":201,"minecraft:acacia_sapling":1,"minecraft:obsidian":8,"minecraft:glass":308,"minecraft:lava_bucket":23,"minecraft:bricks":1,"minecraft:bow":20,"minecraft:furnace":11,"minecraft:oak_sapling":1,"minecraft:egg":1,"minecraft:potato":44,"minecraft:diorite":32,"minecraft:stone_pickaxe":563,"minecraft:oak_planks":135,"minecraft:wooden_pickaxe":23,"minecraft:composter":11,"minecraft:sand":6,"minecraft:blast_furnace":2,"minecraft:gravel":3,"minecraft:andesite":5,"minecraft:bone_meal":137,"minecraft:oak_fence":3,"minecraft:oak_trapdoor":1,"minecraft:stone_sword":129,"minecraft:flint_and_steel":81,"minecraft:stone_shovel":894,"minecraft:stone_hoe":106,"minecraft:cooked_chicken":2,"minecraft:torch":117,"minecraft:dirt":2177,"minecraft:granite":3,"minecraft:cooked_beef":4,"minecraft:acacia_planks":6,"minecraft:cooked_mutton":18,"minecraft:water_bucket":228,"minecraft:baked_potato":31,"minecraft:stonecutter":1,"minecraft:terracotta":2,"minecraft:oak_slab":21,"minecraft:crafting_table":15,"minecraft:white_bed":26,"minecraft:diamond_pickaxe":9,"minecraft:iron_pickaxe":798,"minecraft:stone_axe":254,"minecraft:cobblestone":161,"minecraft:cooked_porkchop":29,"minecraft:bucket":251,"minecraft:yellow_bed":20,"minecraft:gray_wool":1,"minecraft:smooth_stone":12},"minecraft:dropped":{"minecraft:iron_sword":1,"minecraft:birch_planks":40,"minecraft:lapis_lazuli":31,"minecraft:cooked_porkchop":2,"minecraft:cobblestone_stairs":3,"minecraft:dirt":231,"minecraft:cornflower":4,"minecraft:gold_nugget":6,"minecraft:bone_meal":5,"minecraft:sand":7,"minecraft:white_wool":1,"minecraft:cauldron":4,"minecraft:bone":2,"minecraft:oak_door":3,"minecraft:gravel":4,"minecraft:birch_sapling":1,"minecraft:rotten_flesh":30,"minecraft:azure_bluet":1,"minecraft:white_bed":5,"minecraft:poppy":1,"minecraft:acacia_sapling":4,"minecraft:ladder":1,"minecraft:iron_ore":5,"minecraft:arrow":2,"minecraft:stone_brick_stairs":2,"minecraft:stone_hoe":1,"minecraft:water_bucket":2,"minecraft:iron_ingot":21,"minecraft:oak_slab":16,"minecraft:wheat_seeds":161,"minecraft:mossy_cobblestone":19,"minecraft:iron_helmet":1,"minecraft:oak_fence":28,"minecraft:feather":8,"minecraft:cobblestone":3,"minecraft:lead":1,"minecraft:apple":1,"minecraft:granite":8,"minecraft:acacia_log":1,"minecraft:stick":6,"minecraft:oxeye_daisy":10,"minecraft:gray_wool":1,"minecraft:diorite":9,"minecraft:oak_stairs":15,"minecraft:cactus":16,"minecraft:string":11,"minecraft:acacia_planks":3,"minecraft:dandelion":26,"minecraft:oak_trapdoor":3,"minecraft:cobblestone_wall":1,"minecraft:stone_shovel":2,"minecraft:chicken":2,"minecraft:clay_ball":32,"minecraft:iron_boots":1,"minecraft:white_terracotta":28,"minecraft:hay_block":10,"minecraft:iron_chestplate":1,"minecraft:andesite":6,"minecraft:yellow_bed":2,"minecraft:golden_leggings":1,"minecraft:oak_sapling":5,"minecraft:spider_eye":6,"minecraft:sandstone":1,"minecraft:bow":1,"minecraft:stone_pickaxe":3,"minecraft:wooden_pickaxe":1,"minecraft:terracotta":6},"minecraft:broken":{"minecraft:iron_shovel":5,"minecraft:stone_pickaxe":3,"minecraft:stone_axe":2,"minecraft:stone_shovel":6,"minecraft:stone_sword":1,"minecraft:flint_and_steel":1,"minecraft:shield":1,"minecraft:iron_pickaxe":3},"minecraft:picked_up":{"minecraft:iron_chestplate":2,"minecraft:wheat":7,"minecraft:yellow_wool":9,"minecraft:lead":7,"minecraft:oak_stairs":17,"minecraft:stone_brick_stairs":2,"minecraft:string":16,"minecraft:iron_leggings":1,"minecraft:oak_sign":3,"minecraft:beetroot":4,"minecraft:gold_nugget":6,"minecraft:smooth_stone":17,"minecraft:bucket":1,"minecraft:iron_pickaxe":1,"minecraft:furnace":8,"minecraft:iron_boots":2,"minecraft:stick":23,"minecraft:composter":7,"minecraft:oak_fence":56,"minecraft:torch":116,"minecraft:acacia_log":3,"minecraft:porkchop":30,"minecraft:diorite":71,"minecraft:cauldron":7,"minecraft:stone_sword":2,"minecraft:cactus":44,"minecraft:rotten_flesh":50,"minecraft:white_terracotta":83,"minecraft:obsidian":8,"minecraft:cobblestone":1043,"minecraft:birch_log":15,"minecraft:feather":12,"minecraft:water_bucket":3,"minecraft:andesite":12,"minecraft:golden_leggings":2,"minecraft:potato":127,"minecraft:flint":5,"minecraft:lapis_lazuli":62,"minecraft:dirt":2597,"minecraft:name_tag":1,"minecraft:leather_boots":1,"minecraft:glass":53,"minecraft:bone":86,"minecraft:acacia_planks":88,"minecraft:stonecutter":2,"minecraft:bow":5,"minecraft:wheat_seeds":224,"minecraft:bell":2,"minecraft:oak_planks":142,"minecraft:cooked_porkchop":1,"minecraft:sand":453,"minecraft:mossy_cobblestone":21,"minecraft:diamond":3,"minecraft:granite":28,"minecraft:bone_meal":1,"minecraft:oak_sapling":14,"minecraft:bricks":1,"minecraft:crafting_table":13,"minecraft:azure_bluet":1,"minecraft:chicken":5,"minecraft:ladder":1,"minecraft:clay_ball":32,"minecraft:wooden_pickaxe":4,"minecraft:gold_block":2,"minecraft:shield":2,"minecraft:cornflower":4,"minecraft:oak_trapdoor":4,"minecraft:beef":3,"minecraft:poppy":5,"minecraft:chest":1,"minecraft:birch_sapling":1,"minecraft:egg":2,"minecraft:sandstone":129,"minecraft:stone":128,"minecraft:oak_door":3,"minecraft:carrot":415,"minecraft:redstone":18,"minecraft:arrow":33,"minecraft:stone_shovel":1,"minecraft:beetroot_seeds":18,"minecraft:peony":1,"minecraft:hay_block":10,"minecraft:mutton":26,"minecraft:white_wool":18,"minecraft:rail":8,"minecraft:oxeye_daisy":10,"minecraft:leather":11,"minecraft:oak_log":132,"minecraft:gunpowder":4,"minecraft:yellow_bed":19,"minecraft:cobblestone_wall":1,"minecraft:cobblestone_stairs":3,"minecraft:apple":1,"minecraft:iron_ingot":13,"minecraft:stone_pickaxe":3,"minecraft:iron_ore":118,"minecraft:stripped_oak_wood":1,"minecraft:iron_sword":1,"minecraft:acacia_sapling":5,"minecraft:green_dye":3,"minecraft:oak_slab":25,"minecraft:dandelion":26,"minecraft:gravel":22,"minecraft:blast_furnace":2,"minecraft:white_bed":28,"minecraft:gold_ore":9,"minecraft:spider_eye":6,"minecraft:stone_axe":1,"minecraft:iron_helmet":2,"minecraft:gray_wool":2,"minecraft:terracotta":11,"minecraft:coal":293},"minecraft:custom":{"minecraft:interact_with_crafting_table":71,"minecraft:bell_ring":8,"minecraft:leave_game":12,"minecraft:time_since_death":340454,"minecraft:sprint_one_cm":903480,"minecraft:damage_blocked_by_shield":3810,"minecraft:drop":185,"minecraft:talked_to_villager":6,"minecraft:deaths":2,"minecraft:jump":6601,"minecraft:walk_on_water_one_cm":124061,"minecraft:interact_with_furnace":169,"minecraft:play_one_minute":441275,"minecraft:sleep_in_bed":20,"minecraft:damage_dealt":16613,"minecraft:crouch_one_cm":166394,"minecraft:horse_one_cm":61306,"minecraft:mob_kills":101,"minecraft:climb_one_cm":720,"minecraft:walk_one_cm":1063787,"minecraft:sneak_time":57211,"minecraft:walk_under_water_one_cm":87442,"minecraft:interact_with_blast_furnace":14,"minecraft:interact_with_stonecutter":2,"minecraft:time_since_rest":29935,"minecraft:damage_taken":5211,"minecraft:swim_one_cm":54517,"minecraft:fly_one_cm":1180836,"minecraft:open_chest":83,"minecraft:fall_one_cm":140431},"minecraft:killed_by":{"minecraft:zombie":1,"minecraft:iron_golem":1},"minecraft:mined":{"minecraft:white_bed":18,"minecraft:farmland":13,"minecraft:cobblestone_stairs":3,"minecraft:obsidian":8,"minecraft:granite":29,"minecraft:acacia_log":4,"minecraft:grass_block":933,"minecraft:composter":7,"minecraft:oak_wall_sign":3,"minecraft:smooth_stone":9,"minecraft:iron_ore":117,"minecraft:fire":22,"minecraft:azure_bluet":1,"minecraft:oak_stairs":14,"minecraft:clay":4,"minecraft:torch":18,"minecraft:blast_furnace":2,"minecraft:chest":1,"minecraft:glass":2,"minecraft:cobblestone":188,"minecraft:oak_planks":35,"minecraft:bricks":1,"minecraft:wall_torch":26,"minecraft:cauldron":3,"minecraft:white_terracotta":59,"minecraft:yellow_wool":9,"minecraft:birch_log":13,"minecraft:wheat":4,"minecraft:stripped_oak_wood":1,"minecraft:stone_brick_stairs":2,"minecraft:grass":118,"minecraft:oak_log":113,"minecraft:beetroots":1,"minecraft:sand":216,"minecraft:dirt":1126,"minecraft:stonecutter":1,"minecraft:oak_leaves":9,"minecraft:diamond_ore":3,"minecraft:mossy_cobblestone":13,"minecraft:ladder":1,"minecraft:sandstone":70,"minecraft:hay_block":5,"minecraft:redstone_ore":4,"minecraft:oak_trapdoor":4,"minecraft:furnace":8,"minecraft:carrots":117,"minecraft:andesite":27,"minecraft:peony":1,"minecraft:gold_block":1,"minecraft:bell":2,"minecraft:potatoes":38,"minecraft:rail":8,"minecraft:stone":476,"minecraft:white_wool":7,"minecraft:oak_slab":13,"minecraft:glass_pane":9,"minecraft:soul_sand":1,"minecraft:dandelion":1,"minecraft:oak_fence":39,"minecraft:crafting_table":9,"minecraft:tall_grass":19,"minecraft:diorite":43,"minecraft:cobblestone_wall":2,"minecraft:yellow_bed":14,"minecraft:grass_path":200,"minecraft:coal_ore":259,"minecraft:gravel":29,"minecraft:terracotta":4,"minecraft:acacia_planks":2,"minecraft:gold_ore":9},"minecraft:killed":{"minecraft:spider":8,"minecraft:skeleton":21,"minecraft:chicken":1,"minecraft:pig":12,"minecraft:zombie_villager":1,"minecraft:iron_golem":2,"minecraft:creeper":3,"minecraft:sheep":8,"minecraft:trader_llama":2,"minecraft:zombie":34,"minecraft:cow":1,"minecraft:horse":1,"minecraft:drowned":4,"minecraft:wandering_trader":1},"minecraft:crafted":{"minecraft:oak_planks":332,"minecraft:smooth_stone":128,"minecraft:oak_sign":12,"minecraft:cooked_chicken":2,"minecraft:cooked_mutton":25,"minecraft:green_dye":3,"minecraft:glass":361,"minecraft:bow":2,"minecraft:iron_boots":2,"minecraft:chest":4,"minecraft:stone_hoe":1,"minecraft:oak_slab":66,"minecraft:cooked_porkchop":30,"minecraft:crafting_table":5,"minecraft:iron_helmet":2,"minecraft:wooden_pickaxe":1,"minecraft:baked_potato":96,"minecraft:birch_planks":40,"minecraft:iron_chestplate":2,"minecraft:charcoal":5,"minecraft:diamond_pickaxe":1,"minecraft:shield":1,"minecraft:stick":80,"minecraft:iron_ingot":120,"minecraft:iron_pickaxe":4,"minecraft:stone_sword":1,"minecraft:gold_ingot":9,"minecraft:composter":5,"minecraft:stone_shovel":7,"minecraft:furnace":4,"minecraft:yellow_bed":3,"minecraft:bone_meal":231,"minecraft:oak_trapdoor":2,"minecraft:flint_and_steel":2,"minecraft:stone_pickaxe":6,"minecraft:minecart":1,"minecraft:cooked_beef":4,"minecraft:bone_block":10,"minecraft:iron_sword":1,"minecraft:bucket":2,"minecraft:stone_axe":3,"minecraft:air":0,"minecraft:oak_boat":1,"minecraft:iron_shovel":6,"minecraft:iron_leggings":2,"minecraft:white_bed":3,"minecraft:acacia_planks":8,"minecraft:torch":8}},"DataVersion":2586}