{"stats":{"minecraft:crafted":{"minecraft:oak_planks":128,"minecraft:stone_shovel":5,"minecraft:cooked_chicken":1,"minecraft:furnace":4,"minecraft:yellow_bed":3,"minecraft:flint_and_steel":1,"minecraft:cooked_mutton":23,"minecraft:green_dye":3,"minecraft:glass":153,"minecraft:bow":1,"minecraft:iron_boots":1,"minecraft:stone_pickaxe":3,"minecraft:chest":1,"minecraft:cooked_beef":4,"minecraft:cooked_porkchop":8,"minecraft:crafting_table":3,"minecraft:wooden_pickaxe":1,"minecraft:iron_helmet":1,"minecraft:iron_sword":1,"minecraft:bucket":1,"minecraft:birch_planks":40,"minecraft:stone_axe":2,"minecraft:air":0,"minecraft:iron_chestplate":1,"minecraft:charcoal":5,"minecraft:stick":24,"minecraft:iron_ingot":49,"minecraft:iron_pickaxe":1,"minecraft:stone_sword":1,"minecraft:iron_leggings":1,"minecraft:white_bed":3,"minecraft:acacia_planks":8,"minecraft:torch":8},"minecraft:broken":{"minecraft:stone_sword":1,"minecraft:stone_axe":1,"minecraft:stone_shovel":4},"minecraft:dropped":{"minecraft:iron_ingot":19,"minecraft:water_bucket":1,"minecraft:iron_sword":1,"minecraft:oak_slab":15,"minecraft:birch_planks":40,"minecraft:lapis_lazuli":31,"minecraft:wheat_seeds":2,"minecraft:mossy_cobblestone":6,"minecraft:cooked_porkchop":2,"minecraft:oak_fence":26,"minecraft:feather":4,"minecraft:cobblestone":2,"minecraft:lead":1,"minecraft:apple":1,"minecraft:granite":8,"minecraft:acacia_log":1,"minecraft:cobblestone_stairs":1,"minecraft:stick":6,"minecraft:dirt":228,"minecraft:diorite":3,"minecraft:oak_stairs":14,"minecraft:gold_nugget":6,"minecraft:sand":7,"minecraft:cactus":16,"minecraft:string":5,"minecraft:white_wool":1,"minecraft:dandelion":4,"minecraft:bone":2,"minecraft:oak_door":1,"minecraft:gravel":4,"minecraft:birch_sapling":1,"minecraft:stone_shovel":2,"minecraft:chicken":1,"minecraft:rotten_flesh":12,"minecraft:white_terracotta":28,"minecraft:white_bed":5,"minecraft:poppy":1,"minecraft:hay_block":10,"minecraft:yellow_bed":2,"minecraft:ladder":1,"minecraft:acacia_sapling":4,"minecraft:oak_sapling":5,"minecraft:spider_eye":3,"minecraft:iron_ore":5,"minecraft:sandstone":1,"minecraft:arrow":2,"minecraft:stone_pickaxe":1,"minecraft:wooden_pickaxe":1,"minecraft:stone_brick_stairs":2,"minecraft:terracotta":4},"minecraft:mined":{"minecraft:white_bed":5,"minecraft:mossy_cobblestone":3,"minecraft:cobblestone_stairs":1,"minecraft:granite":10,"minecraft:ladder":1,"minecraft:acacia_log":4,"minecraft:grass_block":223,"minecraft:composter":1,"minecraft:sandstone":69,"minecraft:hay_block":5,"minecraft:smooth_stone":8,"minecraft:oak_trapdoor":2,"minecraft:furnace":5,"minecraft:iron_ore":24,"minecraft:fire":1,"minecraft:andesite":8,"minecraft:peony":1,"minecraft:gold_block":1,"minecraft:oak_stairs":11,"minecraft:stone":99,"minecraft:white_wool":7,"minecraft:oak_slab":9,"minecraft:glass_pane":2,"minecraft:oak_fence":29,"minecraft:crafting_table":5,"minecraft:torch":16,"minecraft:blast_furnace":2,"minecraft:glass":1,"minecraft:cobblestone":34,"minecraft:tall_grass":10,"minecraft:oak_planks":16,"minecraft:diorite":9,"minecraft:wall_torch":23,"minecraft:white_terracotta":12,"minecraft:yellow_wool":9,"minecraft:birch_log":13,"minecraft:yellow_bed":5,"minecraft:grass_path":75,"minecraft:stone_brick_stairs":2,"minecraft:grass":45,"minecraft:oak_log":38,"minecraft:gravel":5,"minecraft:dirt":410,"minecraft:sand":94,"minecraft:acacia_planks":2,"minecraft:stonecutter":1,"minecraft:oak_leaves":9},"minecraft:picked_up":{"minecraft:iron_chestplate":1,"minecraft:crafting_table":9,"minecraft:wheat":3,"minecraft:clay_ball":16,"minecraft:chicken":3,"minecraft:ladder":1,"minecraft:yellow_wool":9,"minecraft:lead":7,"minecraft:wooden_pickaxe":3,"minecraft:oak_stairs":14,"minecraft:gold_block":2,"minecraft:stone_brick_stairs":2,"minecraft:shield":2,"minecraft:oak_trapdoor":2,"minecraft:string":5,"minecraft:iron_leggings":1,"minecraft:beetroot":3,"minecraft:gold_nugget":6,"minecraft:smooth_stone":16,"minecraft:bucket":1,"minecraft:beef":3,"minecraft:poppy":5,"minecraft:iron_pickaxe":1,"minecraft:birch_sapling":1,"minecraft:iron_boots":1,"minecraft:egg":2,"minecraft:furnace":5,"minecraft:stick":23,"minecraft:sandstone":129,"minecraft:oak_door":1,"minecraft:composter":1,"minecraft:oak_fence":46,"minecraft:torch":84,"minecraft:acacia_log":3,"minecraft:porkchop":18,"minecraft:diorite":35,"minecraft:carrot":28,"minecraft:cactus":44,"minecraft:stone_sword":2,"minecraft:arrow":21,"minecraft:stone_shovel":1,"minecraft:rotten_flesh":14,"minecraft:beetroot_seeds":16,"minecraft:peony":1,"minecraft:hay_block":10,"minecraft:white_terracotta":36,"minecraft:mutton":24,"minecraft:white_wool":18,"minecraft:cobblestone":525,"minecraft:birch_log":15,"minecraft:feather":6,"minecraft:water_bucket":2,"minecraft:andesite":5,"minecraft:leather":9,"minecraft:golden_leggings":1,"minecraft:flint":1,"minecraft:oak_log":57,"minecraft:yellow_bed":10,"minecraft:cobblestone_stairs":1,"minecraft:lapis_lazuli":62,"minecraft:dirt":993,"minecraft:bone":15,"minecraft:acacia_planks":86,"minecraft:apple":1,"minecraft:bow":2,"minecraft:stonecutter":2,"minecraft:iron_ingot":12,"minecraft:wheat_seeds":119,"minecraft:iron_ore":25,"minecraft:stone_pickaxe":2,"minecraft:iron_sword":1,"minecraft:acacia_sapling":5,"minecraft:oak_planks":123,"minecraft:green_dye":3,"minecraft:oak_slab":20,"minecraft:cooked_porkchop":1,"minecraft:dandelion":4,"minecraft:gravel":4,"minecraft:sand":332,"minecraft:blast_furnace":2,"minecraft:spider_eye":3,"minecraft:white_bed":15,"minecraft:mossy_cobblestone":8,"minecraft:stone_axe":1,"minecraft:iron_helmet":1,"minecraft:granite":10,"minecraft:terracotta":6,"minecraft:oak_sapling":14},"minecraft:killed":{"minecraft:spider":3,"minecraft:skeleton":11,"minecraft:chicken":1,"minecraft:drowned":2,"minecraft:pig":6,"minecraft:zombie_villager":1,"minecraft:iron_golem":2,"minecraft:wandering_trader":1,"minecraft:sheep":7,"minecraft:trader_llama":2,"minecraft:zombie":9,"minecraft:cow":1},"minecraft:killed_by":{"minecraft:iron_golem":1,"minecraft:zombie":1},"minecraft:used":{"minecraft:peony":1,"minecraft:oak_fence":3,"minecraft:flint_and_steel":17,"minecraft:stone_sword":129,"minecraft:stone_shovel":625,"minecraft:poppy":1,"minecraft:chest":1,"minecraft:shield":18,"minecraft:white_terracotta":8,"minecraft:iron_sword":47,"minecraft:cooked_chicken":1,"minecraft:torch":56,"minecraft:dirt":518,"minecraft:acacia_sapling":1,"minecraft:granite":2,"minecraft:glass":150,"minecraft:oak_sapling":1,"minecraft:furnace":8,"minecraft:egg":1,"minecraft:cooked_beef":4,"minecraft:acacia_planks":6,"minecraft:cooked_mutton":15,"minecraft:water_bucket":91,"minecraft:diorite":32,"minecraft:stone_pickaxe":103,"minecraft:oak_planks":36,"minecraft:wooden_pickaxe":23,"minecraft:composter":1,"minecraft:stonecutter":1,"minecraft:sand":5,"minecraft:oak_slab":5,"minecraft:crafting_table":7,"minecraft:blast_furnace":2,"minecraft:white_bed":13,"minecraft:iron_pickaxe":189,"minecraft:stone_axe":144,"minecraft:cobblestone":42,"minecraft:cooked_porkchop":7,"minecraft:andesite":5,"minecraft:bucket":92,"minecraft:yellow_bed":11},"minecraft:custom":{"minecraft:mob_kills":46,"minecraft:interact_with_crafting_table":31,"minecraft:bell_ring":8,"minecraft:leave_game":1,"minecraft:time_since_death":56970,"minecraft:climb_one_cm":720,"minecraft:sprint_one_cm":297411,"minecraft:walk_one_cm":372338,"minecraft:damage_blocked_by_shield":620,"minecraft:drop":100,"minecraft:talked_to_villager":4,"minecraft:deaths":2,"minecraft:sneak_time":22079,"minecraft:walk_under_water_one_cm":32829,"minecraft:jump":1866,"minecraft:interact_with_blast_furnace":3,"minecraft:walk_on_water_one_cm":46666,"minecraft:interact_with_furnace":103,"minecraft:play_one_minute":157791,"minecraft:interact_with_stonecutter":1,"minecraft:sleep_in_bed":6,"minecraft:time_since_rest":57000,"minecraft:damage_taken":2232,"minecraft:damage_dealt":8776,"minecraft:swim_one_cm":13128,"minecraft:fly_one_cm":294913,"minecraft:open_chest":26,"minecraft:crouch_one_cm":63989,"minecraft:fall_one_cm":38953}},"DataVersion":2586}