{"stats":{"minecraft:crafted":{"minecraft:oak_planks":128,"minecraft:stone_shovel":6,"minecraft:cooked_chicken":1,"minecraft:furnace":4,"minecraft:yellow_bed":3,"minecraft:cooked_mutton":23,"minecraft:flint_and_steel":1,"minecraft:green_dye":3,"minecraft:glass":153,"minecraft:bow":1,"minecraft:iron_boots":1,"minecraft:stone_pickaxe":5,"minecraft:chest":2,"minecraft:cooked_beef":4,"minecraft:cooked_porkchop":23,"minecraft:crafting_table":3,"minecraft:baked_potato":1,"minecraft:iron_helmet":1,"minecraft:wooden_pickaxe":1,"minecraft:iron_sword":1,"minecraft:bucket":1,"minecraft:birch_planks":40,"minecraft:stone_axe":2,"minecraft:air":0,"minecraft:iron_chestplate":1,"minecraft:diamond_pickaxe":1,"minecraft:charcoal":5,"minecraft:stick":40,"minecraft:iron_ingot":109,"minecraft:iron_pickaxe":2,"minecraft:stone_sword":1,"minecraft:iron_leggings":1,"minecraft:white_bed":3,"minecraft:acacia_planks":8,"minecraft:torch":8},"minecraft:broken":{"minecraft:stone_sword":1,"minecraft:stone_pickaxe":2,"minecraft:stone_axe":1,"minecraft:iron_pickaxe":1,"minecraft:stone_shovel":4},"minecraft:dropped":{"minecraft:water_bucket":2,"minecraft:iron_ingot":19,"minecraft:iron_sword":1,"minecraft:oak_slab":15,"minecraft:birch_planks":40,"minecraft:wheat_seeds":2,"minecraft:lapis_lazuli":31,"minecraft:mossy_cobblestone":6,"minecraft:cooked_porkchop":2,"minecraft:oak_fence":26,"minecraft:feather":8,"minecraft:cobblestone":2,"minecraft:lead":1,"minecraft:apple":1,"minecraft:granite":8,"minecraft:acacia_log":1,"minecraft:cobblestone_stairs":1,"minecraft:stick":6,"minecraft:dirt":229,"minecraft:gray_wool":1,"minecraft:diorite":5,"minecraft:oak_stairs":15,"minecraft:gold_nugget":6,"minecraft:sand":7,"minecraft:cactus":16,"minecraft:string":6,"minecraft:white_wool":1,"minecraft:dandelion":4,"minecraft:bone":2,"minecraft:oak_door":1,"minecraft:gravel":4,"minecraft:birch_sapling":1,"minecraft:stone_shovel":2,"minecraft:chicken":2,"minecraft:rotten_flesh":12,"minecraft:clay_ball":16,"minecraft:white_terracotta":28,"minecraft:white_bed":5,"minecraft:poppy":1,"minecraft:hay_block":10,"minecraft:yellow_bed":2,"minecraft:golden_leggings":1,"minecraft:oak_sapling":5,"minecraft:acacia_sapling":4,"minecraft:ladder":1,"minecraft:spider_eye":4,"minecraft:bow":1,"minecraft:iron_ore":5,"minecraft:sandstone":1,"minecraft:arrow":2,"minecraft:stone_pickaxe":2,"minecraft:wooden_pickaxe":1,"minecraft:stone_brick_stairs":2,"minecraft:terracotta":6},"minecraft:mined":{"minecraft:diamond_ore":3,"minecraft:white_bed":5,"minecraft:mossy_cobblestone":3,"minecraft:cobblestone_stairs":1,"minecraft:obsidian":8,"minecraft:ladder":1,"minecraft:granite":22,"minecraft:acacia_log":4,"minecraft:grass_block":249,"minecraft:composter":1,"minecraft:sandstone":70,"minecraft:hay_block":5,"minecraft:smooth_stone":8,"minecraft:oak_trapdoor":2,"minecraft:furnace":5,"minecraft:iron_ore":83,"minecraft:fire":1,"minecraft:andesite":8,"minecraft:peony":1,"minecraft:gold_block":1,"minecraft:bell":1,"minecraft:oak_stairs":14,"minecraft:stone":314,"minecraft:white_wool":7,"minecraft:oak_slab":9,"minecraft:glass_pane":2,"minecraft:soul_sand":1,"minecraft:oak_fence":29,"minecraft:crafting_table":7,"minecraft:torch":16,"minecraft:blast_furnace":2,"minecraft:tall_grass":10,"minecraft:glass":1,"minecraft:cobblestone":47,"minecraft:oak_planks":16,"minecraft:bricks":1,"minecraft:diorite":23,"minecraft:wall_torch":24,"minecraft:white_terracotta":12,"minecraft:yellow_wool":9,"minecraft:birch_log":13,"minecraft:stone_brick_stairs":2,"minecraft:grass_path":80,"minecraft:yellow_bed":5,"minecraft:grass":54,"minecraft:coal_ore":72,"minecraft:oak_log":43,"minecraft:gravel":5,"minecraft:dirt":457,"minecraft:sand":94,"minecraft:terracotta":2,"minecraft:acacia_planks":2,"minecraft:stonecutter":1,"minecraft:gold_ore":9,"minecraft:oak_leaves":9},"minecraft:picked_up":{"minecraft:iron_chestplate":1,"minecraft:crafting_table":11,"minecraft:wheat":3,"minecraft:chicken":5,"minecraft:ladder":1,"minecraft:clay_ball":16,"minecraft:yellow_wool":9,"minecraft:lead":7,"minecraft:wooden_pickaxe":3,"minecraft:oak_stairs":17,"minecraft:gold_block":2,"minecraft:stone_brick_stairs":2,"minecraft:shield":2,"minecraft:string":6,"minecraft:oak_trapdoor":2,"minecraft:iron_leggings":1,"minecraft:beetroot":3,"minecraft:gold_nugget":6,"minecraft:smooth_stone":16,"minecraft:bucket":1,"minecraft:beef":3,"minecraft:poppy":5,"minecraft:iron_pickaxe":1,"minecraft:birch_sapling":1,"minecraft:furnace":5,"minecraft:iron_boots":1,"minecraft:egg":2,"minecraft:stick":23,"minecraft:sandstone":129,"minecraft:oak_door":1,"minecraft:composter":1,"minecraft:oak_fence":46,"minecraft:torch":87,"minecraft:acacia_log":3,"minecraft:porkchop":23,"minecraft:diorite":52,"minecraft:carrot":28,"minecraft:stone_sword":2,"minecraft:arrow":23,"minecraft:cactus":44,"minecraft:stone_shovel":1,"minecraft:rotten_flesh":23,"minecraft:beetroot_seeds":16,"minecraft:peony":1,"minecraft:hay_block":10,"minecraft:white_terracotta":36,"minecraft:obsidian":8,"minecraft:mutton":26,"minecraft:white_wool":18,"minecraft:cobblestone":742,"minecraft:birch_log":15,"minecraft:feather":12,"minecraft:water_bucket":3,"minecraft:andesite":5,"minecraft:leather":9,"minecraft:golden_leggings":1,"minecraft:potato":1,"minecraft:flint":1,"minecraft:oak_log":62,"minecraft:yellow_bed":10,"minecraft:cobblestone_stairs":1,"minecraft:lapis_lazuli":62,"minecraft:dirt":1116,"minecraft:bone":15,"minecraft:bell":1,"minecraft:acacia_planks":86,"minecraft:apple":1,"minecraft:bow":4,"minecraft:stonecutter":2,"minecraft:wheat_seeds":120,"minecraft:iron_ore":84,"minecraft:iron_ingot":12,"minecraft:stone_pickaxe":2,"minecraft:iron_sword":1,"minecraft:oak_planks":123,"minecraft:acacia_sapling":5,"minecraft:green_dye":3,"minecraft:oak_slab":20,"minecraft:cooked_porkchop":1,"minecraft:dandelion":4,"minecraft:gravel":4,"minecraft:sand":332,"minecraft:blast_furnace":2,"minecraft:white_bed":15,"minecraft:gold_ore":9,"minecraft:spider_eye":4,"minecraft:mossy_cobblestone":8,"minecraft:diamond":3,"minecraft:stone_axe":1,"minecraft:iron_helmet":1,"minecraft:gray_wool":2,"minecraft:granite":24,"minecraft:terracotta":9,"minecraft:oak_sapling":14,"minecraft:bricks":1,"minecraft:coal":72},"minecraft:killed":{"minecraft:spider":4,"minecraft:skeleton":12,"minecraft:chicken":1,"minecraft:drowned":4,"minecraft:pig":9,"minecraft:zombie_villager":1,"minecraft:iron_golem":2,"minecraft:wandering_trader":1,"minecraft:sheep":8,"minecraft:trader_llama":2,"minecraft:zombie":17,"minecraft:cow":1},"minecraft:killed_by":{"minecraft:iron_golem":1,"minecraft:zombie":1},"minecraft:used":{"minecraft:oak_fence":3,"minecraft:peony":1,"minecraft:stone_sword":129,"minecraft:flint_and_steel":20,"minecraft:stone_shovel":696,"minecraft:poppy":1,"minecraft:chest":2,"minecraft:shield":25,"minecraft:white_terracotta":8,"minecraft:iron_sword":93,"minecraft:bell":1,"minecraft:rotten_flesh":4,"minecraft:cooked_chicken":1,"minecraft:torch":80,"minecraft:dirt":633,"minecraft:acacia_sapling":1,"minecraft:granite":3,"minecraft:obsidian":8,"minecraft:glass":150,"minecraft:lava_bucket":22,"minecraft:bricks":1,"minecraft:bow":10,"minecraft:oak_sapling":1,"minecraft:furnace":8,"minecraft:egg":1,"minecraft:cooked_beef":4,"minecraft:potato":1,"minecraft:acacia_planks":6,"minecraft:cooked_mutton":16,"minecraft:water_bucket":106,"minecraft:diorite":32,"minecraft:stone_pickaxe":432,"minecraft:baked_potato":1,"minecraft:oak_planks":36,"minecraft:wooden_pickaxe":23,"minecraft:composter":1,"minecraft:stonecutter":1,"minecraft:sand":5,"minecraft:blast_furnace":2,"minecraft:terracotta":2,"minecraft:oak_slab":5,"minecraft:crafting_table":9,"minecraft:white_bed":13,"minecraft:diamond_pickaxe":9,"minecraft:iron_pickaxe":263,"minecraft:stone_axe":154,"minecraft:cobblestone":97,"minecraft:cooked_porkchop":18,"minecraft:andesite":5,"minecraft:bucket":129,"minecraft:yellow_bed":11,"minecraft:gray_wool":1},"minecraft:custom":{"minecraft:mob_kills":62,"minecraft:interact_with_crafting_table":38,"minecraft:bell_ring":8,"minecraft:leave_game":6,"minecraft:time_since_death":137641,"minecraft:climb_one_cm":720,"minecraft:sprint_one_cm":455220,"minecraft:walk_one_cm":535856,"minecraft:damage_blocked_by_shield":1825,"minecraft:drop":116,"minecraft:talked_to_villager":6,"minecraft:sneak_time":32515,"minecraft:deaths":2,"minecraft:walk_under_water_one_cm":42333,"minecraft:jump":3563,"minecraft:interact_with_blast_furnace":7,"minecraft:walk_on_water_one_cm":57849,"minecraft:interact_with_furnace":122,"minecraft:play_one_minute":238462,"minecraft:interact_with_stonecutter":1,"minecraft:sleep_in_bed":10,"minecraft:time_since_rest":3058,"minecraft:damage_taken":3140,"minecraft:damage_dealt":11036,"minecraft:swim_one_cm":18098,"minecraft:fly_one_cm":594673,"minecraft:open_chest":38,"minecraft:crouch_one_cm":81078,"minecraft:fall_one_cm":80593,"minecraft:horse_one_cm":54703}},"DataVersion":2586}