{"stats":{"minecraft:crafted":{"minecraft:acacia_planks":8},"minecraft:picked_up":{"minecraft:acacia_log":2,"minecraft:dirt":1,"minecraft:egg":1},"minecraft:mined":{"minecraft:acacia_log":2,"minecraft:grass_block":1},"minecraft:used":{"minecraft:dirt":1},"minecraft:custom":{"minecraft:jump":58,"minecraft:time_since_rest":7974,"minecraft:crouch_one_cm":390,"minecraft:damage_dealt":15,"minecraft:play_one_minute":7974,"minecraft:walk_on_water_one_cm":205,"minecraft:sprint_one_cm":7427,"minecraft:damage_taken":40,"minecraft:time_since_death":7974,"minecraft:walk_one_cm":2578,"minecraft:sneak_time":171,"minecraft:walk_under_water_one_cm":17,"minecraft:swim_one_cm":568,"minecraft:fall_one_cm":1031,"minecraft:fly_one_cm":10230}},"DataVersion":2586}