{"stats":{"minecraft:crafted":{"minecraft:oak_planks":128,"minecraft:stone_shovel":3,"minecraft:cooked_chicken":1,"minecraft:furnace":4,"minecraft:yellow_bed":3,"minecraft:cooked_mutton":12,"minecraft:green_dye":3,"minecraft:glass":129,"minecraft:iron_boots":1,"minecraft:stone_pickaxe":2,"minecraft:cooked_beef":4,"minecraft:cooked_porkchop":8,"minecraft:crafting_table":3,"minecraft:wooden_pickaxe":1,"minecraft:iron_helmet":1,"minecraft:bucket":1,"minecraft:birch_planks":40,"minecraft:stone_axe":1,"minecraft:air":0,"minecraft:iron_chestplate":1,"minecraft:charcoal":5,"minecraft:stick":20,"minecraft:iron_ingot":28,"minecraft:iron_pickaxe":1,"minecraft:stone_sword":1,"minecraft:iron_leggings":1,"minecraft:white_bed":3,"minecraft:acacia_planks":8,"minecraft:torch":8},"minecraft:broken":{"minecraft:stone_shovel":3},"minecraft:dropped":{"minecraft:water_bucket":1,"minecraft:oak_slab":15,"minecraft:birch_planks":40,"minecraft:wheat_seeds":1,"minecraft:cooked_porkchop":2,"minecraft:cobblestone":2,"minecraft:apple":1,"minecraft:granite":2,"minecraft:acacia_log":1,"minecraft:stick":6,"minecraft:dirt":180,"minecraft:gold_nugget":6,"minecraft:sand":7,"minecraft:cactus":16,"minecraft:string":3,"minecraft:white_wool":1,"minecraft:dandelion":2,"minecraft:bone":2,"minecraft:birch_sapling":1,"minecraft:white_bed":5,"minecraft:poppy":1,"minecraft:hay_block":10,"minecraft:yellow_bed":2,"minecraft:ladder":1,"minecraft:acacia_sapling":4,"minecraft:oak_sapling":5,"minecraft:iron_ore":5,"minecraft:sandstone":1,"minecraft:arrow":2,"minecraft:stone_pickaxe":1,"minecraft:wooden_pickaxe":1,"minecraft:stone_brick_stairs":2},"minecraft:mined":{"minecraft:white_bed":4,"minecraft:granite":2,"minecraft:ladder":1,"minecraft:acacia_log":4,"minecraft:grass_block":117,"minecraft:composter":1,"minecraft:sandstone":69,"minecraft:hay_block":5,"minecraft:smooth_stone":8,"minecraft:furnace":5,"minecraft:iron_ore":24,"minecraft:andesite":8,"minecraft:peony":1,"minecraft:gold_block":1,"minecraft:stone":91,"minecraft:white_wool":7,"minecraft:oak_slab":9,"minecraft:glass_pane":1,"minecraft:oak_fence":17,"minecraft:crafting_table":5,"minecraft:torch":16,"minecraft:blast_furnace":2,"minecraft:glass":1,"minecraft:cobblestone":18,"minecraft:tall_grass":8,"minecraft:oak_planks":15,"minecraft:diorite":6,"minecraft:wall_torch":17,"minecraft:yellow_wool":9,"minecraft:birch_log":13,"minecraft:yellow_bed":4,"minecraft:grass_path":52,"minecraft:stone_brick_stairs":2,"minecraft:grass":35,"minecraft:oak_log":35,"minecraft:dirt":287,"minecraft:sand":94,"minecraft:acacia_planks":2,"minecraft:stonecutter":1,"minecraft:oak_leaves":9},"minecraft:picked_up":{"minecraft:iron_chestplate":1,"minecraft:crafting_table":9,"minecraft:wheat":3,"minecraft:chicken":1,"minecraft:ladder":1,"minecraft:yellow_wool":9,"minecraft:lead":4,"minecraft:wooden_pickaxe":2,"minecraft:gold_block":2,"minecraft:stone_brick_stairs":2,"minecraft:shield":2,"minecraft:string":3,"minecraft:iron_leggings":1,"minecraft:beetroot":3,"minecraft:gold_nugget":6,"minecraft:smooth_stone":16,"minecraft:beef":3,"minecraft:poppy":1,"minecraft:iron_pickaxe":1,"minecraft:birch_sapling":1,"minecraft:iron_boots":1,"minecraft:egg":2,"minecraft:furnace":5,"minecraft:stick":23,"minecraft:sandstone":129,"minecraft:composter":1,"minecraft:oak_fence":34,"minecraft:torch":60,"minecraft:acacia_log":3,"minecraft:porkchop":18,"minecraft:diorite":6,"minecraft:carrot":28,"minecraft:cactus":44,"minecraft:stone_sword":2,"minecraft:arrow":12,"minecraft:rotten_flesh":6,"minecraft:beetroot_seeds":16,"minecraft:peony":1,"minecraft:hay_block":10,"minecraft:mutton":24,"minecraft:white_wool":18,"minecraft:cobblestone":385,"minecraft:birch_log":15,"minecraft:feather":2,"minecraft:water_bucket":2,"minecraft:andesite":5,"minecraft:leather":9,"minecraft:oak_log":35,"minecraft:yellow_bed":9,"minecraft:dirt":655,"minecraft:bone":12,"minecraft:acacia_planks":86,"minecraft:apple":1,"minecraft:stonecutter":2,"minecraft:wheat_seeds":117,"minecraft:iron_ore":25,"minecraft:stone_pickaxe":2,"minecraft:acacia_sapling":5,"minecraft:oak_planks":113,"minecraft:green_dye":3,"minecraft:oak_slab":20,"minecraft:cooked_porkchop":1,"minecraft:dandelion":2,"minecraft:sand":332,"minecraft:blast_furnace":2,"minecraft:white_bed":14,"minecraft:stone_axe":1,"minecraft:iron_helmet":1,"minecraft:granite":2,"minecraft:oak_sapling":14},"minecraft:killed":{"minecraft:spider":2,"minecraft:skeleton":5,"minecraft:chicken":1,"minecraft:pig":6,"minecraft:iron_golem":1,"minecraft:wandering_trader":1,"minecraft:sheep":7,"minecraft:trader_llama":2,"minecraft:zombie":6,"minecraft:cow":1},"minecraft:killed_by":{"minecraft:iron_golem":1,"minecraft:zombie":1},"minecraft:used":{"minecraft:peony":1,"minecraft:stone_sword":124,"minecraft:stone_shovel":395,"minecraft:shield":10,"minecraft:cooked_chicken":1,"minecraft:torch":50,"minecraft:dirt":273,"minecraft:acacia_sapling":1,"minecraft:glass":129,"minecraft:oak_sapling":1,"minecraft:furnace":8,"minecraft:egg":1,"minecraft:cooked_beef":4,"minecraft:acacia_planks":6,"minecraft:cooked_mutton":1,"minecraft:water_bucket":20,"minecraft:diorite":6,"minecraft:stone_pickaxe":65,"minecraft:oak_planks":36,"minecraft:wooden_pickaxe":23,"minecraft:composter":1,"minecraft:stonecutter":1,"minecraft:sand":5,"minecraft:oak_slab":5,"minecraft:crafting_table":7,"minecraft:blast_furnace":2,"minecraft:white_bed":12,"minecraft:iron_pickaxe":172,"minecraft:stone_axe":104,"minecraft:cobblestone":42,"minecraft:cooked_porkchop":7,"minecraft:andesite":5,"minecraft:bucket":21,"minecraft:yellow_bed":10},"minecraft:custom":{"minecraft:mob_kills":32,"minecraft:interact_with_crafting_table":25,"minecraft:bell_ring":8,"minecraft:leave_game":1,"minecraft:time_since_death":8970,"minecraft:climb_one_cm":720,"minecraft:sprint_one_cm":211576,"minecraft:walk_one_cm":253349,"minecraft:damage_blocked_by_shield":285,"minecraft:drop":58,"minecraft:talked_to_villager":4,"minecraft:deaths":2,"minecraft:sneak_time":16095,"minecraft:walk_under_water_one_cm":12663,"minecraft:jump":1204,"minecraft:interact_with_blast_furnace":3,"minecraft:walk_on_water_one_cm":29070,"minecraft:interact_with_furnace":84,"minecraft:play_one_minute":109791,"minecraft:interact_with_stonecutter":1,"minecraft:sleep_in_bed":6,"minecraft:time_since_rest":9000,"minecraft:damage_taken":1438,"minecraft:damage_dealt":5446,"minecraft:swim_one_cm":9366,"minecraft:fly_one_cm":204206,"minecraft:open_chest":9,"minecraft:crouch_one_cm":44082,"minecraft:fall_one_cm":25821}},"DataVersion":2586}