{"stats":{"minecraft:used":{"minecraft:iron_shovel":248,"minecraft:oak_fence":3,"minecraft:peony":1,"minecraft:stone_sword":129,"minecraft:flint_and_steel":76,"minecraft:stone_shovel":763,"minecraft:poppy":1,"minecraft:chest":3,"minecraft:shield":30,"minecraft:white_terracotta":8,"minecraft:iron_sword":121,"minecraft:bell":1,"minecraft:cooked_chicken":2,"minecraft:rotten_flesh":4,"minecraft:torch":80,"minecraft:dirt":950,"minecraft:carrot":31,"minecraft:acacia_sapling":1,"minecraft:obsidian":8,"minecraft:granite":3,"minecraft:glass":151,"minecraft:lava_bucket":22,"minecraft:bricks":1,"minecraft:bow":13,"minecraft:oak_sapling":1,"minecraft:furnace":8,"minecraft:egg":1,"minecraft:cooked_beef":4,"minecraft:potato":29,"minecraft:acacia_planks":6,"minecraft:cooked_mutton":16,"minecraft:water_bucket":153,"minecraft:diorite":32,"minecraft:baked_potato":1,"minecraft:stone_pickaxe":432,"minecraft:oak_planks":36,"minecraft:wooden_pickaxe":23,"minecraft:composter":1,"minecraft:stonecutter":1,"minecraft:oak_slab":5,"minecraft:blast_furnace":2,"minecraft:sand":5,"minecraft:terracotta":2,"minecraft:crafting_table":9,"minecraft:white_bed":14,"minecraft:diamond_pickaxe":9,"minecraft:iron_pickaxe":473,"minecraft:stone_axe":254,"minecraft:cobblestone":119,"minecraft:andesite":5,"minecraft:cooked_porkchop":23,"minecraft:bucket":177,"minecraft:yellow_bed":11,"minecraft:gray_wool":1,"minecraft:bone_meal":4},"minecraft:dropped":{"minecraft:water_bucket":2,"minecraft:iron_ingot":19,"minecraft:iron_sword":1,"minecraft:oak_slab":15,"minecraft:birch_planks":40,"minecraft:wheat_seeds":17,"minecraft:lapis_lazuli":31,"minecraft:mossy_cobblestone":19,"minecraft:cooked_porkchop":2,"minecraft:oak_fence":28,"minecraft:feather":8,"minecraft:cobblestone":3,"minecraft:lead":1,"minecraft:apple":1,"minecraft:granite":8,"minecraft:acacia_log":1,"minecraft:cobblestone_stairs":3,"minecraft:stick":6,"minecraft:dirt":231,"minecraft:gray_wool":1,"minecraft:diorite":5,"minecraft:oak_stairs":15,"minecraft:gold_nugget":6,"minecraft:sand":7,"minecraft:cactus":16,"minecraft:string":6,"minecraft:white_wool":1,"minecraft:acacia_planks":3,"minecraft:cauldron":4,"minecraft:dandelion":5,"minecraft:bone":2,"minecraft:oak_door":3,"minecraft:gravel":4,"minecraft:oak_trapdoor":2,"minecraft:cobblestone_wall":1,"minecraft:birch_sapling":1,"minecraft:stone_shovel":2,"minecraft:chicken":2,"minecraft:rotten_flesh":12,"minecraft:clay_ball":32,"minecraft:white_terracotta":28,"minecraft:azure_bluet":1,"minecraft:white_bed":5,"minecraft:poppy":1,"minecraft:hay_block":10,"minecraft:yellow_bed":2,"minecraft:golden_leggings":1,"minecraft:oak_sapling":5,"minecraft:acacia_sapling":4,"minecraft:ladder":1,"minecraft:spider_eye":4,"minecraft:sandstone":1,"minecraft:iron_ore":5,"minecraft:arrow":2,"minecraft:bow":1,"minecraft:stone_pickaxe":2,"minecraft:wooden_pickaxe":1,"minecraft:stone_brick_stairs":2,"minecraft:terracotta":6},"minecraft:broken":{"minecraft:stone_sword":1,"minecraft:flint_and_steel":1,"minecraft:stone_pickaxe":2,"minecraft:stone_axe":2,"minecraft:iron_pickaxe":1,"minecraft:stone_shovel":5},"minecraft:picked_up":{"minecraft:iron_chestplate":1,"minecraft:crafting_table":11,"minecraft:wheat":7,"minecraft:azure_bluet":1,"minecraft:chicken":5,"minecraft:ladder":1,"minecraft:clay_ball":32,"minecraft:yellow_wool":9,"minecraft:lead":7,"minecraft:wooden_pickaxe":4,"minecraft:oak_stairs":17,"minecraft:gold_block":2,"minecraft:stone_brick_stairs":2,"minecraft:shield":2,"minecraft:oak_trapdoor":4,"minecraft:string":9,"minecraft:iron_leggings":1,"minecraft:beetroot":4,"minecraft:gold_nugget":6,"minecraft:smooth_stone":17,"minecraft:bucket":1,"minecraft:beef":3,"minecraft:poppy":5,"minecraft:iron_pickaxe":1,"minecraft:chest":1,"minecraft:birch_sapling":1,"minecraft:egg":2,"minecraft:iron_boots":1,"minecraft:furnace":5,"minecraft:stick":23,"minecraft:sandstone":129,"minecraft:oak_door":3,"minecraft:composter":1,"minecraft:oak_fence":56,"minecraft:torch":104,"minecraft:acacia_log":3,"minecraft:porkchop":30,"minecraft:diorite":60,"minecraft:carrot":99,"minecraft:cauldron":7,"minecraft:stone_sword":2,"minecraft:cactus":44,"minecraft:arrow":24,"minecraft:stone_shovel":1,"minecraft:rotten_flesh":23,"minecraft:beetroot_seeds":18,"minecraft:peony":1,"minecraft:hay_block":10,"minecraft:white_terracotta":83,"minecraft:mutton":26,"minecraft:obsidian":8,"minecraft:white_wool":18,"minecraft:cobblestone":875,"minecraft:birch_log":15,"minecraft:feather":12,"minecraft:water_bucket":3,"minecraft:andesite":5,"minecraft:leather":11,"minecraft:golden_leggings":1,"minecraft:potato":73,"minecraft:flint":3,"minecraft:oak_log":132,"minecraft:yellow_bed":10,"minecraft:cobblestone_wall":1,"minecraft:gunpowder":2,"minecraft:cobblestone_stairs":3,"minecraft:dirt":1432,"minecraft:lapis_lazuli":62,"minecraft:leather_boots":1,"minecraft:bone":16,"minecraft:acacia_planks":88,"minecraft:apple":1,"minecraft:bow":4,"minecraft:stonecutter":2,"minecraft:wheat_seeds":137,"minecraft:iron_ore":84,"minecraft:bell":1,"minecraft:stone_pickaxe":2,"minecraft:iron_ingot":12,"minecraft:stripped_oak_wood":1,"minecraft:oak_planks":139,"minecraft:iron_sword":1,"minecraft:acacia_sapling":5,"minecraft:green_dye":3,"minecraft:oak_slab":20,"minecraft:cooked_porkchop":1,"minecraft:dandelion":5,"minecraft:gravel":4,"minecraft:sand":350,"minecraft:blast_furnace":2,"minecraft:white_bed":16,"minecraft:gold_ore":9,"minecraft:spider_eye":4,"minecraft:mossy_cobblestone":21,"minecraft:stone_axe":1,"minecraft:diamond":3,"minecraft:iron_helmet":1,"minecraft:granite":24,"minecraft:bone_meal":1,"minecraft:gray_wool":2,"minecraft:terracotta":11,"minecraft:oak_sapling":14,"minecraft:bricks":1,"minecraft:coal":72},"minecraft:custom":{"minecraft:mob_kills":72,"minecraft:interact_with_crafting_table":40,"minecraft:bell_ring":8,"minecraft:leave_game":9,"minecraft:time_since_death":191074,"minecraft:climb_one_cm":720,"minecraft:sprint_one_cm":568836,"minecraft:damage_blocked_by_shield":2195,"minecraft:walk_one_cm":679155,"minecraft:drop":144,"minecraft:talked_to_villager":6,"minecraft:sneak_time":37369,"minecraft:deaths":2,"minecraft:walk_under_water_one_cm":51918,"minecraft:jump":4223,"minecraft:interact_with_blast_furnace":12,"minecraft:walk_on_water_one_cm":69253,"minecraft:interact_with_furnace":132,"minecraft:play_one_minute":291895,"minecraft:interact_with_stonecutter":2,"minecraft:sleep_in_bed":13,"minecraft:time_since_rest":15231,"minecraft:damage_taken":3378,"minecraft:damage_dealt":12446,"minecraft:swim_one_cm":19564,"minecraft:fly_one_cm":734672,"minecraft:open_chest":49,"minecraft:crouch_one_cm":101817,"minecraft:fall_one_cm":95846,"minecraft:horse_one_cm":61306},"minecraft:killed_by":{"minecraft:iron_golem":1,"minecraft:zombie":1},"minecraft:mined":{"minecraft:diamond_ore":3,"minecraft:white_bed":6,"minecraft:mossy_cobblestone":13,"minecraft:cobblestone_stairs":3,"minecraft:obsidian":8,"minecraft:ladder":1,"minecraft:granite":22,"minecraft:acacia_log":4,"minecraft:grass_block":362,"minecraft:composter":1,"minecraft:sandstone":70,"minecraft:hay_block":5,"minecraft:smooth_stone":9,"minecraft:oak_trapdoor":4,"minecraft:carrots":21,"minecraft:furnace":5,"minecraft:iron_ore":83,"minecraft:fire":19,"minecraft:andesite":8,"minecraft:peony":1,"minecraft:gold_block":1,"minecraft:azure_bluet":1,"minecraft:bell":1,"minecraft:potatoes":24,"minecraft:oak_stairs":14,"minecraft:stone":320,"minecraft:white_wool":7,"minecraft:oak_slab":9,"minecraft:glass_pane":9,"minecraft:soul_sand":1,"minecraft:clay":4,"minecraft:oak_fence":39,"minecraft:crafting_table":7,"minecraft:torch":17,"minecraft:blast_furnace":2,"minecraft:chest":1,"minecraft:tall_grass":12,"minecraft:glass":1,"minecraft:cobblestone":174,"minecraft:oak_planks":32,"minecraft:bricks":1,"minecraft:diorite":23,"minecraft:wall_torch":24,"minecraft:cauldron":3,"minecraft:white_terracotta":59,"minecraft:cobblestone_wall":2,"minecraft:yellow_wool":9,"minecraft:birch_log":13,"minecraft:wheat":4,"minecraft:stone_brick_stairs":2,"minecraft:stripped_oak_wood":1,"minecraft:grass_path":104,"minecraft:yellow_bed":5,"minecraft:grass":67,"minecraft:coal_ore":72,"minecraft:oak_log":113,"minecraft:beetroots":1,"minecraft:gravel":9,"minecraft:dirt":635,"minecraft:sand":112,"minecraft:terracotta":4,"minecraft:acacia_planks":2,"minecraft:stonecutter":1,"minecraft:gold_ore":9,"minecraft:oak_leaves":9},"minecraft:killed":{"minecraft:spider":5,"minecraft:horse":1,"minecraft:skeleton":14,"minecraft:chicken":1,"minecraft:drowned":4,"minecraft:pig":12,"minecraft:zombie_villager":1,"minecraft:iron_golem":2,"minecraft:wandering_trader":1,"minecraft:creeper":1,"minecraft:sheep":8,"minecraft:trader_llama":2,"minecraft:zombie":19,"minecraft:cow":1},"minecraft:crafted":{"minecraft:oak_planks":132,"minecraft:stone_shovel":6,"minecraft:cooked_chicken":2,"minecraft:furnace":4,"minecraft:yellow_bed":3,"minecraft:bone_meal":3,"minecraft:cooked_mutton":25,"minecraft:flint_and_steel":2,"minecraft:green_dye":3,"minecraft:glass":153,"minecraft:bow":2,"minecraft:iron_boots":1,"minecraft:stone_pickaxe":5,"minecraft:chest":2,"minecraft:cooked_beef":4,"minecraft:cooked_porkchop":30,"minecraft:crafting_table":3,"minecraft:wooden_pickaxe":1,"minecraft:baked_potato":1,"minecraft:iron_helmet":1,"minecraft:iron_sword":1,"minecraft:bucket":2,"minecraft:birch_planks":40,"minecraft:stone_axe":2,"minecraft:air":0,"minecraft:iron_chestplate":1,"minecraft:diamond_pickaxe":1,"minecraft:charcoal":5,"minecraft:stick":72,"minecraft:iron_ingot":120,"minecraft:iron_pickaxe":2,"minecraft:stone_sword":1,"minecraft:iron_shovel":1,"minecraft:iron_leggings":1,"minecraft:gold_ingot":9,"minecraft:white_bed":3,"minecraft:acacia_planks":8,"minecraft:torch":8}},"DataVersion":2586}