{"stats":{"minecraft:picked_up":{"minecraft:iron_chestplate":8,"minecraft:wheat":9,"minecraft:chainmail_boots":1,"minecraft:anvil":2,"minecraft:yellow_wool":9,"minecraft:smithing_table":3,"minecraft:lead":21,"minecraft:oak_stairs":23,"minecraft:enchanted_book":1,"minecraft:stone_brick_stairs":2,"minecraft:string":32,"minecraft:soul_soil":23,"minecraft:iron_leggings":7,"minecraft:oak_sign":9,"minecraft:beetroot":4,"minecraft:diamond_leggings":1,"minecraft:gold_nugget":6,"minecraft:smooth_stone":203,"minecraft:bucket":2,"minecraft:redstone_torch":12,"minecraft:cobblestone_slab":32,"minecraft:ender_eye":1,"minecraft:iron_pickaxe":11,"minecraft:iron_boots":6,"minecraft:furnace":11,"minecraft:stick":318,"minecraft:composter":8,"minecraft:oak_fence":108,"minecraft:torch":636,"minecraft:acacia_log":3,"minecraft:porkchop":30,"minecraft:diorite":450,"minecraft:cauldron":13,"minecraft:stone_sword":2,"minecraft:cactus":44,"minecraft:rotten_flesh":183,"minecraft:iron_block":22,"minecraft:bookshelf":6,"minecraft:white_terracotta":142,"minecraft:obsidian":8,"minecraft:cobblestone":5145,"minecraft:birch_log":285,"minecraft:enchanting_table":2,"minecraft:leather_chestplate":1,"minecraft:feather":12,"minecraft:water_bucket":11,"minecraft:andesite":542,"minecraft:golden_leggings":2,"minecraft:potato":443,"minecraft:flint":24,"minecraft:lapis_lazuli":88,"minecraft:dirt":5491,"minecraft:name_tag":10,"minecraft:leather_boots":1,"minecraft:glass":66,"minecraft:bone":113,"minecraft:acacia_planks":89,"minecraft:bow":12,"minecraft:stonecutter":7,"minecraft:wheat_seeds":302,"minecraft:bell":4,"minecraft:fletching_table":16,"minecraft:diamond_helmet":1,"minecraft:powered_rail":7,"minecraft:stone_hoe":6,"minecraft:oak_planks":416,"minecraft:cooked_porkchop":1,"minecraft:sand":492,"minecraft:mossy_cobblestone":23,"minecraft:diamond":37,"minecraft:granite":227,"minecraft:bone_meal":1003,"minecraft:chainmail_helmet":1,"minecraft:golden_horse_armor":1,"minecraft:emerald":575,"minecraft:oak_sapling":338,"minecraft:netherrack":87,"minecraft:bricks":1,"minecraft:diamond_pickaxe":9,"minecraft:crafting_table":26,"minecraft:azure_bluet":16,"minecraft:chicken":5,"minecraft:ladder":1,"minecraft:clay_ball":42,"minecraft:leather_leggings":4,"minecraft:wooden_pickaxe":5,"minecraft:stone_brick_wall":18,"minecraft:gold_block":2,"minecraft:shield":10,"minecraft:cornflower":23,"minecraft:oak_trapdoor":4,"minecraft:iron_axe":7,"minecraft:flint_and_steel":3,"minecraft:iron_shovel":6,"minecraft:beef":3,"minecraft:oak_boat":34,"minecraft:poppy":31,"minecraft:minecart":24,"minecraft:lectern":21,"minecraft:sugar_cane":291,"minecraft:chest":5,"minecraft:birch_sapling":62,"minecraft:diamond_hoe":1,"minecraft:egg":2,"minecraft:sandstone":193,"minecraft:stone":261,"minecraft:oak_door":6,"minecraft:carrot":1174,"minecraft:redstone":87,"minecraft:tnt":2,"minecraft:arrow":86,"minecraft:stone_shovel":4,"minecraft:diamond_chestplate":1,"minecraft:beetroot_seeds":18,"minecraft:peony":1,"minecraft:diamond_boots":1,"minecraft:hay_block":10,"minecraft:gold_ingot":31,"minecraft:mutton":26,"minecraft:bone_block":43,"minecraft:rail":160,"minecraft:white_wool":25,"minecraft:oxeye_daisy":25,"minecraft:stripped_oak_log":5,"minecraft:salmon":21,"minecraft:leather":24,"minecraft:birch_planks":235,"minecraft:oak_log":1723,"minecraft:yellow_bed":19,"minecraft:cobblestone_wall":1,"minecraft:gunpowder":16,"minecraft:cobblestone_stairs":5,"minecraft:paper":60,"minecraft:cooked_mutton":1,"minecraft:apple":43,"minecraft:stone_bricks":74,"minecraft:rabbit_hide":1,"minecraft:iron_ingot":242,"minecraft:oak_fence_gate":2,"minecraft:stone_pickaxe":5,"minecraft:iron_ore":284,"minecraft:stripped_oak_wood":3,"minecraft:iron_sword":6,"minecraft:acacia_sapling":5,"minecraft:soul_sand":6,"minecraft:green_dye":3,"minecraft:book":16,"minecraft:oak_slab":308,"minecraft:stone_brick_slab":31,"minecraft:dandelion":31,"minecraft:gravel":350,"minecraft:blast_furnace":8,"minecraft:white_bed":38,"minecraft:gold_ore":9,"minecraft:spider_eye":12,"minecraft:firework_rocket":1,"minecraft:stone_axe":90,"minecraft:iron_helmet":10,"minecraft:diamond_axe":1,"minecraft:gray_wool":2,"minecraft:terracotta":11,"minecraft:baked_potato":521,"minecraft:coal":593,"minecraft:ender_pearl":4},"minecraft:killed":{"minecraft:zombified_piglin":1,"minecraft:witch":2,"minecraft:spider":21,"minecraft:skeleton":38,"minecraft:chicken":1,"minecraft:silverfish":1,"minecraft:pig":12,"minecraft:zombie_villager":2,"minecraft:iron_golem":17,"minecraft:creeper":11,"minecraft:sheep":8,"minecraft:trader_llama":4,"minecraft:pillager":1,"minecraft:zombie":108,"minecraft:cow":1,"minecraft:horse":1,"minecraft:drowned":5,"minecraft:rabbit":1,"minecraft:wandering_trader":2,"minecraft:villager":6},"minecraft:used":{"minecraft:peony":1,"minecraft:beetroot":1,"minecraft:iron_shovel":3064,"minecraft:oak_sign":9,"minecraft:poppy":1,"minecraft:chest":16,"minecraft:shield":118,"minecraft:white_terracotta":21,"minecraft:stone":15,"minecraft:iron_sword":764,"minecraft:bell":4,"minecraft:rotten_flesh":11,"minecraft:soul_sand":6,"minecraft:carrot":438,"minecraft:acacia_sapling":1,"minecraft:obsidian":8,"minecraft:glass":348,"minecraft:lava_bucket":23,"minecraft:bricks":1,"minecraft:birch_sapling":46,"minecraft:stone_bricks":937,"minecraft:bow":52,"minecraft:oak_sapling":220,"minecraft:furnace":15,"minecraft:egg":1,"minecraft:potato":44,"minecraft:diorite":100,"minecraft:stone_pickaxe":563,"minecraft:powered_rail":8,"minecraft:oak_planks":135,"minecraft:wooden_pickaxe":23,"minecraft:composter":13,"minecraft:diamond_axe":863,"minecraft:sand":15,"minecraft:blast_furnace":9,"minecraft:stone_brick_wall":31,"minecraft:redstone_torch":36,"minecraft:firework_rocket":1,"minecraft:lectern":21,"minecraft:gravel":57,"minecraft:smithing_table":5,"minecraft:andesite":29,"minecraft:birch_log":1,"minecraft:oak_boat":30,"minecraft:bone_meal":1473,"minecraft:oak_fence":3,"minecraft:oak_trapdoor":1,"minecraft:enchanting_table":2,"minecraft:stone_sword":129,"minecraft:flint_and_steel":126,"minecraft:stone_shovel":1026,"minecraft:cooked_chicken":2,"minecraft:stone_hoe":113,"minecraft:netherrack":85,"minecraft:oak_door":6,"minecraft:torch":508,"minecraft:dirt":3585,"minecraft:anvil":2,"minecraft:granite":30,"minecraft:stone_brick_slab":35,"minecraft:iron_axe":1141,"minecraft:oak_stairs":6,"minecraft:soul_soil":23,"minecraft:minecart":21,"minecraft:cooked_beef":4,"minecraft:acacia_planks":6,"minecraft:cooked_mutton":19,"minecraft:water_bucket":450,"minecraft:cobblestone_stairs":2,"minecraft:birch_planks":372,"minecraft:baked_potato":293,"minecraft:fletching_table":21,"minecraft:stonecutter":5,"minecraft:cobblestone_slab":273,"minecraft:rail":132,"minecraft:terracotta":2,"minecraft:oak_slab":454,"minecraft:crafting_table":29,"minecraft:white_bed":36,"minecraft:oak_log":50,"minecraft:ender_eye":1,"minecraft:diamond_pickaxe":302,"minecraft:oxeye_daisy":1,"minecraft:iron_pickaxe":5634,"minecraft:stone_axe":497,"minecraft:cobblestone":521,"minecraft:cooked_porkchop":29,"minecraft:bucket":476,"minecraft:yellow_bed":20,"minecraft:gray_wool":1,"minecraft:smooth_stone":12},"minecraft:dropped":{"minecraft:iron_sword":3,"minecraft:birch_planks":43,"minecraft:lapis_lazuli":31,"minecraft:baked_potato":44,"minecraft:cooked_porkchop":2,"minecraft:leather":2,"minecraft:flint":4,"minecraft:cobblestone_stairs":3,"minecraft:emerald":110,"minecraft:dirt":460,"minecraft:cornflower":23,"minecraft:gold_nugget":6,"minecraft:bone_meal":328,"minecraft:sand":37,"minecraft:iron_pickaxe":4,"minecraft:white_wool":8,"minecraft:cauldron":7,"minecraft:bone":4,"minecraft:gravel":4,"minecraft:oak_door":3,"minecraft:stone_axe":351,"minecraft:sugar_cane":1,"minecraft:wheat":1,"minecraft:birch_sapling":6,"minecraft:rotten_flesh":143,"minecraft:oak_planks":122,"minecraft:azure_bluet":16,"minecraft:white_bed":5,"minecraft:salmon":12,"minecraft:carrot":732,"minecraft:poppy":26,"minecraft:rabbit_hide":1,"minecraft:oak_fence_gate":2,"minecraft:leather_chestplate":1,"minecraft:gunpowder":5,"minecraft:stone_brick_wall":4,"minecraft:acacia_sapling":4,"minecraft:ladder":1,"minecraft:leather_leggings":4,"minecraft:iron_ore":7,"minecraft:arrow":6,"minecraft:glass":13,"minecraft:stone_brick_stairs":2,"minecraft:netherrack":2,"minecraft:stone_hoe":6,"minecraft:enchanted_book":1,"minecraft:water_bucket":3,"minecraft:iron_ingot":24,"minecraft:oak_slab":22,"minecraft:wheat_seeds":243,"minecraft:mossy_cobblestone":26,"minecraft:golden_horse_armor":1,"minecraft:minecart":2,"minecraft:bookshelf":6,"minecraft:book":8,"minecraft:iron_helmet":5,"minecraft:oak_fence":47,"minecraft:feather":8,"minecraft:cobblestone":280,"minecraft:lead":4,"minecraft:apple":22,"minecraft:granite":48,"minecraft:acacia_log":1,"minecraft:coal":4,"minecraft:stick":69,"minecraft:oxeye_daisy":24,"minecraft:gray_wool":1,"minecraft:diorite":48,"minecraft:torch":49,"minecraft:iron_leggings":3,"minecraft:oak_stairs":17,"minecraft:iron_axe":2,"minecraft:cactus":16,"minecraft:smooth_stone":64,"minecraft:iron_shovel":2,"minecraft:paper":60,"minecraft:string":27,"minecraft:acacia_planks":4,"minecraft:redstone":4,"minecraft:dandelion":31,"minecraft:stone_brick_slab":6,"minecraft:oak_trapdoor":3,"minecraft:stone_sword":1,"minecraft:cobblestone_wall":1,"minecraft:diamond_hoe":1,"minecraft:stone_shovel":67,"minecraft:chicken":2,"minecraft:clay_ball":42,"minecraft:iron_boots":3,"minecraft:white_terracotta":46,"minecraft:oak_sign":6,"minecraft:potato":1,"minecraft:hay_block":10,"minecraft:shield":4,"minecraft:diamond_pickaxe":1,"minecraft:iron_chestplate":4,"minecraft:andesite":88,"minecraft:yellow_bed":2,"minecraft:golden_leggings":1,"minecraft:oak_boat":3,"minecraft:oak_sapling":20,"minecraft:spider_eye":12,"minecraft:sandstone":1,"minecraft:bow":3,"minecraft:stone_pickaxe":6,"minecraft:wooden_pickaxe":3,"minecraft:terracotta":8},"minecraft:mined":{"minecraft:oak_sapling":20,"minecraft:white_bed":27,"minecraft:farmland":14,"minecraft:cobblestone_stairs":4,"minecraft:obsidian":8,"minecraft:granite":156,"minecraft:acacia_log":4,"minecraft:stone_brick_wall":10,"minecraft:grass_block":1697,"minecraft:soul_soil":56,"minecraft:composter":8,"minecraft:oak_wall_sign":3,"minecraft:oxeye_daisy":2,"minecraft:smooth_stone":9,"minecraft:iron_ore":267,"minecraft:fire":79,"minecraft:anvil":1,"minecraft:fletching_table":15,"minecraft:azure_bluet":1,"minecraft:enchanting_table":1,"minecraft:oak_stairs":20,"minecraft:soul_fire":8,"minecraft:clay":5,"minecraft:torch":132,"minecraft:blast_furnace":8,"minecraft:chest":5,"minecraft:dead_bush":8,"minecraft:glass":5,"minecraft:cobblestone":563,"minecraft:oak_planks":43,"minecraft:sugar_cane":83,"minecraft:bricks":1,"minecraft:wall_torch":68,"minecraft:cauldron":3,"minecraft:birch_sapling":7,"minecraft:white_terracotta":61,"minecraft:seagrass":3,"minecraft:powered_rail":3,"minecraft:birch_log":204,"minecraft:yellow_wool":9,"minecraft:wheat":6,"minecraft:stripped_oak_wood":3,"minecraft:stone_brick_stairs":2,"minecraft:grass":316,"minecraft:oak_log":1544,"minecraft:beetroots":1,"minecraft:oak_fence_gate":2,"minecraft:sand":223,"minecraft:dirt":2123,"minecraft:crimson_planks":1,"minecraft:stonecutter":5,"minecraft:netherrack":97,"minecraft:oak_leaves":422,"minecraft:diamond_ore":8,"minecraft:mossy_cobblestone":15,"minecraft:oak_door":4,"minecraft:ladder":1,"minecraft:sandstone":77,"minecraft:hay_block":5,"minecraft:redstone_ore":19,"minecraft:oak_trapdoor":4,"minecraft:furnace":11,"minecraft:carrots":357,"minecraft:andesite":482,"minecraft:peony":1,"minecraft:gold_block":1,"minecraft:bell":4,"minecraft:potatoes":42,"minecraft:cobblestone_slab":20,"minecraft:rail":145,"minecraft:stripped_oak_log":5,"minecraft:stone":3619,"minecraft:redstone_wall_torch":1,"minecraft:white_wool":7,"minecraft:smithing_table":3,"minecraft:oak_slab":213,"minecraft:glass_pane":9,"minecraft:soul_sand":9,"minecraft:infested_stone_bricks":1,"minecraft:stone_brick_slab":24,"minecraft:dandelion":2,"minecraft:oak_fence":83,"minecraft:crafting_table":21,"minecraft:cornflower":1,"minecraft:lectern":20,"minecraft:tall_grass":54,"minecraft:lapis_ore":4,"minecraft:diorite":394,"minecraft:birch_planks":29,"minecraft:cobblestone_wall":2,"minecraft:redstone_torch":8,"minecraft:birch_leaves":50,"minecraft:yellow_bed":14,"minecraft:grass_path":385,"minecraft:coal_ore":406,"minecraft:gravel":233,"minecraft:cobweb":1,"minecraft:terracotta":4,"minecraft:acacia_planks":2,"minecraft:stone_bricks":12,"minecraft:gold_ore":9},"minecraft:crafted":{"minecraft:smooth_stone":128,"minecraft:oak_planks":6068,"minecraft:cobblestone_slab":276,"minecraft:oak_sign":12,"minecraft:cooked_chicken":2,"minecraft:stone":1155,"minecraft:cooked_mutton":25,"minecraft:green_dye":3,"minecraft:glass":361,"minecraft:stone_brick_slab":382,"minecraft:bow":3,"minecraft:iron_boots":4,"minecraft:chest":12,"minecraft:stone_hoe":3,"minecraft:oak_slab":282,"minecraft:emerald":387,"minecraft:cooked_porkchop":30,"minecraft:crafting_table":9,"minecraft:iron_helmet":5,"minecraft:wooden_pickaxe":1,"minecraft:baked_potato":170,"minecraft:smithing_table":2,"minecraft:fletching_table":5,"minecraft:birch_planks":508,"minecraft:iron_chestplate":5,"minecraft:paper":192,"minecraft:diamond_pickaxe":1,"minecraft:charcoal":5,"minecraft:shield":4,"minecraft:stick":11623,"minecraft:iron_ingot":330,"minecraft:iron_pickaxe":23,"minecraft:iron_block":16,"minecraft:stone_sword":2,"minecraft:gold_ingot":9,"minecraft:redstone_torch":34,"minecraft:composter":5,"minecraft:oak_door":3,"minecraft:stone_shovel":70,"minecraft:stone_brick_wall":12,"minecraft:diamond_hoe":12,"minecraft:furnace":6,"minecraft:blast_furnace":1,"minecraft:yellow_bed":3,"minecraft:bone_meal":783,"minecraft:oak_trapdoor":2,"minecraft:flint_and_steel":3,"minecraft:iron_axe":5,"minecraft:stone_pickaxe":7,"minecraft:minecart":2,"minecraft:cooked_beef":4,"minecraft:bone_block":10,"minecraft:powered_rail":6,"minecraft:iron_sword":4,"minecraft:bucket":3,"minecraft:stone_axe":266,"minecraft:air":0,"minecraft:oak_boat":2,"minecraft:iron_shovel":11,"minecraft:iron_leggings":3,"minecraft:white_bed":3,"minecraft:acacia_planks":8,"minecraft:torch":104},"minecraft:killed_by":{"minecraft:zombie":2,"minecraft:player":2,"minecraft:iron_golem":2},"minecraft:broken":{"minecraft:iron_shovel":11,"minecraft:iron_boots":1,"minecraft:iron_leggings":1,"minecraft:stone_pickaxe":3,"minecraft:stone_axe":4,"minecraft:iron_sword":2,"minecraft:stone_shovel":7,"minecraft:stone_sword":1,"minecraft:flint_and_steel":1,"minecraft:shield":1,"minecraft:diamond_axe":1,"minecraft:iron_axe":3,"minecraft:iron_pickaxe":23,"minecraft:iron_helmet":1},"minecraft:custom":{"minecraft:interact_with_crafting_table":176,"minecraft:bell_ring":9,"minecraft:leave_game":20,"minecraft:time_since_death":412188,"minecraft:sprint_one_cm":3059297,"minecraft:damage_blocked_by_shield":8493,"minecraft:drop":984,"minecraft:talked_to_villager":419,"minecraft:deaths":6,"minecraft:jump":20518,"minecraft:walk_on_water_one_cm":226902,"minecraft:interact_with_furnace":343,"minecraft:traded_with_villager":723,"minecraft:play_one_minute":1424359,"minecraft:sleep_in_bed":53,"minecraft:damage_dealt":53175,"minecraft:crouch_one_cm":528783,"minecraft:horse_one_cm":63688,"minecraft:interact_with_smithing_table":3,"minecraft:mob_kills":251,"minecraft:climb_one_cm":1572,"minecraft:walk_one_cm":3346441,"minecraft:sneak_time":159514,"minecraft:walk_under_water_one_cm":149431,"minecraft:boat_one_cm":417624,"minecraft:interact_with_blast_furnace":31,"minecraft:interact_with_stonecutter":28,"minecraft:time_since_rest":6325,"minecraft:damage_taken":15555,"minecraft:minecart_one_cm":8557,"minecraft:swim_one_cm":92457,"minecraft:fly_one_cm":3582755,"minecraft:open_chest":461,"minecraft:fall_one_cm":356164}},"DataVersion":2586}