{"stats":{"minecraft:used":{"minecraft:beetroot":1,"minecraft:peony":1,"minecraft:iron_shovel":1185,"minecraft:poppy":1,"minecraft:shield":53,"minecraft:chest":4,"minecraft:white_terracotta":8,"minecraft:iron_sword":193,"minecraft:bell":1,"minecraft:rotten_flesh":6,"minecraft:carrot":62,"minecraft:acacia_sapling":1,"minecraft:obsidian":8,"minecraft:glass":308,"minecraft:lava_bucket":22,"minecraft:bricks":1,"minecraft:bow":20,"minecraft:furnace":11,"minecraft:oak_sapling":1,"minecraft:egg":1,"minecraft:potato":44,"minecraft:diorite":32,"minecraft:stone_pickaxe":432,"minecraft:oak_planks":135,"minecraft:wooden_pickaxe":23,"minecraft:composter":11,"minecraft:sand":5,"minecraft:blast_furnace":2,"minecraft:gravel":3,"minecraft:andesite":5,"minecraft:bone_meal":25,"minecraft:oak_trapdoor":1,"minecraft:oak_fence":3,"minecraft:stone_sword":129,"minecraft:flint_and_steel":81,"minecraft:stone_shovel":894,"minecraft:stone_hoe":106,"minecraft:cooked_chicken":2,"minecraft:torch":91,"minecraft:dirt":1945,"minecraft:granite":3,"minecraft:cooked_beef":4,"minecraft:acacia_planks":6,"minecraft:cooked_mutton":18,"minecraft:water_bucket":204,"minecraft:baked_potato":21,"minecraft:stonecutter":1,"minecraft:terracotta":2,"minecraft:oak_slab":15,"minecraft:crafting_table":12,"minecraft:white_bed":26,"minecraft:diamond_pickaxe":9,"minecraft:iron_pickaxe":485,"minecraft:stone_axe":254,"minecraft:cobblestone":124,"minecraft:cooked_porkchop":29,"minecraft:bucket":227,"minecraft:yellow_bed":20,"minecraft:gray_wool":1,"minecraft:smooth_stone":12},"minecraft:dropped":{"minecraft:iron_sword":1,"minecraft:birch_planks":40,"minecraft:lapis_lazuli":31,"minecraft:cooked_porkchop":2,"minecraft:cobblestone_stairs":3,"minecraft:dirt":231,"minecraft:cornflower":4,"minecraft:gold_nugget":6,"minecraft:sand":7,"minecraft:white_wool":1,"minecraft:cauldron":4,"minecraft:bone":2,"minecraft:oak_door":3,"minecraft:gravel":4,"minecraft:birch_sapling":1,"minecraft:rotten_flesh":29,"minecraft:azure_bluet":1,"minecraft:white_bed":5,"minecraft:poppy":1,"minecraft:acacia_sapling":4,"minecraft:ladder":1,"minecraft:iron_ore":5,"minecraft:arrow":2,"minecraft:stone_brick_stairs":2,"minecraft:water_bucket":2,"minecraft:iron_ingot":21,"minecraft:oak_slab":16,"minecraft:wheat_seeds":96,"minecraft:mossy_cobblestone":19,"minecraft:feather":8,"minecraft:oak_fence":28,"minecraft:iron_helmet":1,"minecraft:cobblestone":3,"minecraft:lead":1,"minecraft:apple":1,"minecraft:granite":8,"minecraft:acacia_log":1,"minecraft:stick":6,"minecraft:oxeye_daisy":2,"minecraft:gray_wool":1,"minecraft:diorite":5,"minecraft:oak_stairs":15,"minecraft:cactus":16,"minecraft:string":6,"minecraft:acacia_planks":3,"minecraft:dandelion":26,"minecraft:oak_trapdoor":2,"minecraft:cobblestone_wall":1,"minecraft:stone_shovel":2,"minecraft:chicken":2,"minecraft:clay_ball":32,"minecraft:iron_boots":1,"minecraft:white_terracotta":28,"minecraft:hay_block":10,"minecraft:iron_chestplate":1,"minecraft:yellow_bed":2,"minecraft:golden_leggings":1,"minecraft:oak_sapling":5,"minecraft:spider_eye":6,"minecraft:sandstone":1,"minecraft:bow":1,"minecraft:stone_pickaxe":2,"minecraft:wooden_pickaxe":1,"minecraft:terracotta":6},"minecraft:broken":{"minecraft:iron_shovel":4,"minecraft:stone_pickaxe":2,"minecraft:stone_axe":2,"minecraft:stone_shovel":6,"minecraft:stone_sword":1,"minecraft:flint_and_steel":1,"minecraft:shield":1,"minecraft:iron_pickaxe":1},"minecraft:picked_up":{"minecraft:iron_chestplate":2,"minecraft:wheat":7,"minecraft:yellow_wool":9,"minecraft:lead":7,"minecraft:oak_stairs":17,"minecraft:stone_brick_stairs":2,"minecraft:string":11,"minecraft:iron_leggings":1,"minecraft:beetroot":4,"minecraft:gold_nugget":6,"minecraft:smooth_stone":17,"minecraft:bucket":1,"minecraft:iron_pickaxe":1,"minecraft:furnace":8,"minecraft:iron_boots":2,"minecraft:stick":23,"minecraft:composter":7,"minecraft:oak_fence":56,"minecraft:torch":113,"minecraft:acacia_log":3,"minecraft:porkchop":30,"minecraft:diorite":60,"minecraft:cauldron":7,"minecraft:stone_sword":2,"minecraft:cactus":44,"minecraft:rotten_flesh":45,"minecraft:white_terracotta":83,"minecraft:obsidian":8,"minecraft:cobblestone":884,"minecraft:birch_log":15,"minecraft:feather":12,"minecraft:water_bucket":3,"minecraft:andesite":5,"minecraft:golden_leggings":2,"minecraft:potato":127,"minecraft:flint":5,"minecraft:lapis_lazuli":62,"minecraft:dirt":2409,"minecraft:name_tag":1,"minecraft:leather_boots":1,"minecraft:bone":84,"minecraft:acacia_planks":88,"minecraft:stonecutter":2,"minecraft:bow":5,"minecraft:wheat_seeds":223,"minecraft:bell":1,"minecraft:oak_planks":142,"minecraft:cooked_porkchop":1,"minecraft:sand":452,"minecraft:mossy_cobblestone":21,"minecraft:diamond":3,"minecraft:granite":24,"minecraft:bone_meal":1,"minecraft:oak_sapling":14,"minecraft:bricks":1,"minecraft:crafting_table":12,"minecraft:azure_bluet":1,"minecraft:chicken":5,"minecraft:ladder":1,"minecraft:clay_ball":32,"minecraft:wooden_pickaxe":4,"minecraft:gold_block":2,"minecraft:shield":2,"minecraft:cornflower":4,"minecraft:oak_trapdoor":4,"minecraft:beef":3,"minecraft:poppy":5,"minecraft:chest":1,"minecraft:birch_sapling":1,"minecraft:egg":2,"minecraft:sandstone":129,"minecraft:stone":128,"minecraft:oak_door":3,"minecraft:carrot":169,"minecraft:arrow":31,"minecraft:stone_shovel":1,"minecraft:beetroot_seeds":18,"minecraft:peony":1,"minecraft:hay_block":10,"minecraft:mutton":26,"minecraft:white_wool":18,"minecraft:oxeye_daisy":5,"minecraft:leather":11,"minecraft:oak_log":132,"minecraft:yellow_bed":19,"minecraft:gunpowder":4,"minecraft:cobblestone_wall":1,"minecraft:cobblestone_stairs":3,"minecraft:apple":1,"minecraft:iron_ingot":13,"minecraft:stone_pickaxe":2,"minecraft:iron_ore":84,"minecraft:stripped_oak_wood":1,"minecraft:iron_sword":1,"minecraft:acacia_sapling":5,"minecraft:green_dye":3,"minecraft:oak_slab":25,"minecraft:dandelion":26,"minecraft:gravel":20,"minecraft:blast_furnace":2,"minecraft:white_bed":28,"minecraft:gold_ore":9,"minecraft:spider_eye":6,"minecraft:stone_axe":1,"minecraft:iron_helmet":2,"minecraft:gray_wool":2,"minecraft:terracotta":11,"minecraft:coal":106},"minecraft:custom":{"minecraft:interact_with_crafting_table":58,"minecraft:bell_ring":8,"minecraft:leave_game":9,"minecraft:time_since_death":287074,"minecraft:sprint_one_cm":793988,"minecraft:damage_blocked_by_shield":3385,"minecraft:drop":171,"minecraft:talked_to_villager":6,"minecraft:deaths":2,"minecraft:jump":5853,"minecraft:walk_on_water_one_cm":101616,"minecraft:interact_with_furnace":163,"minecraft:play_one_minute":387895,"minecraft:sleep_in_bed":19,"minecraft:damage_dealt":15691,"minecraft:crouch_one_cm":146542,"minecraft:horse_one_cm":61306,"minecraft:mob_kills":95,"minecraft:climb_one_cm":720,"minecraft:walk_one_cm":944819,"minecraft:sneak_time":48997,"minecraft:walk_under_water_one_cm":76895,"minecraft:interact_with_blast_furnace":12,"minecraft:interact_with_stonecutter":2,"minecraft:time_since_rest":3176,"minecraft:damage_taken":4771,"minecraft:swim_one_cm":47578,"minecraft:fly_one_cm":1089649,"minecraft:open_chest":62,"minecraft:fall_one_cm":126110},"minecraft:killed_by":{"minecraft:zombie":1,"minecraft:iron_golem":1},"minecraft:mined":{"minecraft:white_bed":18,"minecraft:farmland":13,"minecraft:cobblestone_stairs":3,"minecraft:obsidian":8,"minecraft:granite":22,"minecraft:acacia_log":4,"minecraft:grass_block":827,"minecraft:composter":7,"minecraft:smooth_stone":9,"minecraft:iron_ore":83,"minecraft:fire":22,"minecraft:azure_bluet":1,"minecraft:oak_stairs":14,"minecraft:clay":4,"minecraft:torch":17,"minecraft:blast_furnace":2,"minecraft:chest":1,"minecraft:glass":2,"minecraft:cobblestone":183,"minecraft:oak_planks":35,"minecraft:bricks":1,"minecraft:wall_torch":25,"minecraft:cauldron":3,"minecraft:white_terracotta":59,"minecraft:yellow_wool":9,"minecraft:birch_log":13,"minecraft:wheat":4,"minecraft:stripped_oak_wood":1,"minecraft:stone_brick_stairs":2,"minecraft:grass":118,"minecraft:oak_log":113,"minecraft:beetroots":1,"minecraft:sand":215,"minecraft:dirt":1056,"minecraft:stonecutter":1,"minecraft:oak_leaves":9,"minecraft:diamond_ore":3,"minecraft:mossy_cobblestone":13,"minecraft:ladder":1,"minecraft:sandstone":70,"minecraft:hay_block":5,"minecraft:oak_trapdoor":4,"minecraft:furnace":8,"minecraft:carrots":44,"minecraft:andesite":8,"minecraft:peony":1,"minecraft:gold_block":1,"minecraft:bell":1,"minecraft:potatoes":38,"minecraft:stone":320,"minecraft:white_wool":7,"minecraft:oak_slab":13,"minecraft:glass_pane":9,"minecraft:soul_sand":1,"minecraft:dandelion":1,"minecraft:oak_fence":39,"minecraft:crafting_table":8,"minecraft:tall_grass":19,"minecraft:diorite":23,"minecraft:cobblestone_wall":2,"minecraft:yellow_bed":14,"minecraft:grass_path":188,"minecraft:coal_ore":72,"minecraft:gravel":27,"minecraft:terracotta":4,"minecraft:acacia_planks":2,"minecraft:gold_ore":9},"minecraft:killed":{"minecraft:spider":8,"minecraft:skeleton":18,"minecraft:chicken":1,"minecraft:pig":12,"minecraft:zombie_villager":1,"minecraft:iron_golem":2,"minecraft:creeper":3,"minecraft:sheep":8,"minecraft:trader_llama":2,"minecraft:zombie":31,"minecraft:cow":1,"minecraft:horse":1,"minecraft:drowned":4,"minecraft:wandering_trader":1},"minecraft:crafted":{"minecraft:smooth_stone":128,"minecraft:oak_planks":332,"minecraft:cooked_chicken":2,"minecraft:cooked_mutton":25,"minecraft:green_dye":3,"minecraft:glass":318,"minecraft:bow":2,"minecraft:iron_boots":2,"minecraft:chest":3,"minecraft:stone_hoe":1,"minecraft:oak_slab":66,"minecraft:cooked_porkchop":30,"minecraft:crafting_table":3,"minecraft:iron_helmet":2,"minecraft:wooden_pickaxe":1,"minecraft:baked_potato":23,"minecraft:birch_planks":40,"minecraft:iron_chestplate":2,"minecraft:charcoal":5,"minecraft:diamond_pickaxe":1,"minecraft:shield":1,"minecraft:stick":76,"minecraft:iron_ingot":120,"minecraft:iron_pickaxe":2,"minecraft:stone_sword":1,"minecraft:gold_ingot":9,"minecraft:composter":5,"minecraft:stone_shovel":7,"minecraft:furnace":4,"minecraft:yellow_bed":3,"minecraft:bone_meal":24,"minecraft:oak_trapdoor":2,"minecraft:flint_and_steel":2,"minecraft:stone_pickaxe":5,"minecraft:cooked_beef":4,"minecraft:iron_sword":1,"minecraft:bucket":2,"minecraft:stone_axe":3,"minecraft:air":0,"minecraft:iron_shovel":5,"minecraft:iron_leggings":2,"minecraft:white_bed":3,"minecraft:acacia_planks":8,"minecraft:torch":8}},"DataVersion":2586}