{"stats":{"minecraft:used":{"minecraft:stone_sword":24,"minecraft:acacia_log":2,"minecraft:stone_pickaxe":132,"minecraft:oak_planks":1,"minecraft:wooden_pickaxe":17,"minecraft:torch":10,"minecraft:dirt":19,"minecraft:sand":1,"minecraft:crafting_table":3,"minecraft:white_bed":2,"minecraft:acacia_sapling":1,"minecraft:wooden_axe":8,"minecraft:iron_pickaxe":123,"minecraft:cobblestone":26,"minecraft:furnace":1},"minecraft:killed_by":{"minecraft:player":2,"minecraft:skeleton":2,"minecraft:creeper":1,"minecraft:spider":1},"minecraft:dropped":{"minecraft:wheat_seeds":3,"minecraft:oak_log":1,"minecraft:iron_ore":6,"minecraft:iron_pickaxe":1,"minecraft:redstone":2},"minecraft:killed":{"minecraft:spider":1,"minecraft:zombie":1},"minecraft:mined":{"minecraft:oak_slab":1,"minecraft:acacia_leaves":1,"minecraft:white_bed":2,"minecraft:crafting_table":3,"minecraft:granite":7,"minecraft:acacia_log":16,"minecraft:grass_block":5,"minecraft:tall_grass":4,"minecraft:diorite":2,"minecraft:wall_torch":1,"minecraft:tall_seagrass":3,"minecraft:redstone_ore":1,"minecraft:acacia_sapling":2,"minecraft:iron_ore":14,"minecraft:andesite":2,"minecraft:grass":50,"minecraft:oak_log":9,"minecraft:coal_ore":38,"minecraft:sand":1,"minecraft:dirt":22,"minecraft:stone":191,"minecraft:oak_leaves":1},"minecraft:custom":{"minecraft:interact_with_furnace":4,"minecraft:mob_kills":3,"minecraft:interact_with_crafting_table":7,"minecraft:play_one_minute":35765,"minecraft:leave_game":2,"minecraft:time_since_death":4229,"minecraft:sleep_in_bed":1,"minecraft:time_since_rest":4262,"minecraft:sprint_one_cm":85862,"minecraft:damage_taken":1633,"minecraft:walk_one_cm":92955,"minecraft:drop":9,"minecraft:damage_dealt":528,"minecraft:swim_one_cm":8759,"minecraft:fly_one_cm":34467,"minecraft:open_chest":1,"minecraft:crouch_one_cm":325,"minecraft:deaths":6,"minecraft:sneak_time":72,"minecraft:walk_under_water_one_cm":2139,"minecraft:jump":573,"minecraft:walk_on_water_one_cm":14922,"minecraft:fall_one_cm":10454},"minecraft:crafted":{"minecraft:wooden_sword":1,"minecraft:oak_planks":12,"minecraft:crafting_table":2,"minecraft:wooden_pickaxe":1,"minecraft:furnace":1,"minecraft:acacia_button":2,"minecraft:air":0,"minecraft:stick":32,"minecraft:iron_ingot":3,"minecraft:iron_pickaxe":1,"minecraft:stone_pickaxe":1,"minecraft:wooden_axe":1,"minecraft:stone_sword":1,"minecraft:acacia_planks":44,"minecraft:torch":72},"minecraft:picked_up":{"minecraft:crafting_table":3,"minecraft:andesite":2,"minecraft:oak_log":7,"minecraft:dirt":38,"minecraft:bone":2,"minecraft:acacia_planks":4,"minecraft:wheat_seeds":6,"minecraft:iron_ore":17,"minecraft:iron_pickaxe":1,"minecraft:acacia_sapling":2,"minecraft:oak_slab":1,"minecraft:acacia_log":14,"minecraft:porkchop":1,"minecraft:sand":1,"minecraft:diorite":1,"minecraft:white_bed":3,"minecraft:redstone":4,"minecraft:arrow":1,"minecraft:granite":10,"minecraft:coal":36,"minecraft:cobblestone":186,"minecraft:diamond_pickaxe":1},"minecraft:broken":{"minecraft:stone_pickaxe":1}},"DataVersion":2586}