{"stats":{"minecraft:used":{"minecraft:chest":7,"minecraft:shield":39,"minecraft:rotten_flesh":10,"minecraft:carrot":73,"minecraft:obsidian":8,"minecraft:golden_sword":4,"minecraft:hay_block":2,"minecraft:furnace":13,"minecraft:beetroot_seeds":2,"minecraft:egg":1,"minecraft:potato":55,"minecraft:diorite":19,"minecraft:spruce_door":1,"minecraft:stone_pickaxe":360,"minecraft:oak_planks":128,"minecraft:composter":1,"minecraft:blue_bed":1,"minecraft:diamond_axe":37,"minecraft:white_wool":46,"minecraft:bread":37,"minecraft:gravel":42,"minecraft:wooden_sword":27,"minecraft:andesite":64,"minecraft:oak_boat":3,"minecraft:oak_trapdoor":4,"minecraft:oak_fence":1,"minecraft:flint_and_steel":5,"minecraft:cooked_chicken":4,"minecraft:netherrack":15,"minecraft:oak_door":2,"minecraft:torch":504,"minecraft:dirt":224,"minecraft:anvil":3,"minecraft:granite":2,"minecraft:shroomlight":1,"minecraft:iron_axe":580,"minecraft:cooked_beef":3,"minecraft:acacia_planks":26,"minecraft:golden_axe":15,"minecraft:cooked_mutton":34,"minecraft:acacia_boat":1,"minecraft:water_bucket":21,"minecraft:iron_ore":14,"minecraft:birch_planks":6,"minecraft:baked_potato":8,"minecraft:crafting_table":15,"minecraft:white_bed":5,"minecraft:diamond_pickaxe":369,"minecraft:apple":7,"minecraft:iron_pickaxe":1494,"minecraft:stone_axe":80,"minecraft:cobblestone":527,"minecraft:purple_bed":4,"minecraft:cooked_porkchop":22,"minecraft:bucket":22},"minecraft:dropped":{"minecraft:crafting_table":2,"minecraft:leather":2,"minecraft:rail":8,"minecraft:leather_helmet":3,"minecraft:emerald":1,"minecraft:dirt":36,"minecraft:gold_nugget":3,"minecraft:iron_pickaxe":1,"minecraft:gold_ingot":1,"minecraft:gravel":11,"minecraft:iron_nugget":9,"minecraft:wheat":3,"minecraft:beetroot":3,"minecraft:rotten_flesh":16,"minecraft:oak_planks":10,"minecraft:white_bed":5,"minecraft:carrot":14,"minecraft:poppy":1,"minecraft:gunpowder":3,"minecraft:beetroot_seeds":10,"minecraft:leather_boots":6,"minecraft:iron_ore":2,"minecraft:iron_ingot":37,"minecraft:oak_slab":7,"minecraft:wheat_seeds":60,"minecraft:poisonous_potato":2,"minecraft:oak_fence":1,"minecraft:feather":2,"minecraft:cobblestone":207,"minecraft:granite":40,"minecraft:coal":3,"minecraft:stick":2,"minecraft:oxeye_daisy":1,"minecraft:gray_wool":2,"minecraft:diorite":52,"minecraft:iron_leggings":3,"minecraft:string":9,"minecraft:lily_pad":28,"minecraft:acacia_planks":18,"minecraft:dandelion":1,"minecraft:redstone":21,"minecraft:furnace":1,"minecraft:sweet_berries":9,"minecraft:chicken":3,"minecraft:light_gray_wool":1,"minecraft:iron_boots":1,"minecraft:pumpkin_seeds":34,"minecraft:hay_block":6,"minecraft:shield":1,"minecraft:oak_button":1,"minecraft:spruce_planks":1,"minecraft:andesite":99,"minecraft:yellow_bed":2,"minecraft:oak_sapling":2,"minecraft:spider_eye":3,"minecraft:spruce_log":1,"minecraft:bow":2,"minecraft:terracotta":2},"minecraft:broken":{"minecraft:stone_pickaxe":2,"minecraft:iron_axe":1,"minecraft:iron_pickaxe":3},"minecraft:picked_up":{"minecraft:wheat":3,"minecraft:anvil":2,"minecraft:lead":2,"minecraft:enchanted_book":7,"minecraft:string":46,"minecraft:iron_leggings":4,"minecraft:shroomlight":3,"minecraft:beetroot":3,"minecraft:diamond_leggings":2,"minecraft:gold_nugget":1,"minecraft:spruce_planks":1,"minecraft:iron_pickaxe":5,"minecraft:iron_boots":2,"minecraft:furnace":5,"minecraft:stick":23,"minecraft:composter":1,"minecraft:oak_fence":7,"minecraft:torch":341,"minecraft:acacia_log":14,"minecraft:porkchop":30,"minecraft:golden_axe":2,"minecraft:diorite":104,"minecraft:rotten_flesh":53,"minecraft:obsidian":32,"minecraft:cobblestone":1173,"minecraft:feather":2,"minecraft:water_bucket":4,"minecraft:andesite":170,"minecraft:potato":91,"minecraft:flint":3,"minecraft:acacia_boat":1,"minecraft:dirt":261,"minecraft:lapis_lazuli":182,"minecraft:name_tag":11,"minecraft:leather_boots":6,"minecraft:bone":79,"minecraft:acacia_planks":37,"minecraft:bow":3,"minecraft:wheat_seeds":61,"minecraft:diamond_helmet":1,"minecraft:oak_planks":125,"minecraft:cooked_porkchop":65,"minecraft:poisonous_potato":2,"minecraft:diamond":143,"minecraft:granite":73,"minecraft:golden_apple":4,"minecraft:bread":27,"minecraft:emerald":1,"minecraft:oak_sapling":4,"minecraft:netherrack":21,"minecraft:crimson_roots":9,"minecraft:diamond_pickaxe":4,"minecraft:crafting_table":11,"minecraft:chicken":6,"minecraft:clay_ball":32,"minecraft:pink_wool":2,"minecraft:shield":3,"minecraft:oak_trapdoor":2,"minecraft:iron_axe":5,"minecraft:flint_and_steel":4,"minecraft:beef":3,"minecraft:oak_boat":4,"minecraft:light_gray_wool":1,"minecraft:chest":1,"minecraft:egg":1,"minecraft:oak_door":3,"minecraft:carrot":176,"minecraft:redstone":75,"minecraft:diamond_chestplate":3,"minecraft:arrow":53,"minecraft:beetroot_seeds":24,"minecraft:diamond_boots":2,"minecraft:hay_block":14,"minecraft:gold_ingot":44,"minecraft:mutton":133,"minecraft:white_wool":79,"minecraft:rail":12,"minecraft:oxeye_daisy":1,"minecraft:leather":4,"minecraft:birch_planks":40,"minecraft:oak_log":48,"minecraft:lily_pad":28,"minecraft:yellow_bed":2,"minecraft:nether_wart_block":6,"minecraft:gunpowder":12,"minecraft:blue_bed":2,"minecraft:iron_ingot":67,"minecraft:stone_pickaxe":2,"minecraft:iron_ore":304,"minecraft:oak_slab":7,"minecraft:sweet_berries":12,"minecraft:quartz":6,"minecraft:gravel":53,"minecraft:white_bed":9,"minecraft:spruce_log":26,"minecraft:gold_ore":15,"minecraft:crying_obsidian":1,"minecraft:spider_eye":6,"minecraft:leather_helmet":3,"minecraft:pumpkin_seeds":26,"minecraft:purple_bed":4,"minecraft:slime_ball":12,"minecraft:stone_axe":1,"minecraft:iron_helmet":2,"minecraft:diamond_axe":2,"minecraft:gray_wool":2,"minecraft:oak_button":1,"minecraft:terracotta":1,"minecraft:baked_potato":86,"minecraft:black_wool":2,"minecraft:melon_seeds":34,"minecraft:coal":432},"minecraft:custom":{"minecraft:interact_with_crafting_table":70,"minecraft:bell_ring":1,"minecraft:leave_game":5,"minecraft:time_since_death":3926,"minecraft:sprint_one_cm":1442147,"minecraft:damage_blocked_by_shield":3645,"minecraft:drop":137,"minecraft:talked_to_villager":5,"minecraft:deaths":6,"minecraft:jump":6577,"minecraft:walk_on_water_one_cm":118287,"minecraft:interact_with_furnace":135,"minecraft:play_one_minute":385475,"minecraft:interact_with_loom":2,"minecraft:sleep_in_bed":26,"minecraft:damage_dealt":26954,"minecraft:crouch_one_cm":148804,"minecraft:horse_one_cm":148006,"minecraft:mob_kills":183,"minecraft:interact_with_anvil":2,"minecraft:climb_one_cm":1607,"minecraft:walk_one_cm":782032,"minecraft:sneak_time":55576,"minecraft:walk_under_water_one_cm":25263,"minecraft:boat_one_cm":1052769,"minecraft:interact_with_blast_furnace":1,"minecraft:time_since_rest":1327,"minecraft:damage_taken":8153,"minecraft:swim_one_cm":32323,"minecraft:fly_one_cm":940215,"minecraft:open_chest":152,"minecraft:fall_one_cm":134125},"minecraft:killed_by":{"minecraft:zombified_piglin":1,"minecraft:creeper":1,"minecraft:piglin":1,"minecraft:slime":1,"minecraft:skeleton":1},"minecraft:mined":{"minecraft:spruce_planks":1,"minecraft:white_bed":10,"minecraft:obsidian":12,"minecraft:granite":72,"minecraft:acacia_log":15,"minecraft:grass_block":16,"minecraft:composter":1,"minecraft:oxeye_daisy":1,"minecraft:spawner":3,"minecraft:iron_ore":229,"minecraft:fire":1,"minecraft:anvil":2,"minecraft:blue_orchid":1,"minecraft:crimson_nylium":1,"minecraft:torch":36,"minecraft:chest":1,"minecraft:nether_quartz_ore":6,"minecraft:cobblestone":43,"minecraft:oak_planks":41,"minecraft:wall_torch":31,"minecraft:nether_wart_block":3,"minecraft:wheat":49,"minecraft:grass":43,"minecraft:oak_log":42,"minecraft:beetroots":8,"minecraft:dirt":130,"minecraft:netherrack":17,"minecraft:oak_leaves":2,"minecraft:diamond_ore":70,"minecraft:crying_obsidian":1,"minecraft:crimson_roots":4,"minecraft:spruce_leaves":8,"minecraft:large_fern":3,"minecraft:hay_block":11,"minecraft:redstone_ore":14,"minecraft:oak_trapdoor":2,"minecraft:furnace":5,"minecraft:carrots":47,"minecraft:andesite":118,"minecraft:gold_block":1,"minecraft:potatoes":34,"minecraft:shroomlight":1,"minecraft:vine":1,"minecraft:rail":3,"minecraft:stone":1174,"minecraft:white_wool":2,"minecraft:glass_pane":1,"minecraft:oak_fence":4,"minecraft:crafting_table":12,"minecraft:emerald_ore":1,"minecraft:tall_grass":12,"minecraft:lapis_ore":5,"minecraft:diorite":103,"minecraft:blue_bed":1,"minecraft:purple_bed":4,"minecraft:sweet_berry_bush":4,"minecraft:spruce_log":28,"minecraft:birch_leaves":1,"minecraft:grass_path":1,"minecraft:yellow_bed":2,"minecraft:coal_ore":287,"minecraft:gravel":56,"minecraft:cobweb":24,"minecraft:gold_ore":11,"minecraft:fern":1},"minecraft:killed":{"minecraft:cave_spider":7,"minecraft:zombified_piglin":1,"minecraft:witch":1,"minecraft:spider":7,"minecraft:skeleton":25,"minecraft:chicken":3,"minecraft:piglin":7,"minecraft:pig":14,"minecraft:zombie_villager":2,"minecraft:creeper":9,"minecraft:sheep":52,"minecraft:zombie":31,"minecraft:cow":2,"minecraft:slime":15,"minecraft:enderman":1},"minecraft:crafted":{"minecraft:oak_planks":168,"minecraft:cooked_chicken":4,"minecraft:cooked_mutton":28,"minecraft:diamond_helmet":1,"minecraft:diamond_leggings":1,"minecraft:iron_boots":2,"minecraft:chest":6,"minecraft:oak_button":1,"minecraft:cooked_porkchop":30,"minecraft:diamond_axe":1,"minecraft:crafting_table":7,"minecraft:spruce_planks":104,"minecraft:baked_potato":47,"minecraft:iron_helmet":2,"minecraft:spruce_door":3,"minecraft:iron_chestplate":2,"minecraft:diamond_pickaxe":1,"minecraft:shield":2,"minecraft:stick":148,"minecraft:iron_ingot":151,"minecraft:iron_pickaxe":7,"minecraft:iron_block":3,"minecraft:gold_ingot":11,"minecraft:wooden_sword":1,"minecraft:oak_door":3,"minecraft:furnace":9,"minecraft:oak_trapdoor":2,"minecraft:flint_and_steel":1,"minecraft:iron_axe":5,"minecraft:stone_pickaxe":2,"minecraft:diamond_boots":1,"minecraft:wheat":54,"minecraft:cooked_beef":3,"minecraft:bucket":2,"minecraft:stone_axe":1,"minecraft:acacia_boat":1,"minecraft:bread":18,"minecraft:air":0,"minecraft:oak_boat":1,"minecraft:wooden_axe":1,"minecraft:iron_leggings":2,"minecraft:anvil":1,"minecraft:white_bed":1,"minecraft:acacia_planks":56,"minecraft:torch":432,"minecraft:diamond_chestplate":1}},"DataVersion":2586}