{"stats":{"minecraft:used":{"minecraft:chest":3,"minecraft:rotten_flesh":10,"minecraft:torch":327,"minecraft:dirt":202,"minecraft:carrot":69,"minecraft:granite":2,"minecraft:iron_axe":281,"minecraft:golden_sword":4,"minecraft:hay_block":2,"minecraft:furnace":9,"minecraft:beetroot_seeds":2,"minecraft:egg":1,"minecraft:cooked_beef":1,"minecraft:potato":55,"minecraft:cooked_mutton":22,"minecraft:acacia_boat":1,"minecraft:water_bucket":11,"minecraft:diorite":19,"minecraft:iron_ore":13,"minecraft:spruce_door":1,"minecraft:birch_planks":6,"minecraft:stone_pickaxe":360,"minecraft:composter":1,"minecraft:crafting_table":8,"minecraft:white_bed":2,"minecraft:apple":7,"minecraft:bread":14,"minecraft:iron_pickaxe":778,"minecraft:stone_axe":80,"minecraft:wooden_sword":27,"minecraft:cobblestone":258,"minecraft:cooked_porkchop":3,"minecraft:andesite":9,"minecraft:bucket":11},"minecraft:dropped":{"minecraft:iron_ingot":29,"minecraft:oak_slab":7,"minecraft:wheat_seeds":59,"minecraft:crafting_table":1,"minecraft:poisonous_potato":2,"minecraft:feather":2,"minecraft:cobblestone":116,"minecraft:granite":6,"minecraft:leather_helmet":3,"minecraft:stick":2,"minecraft:oxeye_daisy":1,"minecraft:dirt":10,"minecraft:gray_wool":2,"minecraft:diorite":41,"minecraft:gold_nugget":3,"minecraft:dandelion":1,"minecraft:redstone":5,"minecraft:gravel":4,"minecraft:iron_nugget":9,"minecraft:wheat":3,"minecraft:beetroot":3,"minecraft:chicken":3,"minecraft:light_gray_wool":1,"minecraft:white_bed":5,"minecraft:carrot":14,"minecraft:poppy":1,"minecraft:hay_block":6,"minecraft:andesite":33,"minecraft:beetroot_seeds":8,"minecraft:yellow_bed":2,"minecraft:leather_boots":3,"minecraft:oak_sapling":2,"minecraft:spider_eye":1,"minecraft:terracotta":2},"minecraft:broken":{"minecraft:stone_pickaxe":2,"minecraft:iron_axe":1,"minecraft:iron_pickaxe":2},"minecraft:picked_up":{"minecraft:crafting_table":6,"minecraft:wheat":3,"minecraft:chicken":6,"minecraft:clay_ball":16,"minecraft:lead":2,"minecraft:pink_wool":1,"minecraft:string":37,"minecraft:iron_axe":1,"minecraft:beetroot":3,"minecraft:beef":3,"minecraft:light_gray_wool":1,"minecraft:iron_pickaxe":1,"minecraft:furnace":3,"minecraft:egg":1,"minecraft:stick":7,"minecraft:composter":1,"minecraft:oak_fence":2,"minecraft:torch":156,"minecraft:acacia_log":14,"minecraft:porkchop":30,"minecraft:diorite":71,"minecraft:carrot":94,"minecraft:redstone":54,"minecraft:arrow":10,"minecraft:rotten_flesh":27,"minecraft:beetroot_seeds":10,"minecraft:hay_block":14,"minecraft:mutton":39,"minecraft:rail":3,"minecraft:white_wool":22,"minecraft:cobblestone":582,"minecraft:oxeye_daisy":1,"minecraft:feather":2,"minecraft:andesite":71,"minecraft:leather":4,"minecraft:potato":88,"minecraft:birch_planks":40,"minecraft:flint":2,"minecraft:oak_log":12,"minecraft:yellow_bed":2,"minecraft:gunpowder":10,"minecraft:acacia_boat":1,"minecraft:lapis_lazuli":67,"minecraft:dirt":211,"minecraft:leather_boots":3,"minecraft:bone":11,"minecraft:bow":1,"minecraft:wheat_seeds":59,"minecraft:stone_pickaxe":2,"minecraft:iron_ingot":19,"minecraft:iron_ore":239,"minecraft:oak_planks":22,"minecraft:oak_slab":7,"minecraft:cooked_porkchop":2,"minecraft:poisonous_potato":2,"minecraft:gravel":4,"minecraft:white_bed":6,"minecraft:spruce_log":26,"minecraft:gold_ore":9,"minecraft:spider_eye":4,"minecraft:leather_helmet":3,"minecraft:slime_ball":12,"minecraft:diamond":17,"minecraft:stone_axe":1,"minecraft:granite":25,"minecraft:gray_wool":2,"minecraft:bread":9,"minecraft:terracotta":1,"minecraft:oak_sapling":2,"minecraft:black_wool":2,"minecraft:coal":228},"minecraft:custom":{"minecraft:mob_kills":99,"minecraft:interact_with_crafting_table":39,"minecraft:leave_game":2,"minecraft:time_since_death":17190,"minecraft:climb_one_cm":80,"minecraft:sprint_one_cm":736714,"minecraft:walk_one_cm":415992,"minecraft:drop":57,"minecraft:deaths":2,"minecraft:sneak_time":23560,"minecraft:walk_under_water_one_cm":11135,"minecraft:boat_one_cm":260322,"minecraft:jump":3170,"minecraft:interact_with_blast_furnace":1,"minecraft:walk_on_water_one_cm":57074,"minecraft:interact_with_furnace":87,"minecraft:play_one_minute":181538,"minecraft:sleep_in_bed":9,"minecraft:time_since_rest":19971,"minecraft:damage_taken":3249,"minecraft:damage_dealt":12988,"minecraft:swim_one_cm":12754,"minecraft:fly_one_cm":425653,"minecraft:open_chest":57,"minecraft:crouch_one_cm":59796,"minecraft:fall_one_cm":53700},"minecraft:killed_by":{"minecraft:slime":1},"minecraft:mined":{"minecraft:diamond_ore":13,"minecraft:white_bed":6,"minecraft:granite":23,"minecraft:acacia_log":15,"minecraft:grass_block":10,"minecraft:spruce_leaves":6,"minecraft:composter":1,"minecraft:oxeye_daisy":1,"minecraft:spawner":2,"minecraft:hay_block":11,"minecraft:redstone_ore":13,"minecraft:furnace":3,"minecraft:carrots":47,"minecraft:iron_ore":164,"minecraft:andesite":65,"minecraft:potatoes":34,"minecraft:stone":531,"minecraft:glass_pane":1,"minecraft:crafting_table":6,"minecraft:torch":32,"minecraft:tall_grass":9,"minecraft:cobblestone":24,"minecraft:lapis_ore":5,"minecraft:oak_planks":5,"minecraft:diorite":70,"minecraft:wall_torch":29,"minecraft:wheat":49,"minecraft:spruce_log":28,"minecraft:yellow_bed":2,"minecraft:grass_path":1,"minecraft:grass":23,"minecraft:oak_log":6,"minecraft:coal_ore":200,"minecraft:beetroots":8,"minecraft:gravel":5,"minecraft:dirt":117,"minecraft:cobweb":24,"minecraft:gold_ore":5},"minecraft:killed":{"minecraft:cave_spider":4,"minecraft:spider":2,"minecraft:slime":15,"minecraft:skeleton":6,"minecraft:chicken":3,"minecraft:pig":14,"minecraft:creeper":7,"minecraft:sheep":28,"minecraft:zombie":17,"minecraft:cow":2},"minecraft:crafted":{"minecraft:wooden_sword":1,"minecraft:oak_planks":24,"minecraft:furnace":6,"minecraft:cooked_mutton":28,"minecraft:iron_boots":1,"minecraft:iron_axe":3,"minecraft:stone_pickaxe":2,"minecraft:chest":3,"minecraft:wheat":54,"minecraft:cooked_beef":1,"minecraft:cooked_porkchop":18,"minecraft:crafting_table":4,"minecraft:spruce_planks":104,"minecraft:iron_helmet":1,"minecraft:baked_potato":47,"minecraft:spruce_door":3,"minecraft:bucket":1,"minecraft:stone_axe":1,"minecraft:bread":18,"minecraft:acacia_boat":1,"minecraft:air":0,"minecraft:iron_chestplate":2,"minecraft:shield":1,"minecraft:stick":132,"minecraft:iron_ingot":76,"minecraft:iron_pickaxe":6,"minecraft:wooden_axe":1,"minecraft:iron_leggings":1,"minecraft:gold_ingot":5,"minecraft:white_bed":1,"minecraft:acacia_planks":56,"minecraft:torch":432}},"DataVersion":2586}