{"stats":{"minecraft:crafted":{"minecraft:crafting_table":2,"minecraft:furnace":1,"minecraft:stone_axe":1,"minecraft:bread":18,"minecraft:air":0,"minecraft:iron_axe":1,"minecraft:stick":20,"minecraft:iron_ingot":6,"minecraft:iron_pickaxe":1,"minecraft:stone_pickaxe":2,"minecraft:wooden_axe":1,"minecraft:chest":1,"minecraft:torch":60,"minecraft:wheat":54},"minecraft:dropped":{"minecraft:gravel":2,"minecraft:oak_slab":7,"minecraft:wheat_seeds":57,"minecraft:crafting_table":1,"minecraft:wheat":3,"minecraft:beetroot":3,"minecraft:white_bed":5,"minecraft:carrot":14,"minecraft:oxeye_daisy":1,"minecraft:hay_block":6,"minecraft:yellow_bed":2,"minecraft:beetroot_seeds":8,"minecraft:oak_sapling":2,"minecraft:gold_nugget":3,"minecraft:dandelion":1},"minecraft:broken":{"minecraft:stone_pickaxe":2},"minecraft:picked_up":{"minecraft:crafting_table":1,"minecraft:wheat":3,"minecraft:andesite":20,"minecraft:leather":2,"minecraft:potato":22,"minecraft:birch_planks":40,"minecraft:flint":2,"minecraft:oak_log":6,"minecraft:yellow_bed":2,"minecraft:gunpowder":1,"minecraft:dirt":158,"minecraft:bone":2,"minecraft:beetroot":3,"minecraft:bow":1,"minecraft:wheat_seeds":57,"minecraft:beef":1,"minecraft:stone_pickaxe":1,"minecraft:iron_ore":31,"minecraft:oak_slab":7,"minecraft:stick":7,"minecraft:composter":1,"minecraft:torch":12,"minecraft:gravel":4,"minecraft:porkchop":3,"minecraft:diorite":37,"minecraft:white_bed":5,"minecraft:carrot":43,"minecraft:gold_ore":1,"minecraft:arrow":2,"minecraft:rotten_flesh":13,"minecraft:diamond":5,"minecraft:beetroot_seeds":10,"minecraft:hay_block":14,"minecraft:granite":6,"minecraft:gray_wool":1,"minecraft:oak_sapling":2,"minecraft:mutton":11,"minecraft:coal":102,"minecraft:white_wool":6,"minecraft:cobblestone":237,"minecraft:oxeye_daisy":1},"minecraft:mined":{"minecraft:diamond_ore":5,"minecraft:white_bed":5,"minecraft:glass_pane":1,"minecraft:crafting_table":1,"minecraft:torch":2,"minecraft:granite":2,"minecraft:grass_block":7,"minecraft:cobblestone":3,"minecraft:composter":1,"minecraft:oxeye_daisy":1,"minecraft:diorite":37,"minecraft:wall_torch":4,"minecraft:hay_block":11,"minecraft:carrots":33,"minecraft:iron_ore":31,"minecraft:wheat":49,"minecraft:andesite":20,"minecraft:yellow_bed":2,"minecraft:grass":4,"minecraft:oak_log":6,"minecraft:potatoes":15,"minecraft:coal_ore":104,"minecraft:beetroots":8,"minecraft:gravel":4,"minecraft:dirt":87,"minecraft:stone":226,"minecraft:gold_ore":1},"minecraft:killed":{"minecraft:pig":1,"minecraft:spider":1,"minecraft:creeper":1,"minecraft:sheep":7,"minecraft:skeleton":2,"minecraft:zombie":9,"minecraft:cow":1},"minecraft:used":{"minecraft:birch_planks":6,"minecraft:stone_pickaxe":360,"minecraft:composter":1,"minecraft:torch":72,"minecraft:dirt":52,"minecraft:crafting_table":2,"minecraft:carrot":34,"minecraft:apple":7,"minecraft:iron_axe":69,"minecraft:bread":11,"minecraft:iron_pickaxe":79,"minecraft:stone_axe":4,"minecraft:cobblestone":1,"minecraft:hay_block":2,"minecraft:furnace":1,"minecraft:beetroot_seeds":2,"minecraft:andesite":4,"minecraft:potato":35},"minecraft:custom":{"minecraft:interact_with_furnace":12,"minecraft:mob_kills":22,"minecraft:interact_with_crafting_table":13,"minecraft:play_one_minute":49149,"minecraft:time_since_death":49149,"minecraft:sleep_in_bed":3,"minecraft:climb_one_cm":80,"minecraft:time_since_rest":38400,"minecraft:sprint_one_cm":187734,"minecraft:damage_taken":750,"minecraft:walk_one_cm":102912,"minecraft:drop":21,"minecraft:damage_dealt":3937,"minecraft:swim_one_cm":1298,"minecraft:fly_one_cm":139908,"minecraft:open_chest":6,"minecraft:crouch_one_cm":12065,"minecraft:sneak_time":5657,"minecraft:walk_under_water_one_cm":211,"minecraft:jump":804,"minecraft:interact_with_blast_furnace":1,"minecraft:walk_on_water_one_cm":2509,"minecraft:fall_one_cm":15588}},"DataVersion":2586}