{"stats":{"minecraft:crafted":{"minecraft:crafting_table":2,"minecraft:furnace":1,"minecraft:stone_axe":1,"minecraft:bread":18,"minecraft:air":0,"minecraft:iron_axe":1,"minecraft:stick":20,"minecraft:iron_ingot":6,"minecraft:iron_pickaxe":1,"minecraft:stone_pickaxe":2,"minecraft:wooden_axe":1,"minecraft:torch":60,"minecraft:wheat":54},"minecraft:dropped":{"minecraft:oak_slab":7,"minecraft:wheat_seeds":57,"minecraft:crafting_table":1,"minecraft:wheat":3,"minecraft:beetroot":3,"minecraft:white_bed":5,"minecraft:carrot":14,"minecraft:oxeye_daisy":1,"minecraft:hay_block":6,"minecraft:yellow_bed":2,"minecraft:beetroot_seeds":8,"minecraft:oak_sapling":2,"minecraft:gold_nugget":3,"minecraft:dandelion":1},"minecraft:broken":{"minecraft:stone_pickaxe":2},"minecraft:mined":{"minecraft:white_bed":5,"minecraft:glass_pane":1,"minecraft:crafting_table":1,"minecraft:granite":2,"minecraft:grass_block":7,"minecraft:cobblestone":3,"minecraft:composter":1,"minecraft:oxeye_daisy":1,"minecraft:diorite":37,"minecraft:wall_torch":3,"minecraft:hay_block":11,"minecraft:carrots":33,"minecraft:iron_ore":25,"minecraft:wheat":49,"minecraft:andesite":16,"minecraft:yellow_bed":2,"minecraft:grass":1,"minecraft:potatoes":15,"minecraft:coal_ore":98,"minecraft:beetroots":8,"minecraft:gravel":4,"minecraft:dirt":84,"minecraft:stone":222},"minecraft:picked_up":{"minecraft:crafting_table":1,"minecraft:wheat":3,"minecraft:andesite":16,"minecraft:potato":22,"minecraft:birch_planks":40,"minecraft:flint":2,"minecraft:yellow_bed":2,"minecraft:dirt":155,"minecraft:bone":2,"minecraft:beetroot":3,"minecraft:bow":1,"minecraft:wheat_seeds":57,"minecraft:stone_pickaxe":1,"minecraft:iron_ore":25,"minecraft:oak_slab":7,"minecraft:stick":7,"minecraft:composter":1,"minecraft:torch":6,"minecraft:gravel":2,"minecraft:diorite":37,"minecraft:white_bed":5,"minecraft:carrot":43,"minecraft:arrow":2,"minecraft:beetroot_seeds":10,"minecraft:hay_block":14,"minecraft:granite":2,"minecraft:oak_sapling":2,"minecraft:coal":96,"minecraft:cobblestone":225,"minecraft:oxeye_daisy":1},"minecraft:killed":{"minecraft:skeleton":2},"minecraft:used":{"minecraft:birch_planks":6,"minecraft:stone_pickaxe":360,"minecraft:composter":1,"minecraft:torch":36,"minecraft:crafting_table":2,"minecraft:carrot":34,"minecraft:apple":3,"minecraft:iron_axe":6,"minecraft:bread":4,"minecraft:iron_pickaxe":52,"minecraft:stone_axe":4,"minecraft:cobblestone":1,"minecraft:hay_block":2,"minecraft:furnace":1,"minecraft:beetroot_seeds":2,"minecraft:andesite":4,"minecraft:potato":35},"minecraft:custom":{"minecraft:interact_with_furnace":9,"minecraft:mob_kills":2,"minecraft:interact_with_crafting_table":12,"minecraft:play_one_minute":37149,"minecraft:time_since_death":37149,"minecraft:sleep_in_bed":3,"minecraft:climb_one_cm":80,"minecraft:time_since_rest":26400,"minecraft:sprint_one_cm":120137,"minecraft:damage_taken":335,"minecraft:walk_one_cm":69515,"minecraft:drop":20,"minecraft:damage_dealt":573,"minecraft:swim_one_cm":953,"minecraft:fly_one_cm":94406,"minecraft:open_chest":6,"minecraft:crouch_one_cm":9506,"minecraft:sneak_time":4943,"minecraft:walk_under_water_one_cm":168,"minecraft:jump":492,"minecraft:interact_with_blast_furnace":1,"minecraft:walk_on_water_one_cm":1306,"minecraft:fall_one_cm":11143}},"DataVersion":2586}