{"stats":{"minecraft:used":{"minecraft:oak_fence":1,"minecraft:oak_trapdoor":4,"minecraft:flint_and_steel":2,"minecraft:chest":7,"minecraft:shield":32,"minecraft:cooked_chicken":4,"minecraft:rotten_flesh":10,"minecraft:oak_door":2,"minecraft:torch":480,"minecraft:dirt":223,"minecraft:anvil":3,"minecraft:carrot":73,"minecraft:granite":2,"minecraft:iron_axe":570,"minecraft:golden_sword":4,"minecraft:hay_block":2,"minecraft:furnace":10,"minecraft:beetroot_seeds":2,"minecraft:egg":1,"minecraft:cooked_beef":3,"minecraft:potato":55,"minecraft:acacia_planks":26,"minecraft:golden_axe":15,"minecraft:cooked_mutton":34,"minecraft:water_bucket":14,"minecraft:acacia_boat":1,"minecraft:diorite":19,"minecraft:iron_ore":14,"minecraft:spruce_door":1,"minecraft:birch_planks":6,"minecraft:stone_pickaxe":360,"minecraft:baked_potato":8,"minecraft:oak_planks":128,"minecraft:composter":1,"minecraft:blue_bed":1,"minecraft:white_wool":45,"minecraft:crafting_table":15,"minecraft:white_bed":5,"minecraft:diamond_pickaxe":204,"minecraft:apple":7,"minecraft:bread":37,"minecraft:iron_pickaxe":1473,"minecraft:gravel":42,"minecraft:stone_axe":80,"minecraft:wooden_sword":27,"minecraft:cobblestone":503,"minecraft:purple_bed":4,"minecraft:cooked_porkchop":12,"minecraft:andesite":64,"minecraft:bucket":15,"minecraft:oak_boat":3},"minecraft:dropped":{"minecraft:iron_ingot":37,"minecraft:oak_slab":7,"minecraft:wheat_seeds":60,"minecraft:crafting_table":2,"minecraft:poisonous_potato":2,"minecraft:oak_fence":1,"minecraft:feather":2,"minecraft:cobblestone":207,"minecraft:leather":2,"minecraft:granite":40,"minecraft:rail":8,"minecraft:coal":3,"minecraft:leather_helmet":3,"minecraft:emerald":1,"minecraft:stick":2,"minecraft:oxeye_daisy":1,"minecraft:dirt":35,"minecraft:gray_wool":2,"minecraft:diorite":52,"minecraft:iron_leggings":3,"minecraft:gold_nugget":3,"minecraft:iron_pickaxe":1,"minecraft:string":9,"minecraft:lily_pad":28,"minecraft:acacia_planks":18,"minecraft:redstone":21,"minecraft:dandelion":1,"minecraft:gold_ingot":1,"minecraft:gravel":11,"minecraft:furnace":1,"minecraft:sweet_berries":9,"minecraft:iron_nugget":9,"minecraft:wheat":3,"minecraft:beetroot":3,"minecraft:chicken":3,"minecraft:rotten_flesh":16,"minecraft:light_gray_wool":1,"minecraft:oak_planks":10,"minecraft:iron_boots":1,"minecraft:white_bed":5,"minecraft:pumpkin_seeds":34,"minecraft:carrot":14,"minecraft:poppy":1,"minecraft:hay_block":6,"minecraft:shield":1,"minecraft:gunpowder":3,"minecraft:oak_button":1,"minecraft:spruce_planks":1,"minecraft:andesite":99,"minecraft:beetroot_seeds":10,"minecraft:yellow_bed":2,"minecraft:leather_boots":6,"minecraft:oak_sapling":2,"minecraft:spider_eye":3,"minecraft:spruce_log":1,"minecraft:iron_ore":2,"minecraft:bow":2,"minecraft:terracotta":2},"minecraft:broken":{"minecraft:stone_pickaxe":2,"minecraft:iron_axe":1,"minecraft:iron_pickaxe":3},"minecraft:picked_up":{"minecraft:crafting_table":11,"minecraft:wheat":3,"minecraft:anvil":2,"minecraft:chicken":6,"minecraft:clay_ball":32,"minecraft:lead":2,"minecraft:pink_wool":2,"minecraft:enchanted_book":7,"minecraft:shield":1,"minecraft:oak_trapdoor":2,"minecraft:string":46,"minecraft:iron_axe":3,"minecraft:flint_and_steel":2,"minecraft:iron_leggings":4,"minecraft:beetroot":3,"minecraft:spruce_planks":1,"minecraft:beef":3,"minecraft:oak_boat":4,"minecraft:iron_pickaxe":3,"minecraft:light_gray_wool":1,"minecraft:chest":1,"minecraft:furnace":4,"minecraft:iron_boots":2,"minecraft:egg":1,"minecraft:stick":23,"minecraft:oak_door":3,"minecraft:composter":1,"minecraft:oak_fence":7,"minecraft:torch":289,"minecraft:acacia_log":14,"minecraft:porkchop":30,"minecraft:golden_axe":2,"minecraft:diorite":104,"minecraft:carrot":176,"minecraft:redstone":75,"minecraft:arrow":53,"minecraft:rotten_flesh":50,"minecraft:diamond_chestplate":2,"minecraft:beetroot_seeds":24,"minecraft:hay_block":14,"minecraft:gold_ingot":44,"minecraft:obsidian":30,"minecraft:mutton":133,"minecraft:rail":12,"minecraft:white_wool":78,"minecraft:cobblestone":1132,"minecraft:oxeye_daisy":1,"minecraft:feather":2,"minecraft:water_bucket":2,"minecraft:andesite":170,"minecraft:leather":4,"minecraft:potato":91,"minecraft:birch_planks":40,"minecraft:flint":3,"minecraft:oak_log":48,"minecraft:lily_pad":28,"minecraft:yellow_bed":2,"minecraft:gunpowder":12,"minecraft:acacia_boat":1,"minecraft:lapis_lazuli":182,"minecraft:blue_bed":2,"minecraft:dirt":259,"minecraft:name_tag":11,"minecraft:leather_boots":6,"minecraft:bone":79,"minecraft:acacia_planks":37,"minecraft:bow":3,"minecraft:wheat_seeds":61,"minecraft:iron_ingot":67,"minecraft:stone_pickaxe":2,"minecraft:iron_ore":262,"minecraft:oak_planks":125,"minecraft:oak_slab":7,"minecraft:cooked_porkchop":40,"minecraft:sweet_berries":12,"minecraft:poisonous_potato":2,"minecraft:gravel":53,"minecraft:white_bed":9,"minecraft:spruce_log":26,"minecraft:gold_ore":15,"minecraft:spider_eye":6,"minecraft:leather_helmet":3,"minecraft:pumpkin_seeds":26,"minecraft:purple_bed":4,"minecraft:slime_ball":12,"minecraft:diamond":143,"minecraft:stone_axe":1,"minecraft:iron_helmet":2,"minecraft:granite":73,"minecraft:golden_apple":4,"minecraft:gray_wool":2,"minecraft:emerald":1,"minecraft:bread":27,"minecraft:oak_button":1,"minecraft:terracotta":1,"minecraft:baked_potato":86,"minecraft:oak_sapling":4,"minecraft:melon_seeds":34,"minecraft:black_wool":2,"minecraft:coal":361,"minecraft:diamond_pickaxe":2},"minecraft:custom":{"minecraft:interact_with_anvil":2,"minecraft:mob_kills":171,"minecraft:interact_with_crafting_table":64,"minecraft:bell_ring":1,"minecraft:leave_game":4,"minecraft:time_since_death":4818,"minecraft:climb_one_cm":1115,"minecraft:sprint_one_cm":1337186,"minecraft:walk_one_cm":733882,"minecraft:damage_blocked_by_shield":3365,"minecraft:drop":136,"minecraft:talked_to_villager":5,"minecraft:sneak_time":52426,"minecraft:deaths":4,"minecraft:walk_under_water_one_cm":25023,"minecraft:boat_one_cm":1052769,"minecraft:jump":6094,"minecraft:interact_with_blast_furnace":1,"minecraft:walk_on_water_one_cm":114204,"minecraft:interact_with_furnace":123,"minecraft:play_one_minute":361202,"minecraft:interact_with_loom":2,"minecraft:sleep_in_bed":24,"minecraft:time_since_rest":4911,"minecraft:damage_taken":6700,"minecraft:damage_dealt":24370,"minecraft:swim_one_cm":32087,"minecraft:fly_one_cm":875554,"minecraft:open_chest":140,"minecraft:crouch_one_cm":141866,"minecraft:fall_one_cm":123659,"minecraft:horse_one_cm":127354},"minecraft:killed_by":{"minecraft:creeper":1,"minecraft:slime":1,"minecraft:skeleton":1},"minecraft:mined":{"minecraft:diamond_ore":70,"minecraft:spruce_planks":1,"minecraft:white_bed":10,"minecraft:obsidian":10,"minecraft:granite":72,"minecraft:acacia_log":15,"minecraft:grass_block":15,"minecraft:spruce_leaves":8,"minecraft:composter":1,"minecraft:oxeye_daisy":1,"minecraft:spawner":3,"minecraft:large_fern":3,"minecraft:hay_block":11,"minecraft:redstone_ore":14,"minecraft:oak_trapdoor":2,"minecraft:carrots":47,"minecraft:furnace":4,"minecraft:iron_ore":187,"minecraft:andesite":118,"minecraft:anvil":2,"minecraft:gold_block":1,"minecraft:potatoes":34,"minecraft:vine":1,"minecraft:rail":3,"minecraft:stone":1137,"minecraft:blue_orchid":1,"minecraft:white_wool":1,"minecraft:glass_pane":1,"minecraft:oak_fence":4,"minecraft:crafting_table":12,"minecraft:torch":36,"minecraft:emerald_ore":1,"minecraft:chest":1,"minecraft:tall_grass":12,"minecraft:cobblestone":40,"minecraft:lapis_ore":5,"minecraft:oak_planks":41,"minecraft:blue_bed":1,"minecraft:diorite":103,"minecraft:wall_torch":31,"minecraft:purple_bed":4,"minecraft:wheat":49,"minecraft:sweet_berry_bush":4,"minecraft:spruce_log":28,"minecraft:birch_leaves":1,"minecraft:yellow_bed":2,"minecraft:grass_path":1,"minecraft:grass":43,"minecraft:coal_ore":214,"minecraft:oak_log":42,"minecraft:beetroots":8,"minecraft:gravel":56,"minecraft:dirt":130,"minecraft:cobweb":24,"minecraft:gold_ore":11,"minecraft:oak_leaves":2,"minecraft:fern":1},"minecraft:killed":{"minecraft:cave_spider":7,"minecraft:witch":1,"minecraft:spider":7,"minecraft:slime":15,"minecraft:skeleton":23,"minecraft:chicken":3,"minecraft:pig":14,"minecraft:zombie_villager":2,"minecraft:creeper":9,"minecraft:sheep":52,"minecraft:zombie":30,"minecraft:enderman":1,"minecraft:cow":2},"minecraft:crafted":{"minecraft:wooden_sword":1,"minecraft:oak_door":3,"minecraft:oak_planks":168,"minecraft:cooked_chicken":4,"minecraft:furnace":7,"minecraft:flint_and_steel":1,"minecraft:cooked_mutton":28,"minecraft:oak_trapdoor":2,"minecraft:iron_boots":2,"minecraft:iron_axe":5,"minecraft:stone_pickaxe":2,"minecraft:chest":6,"minecraft:oak_button":1,"minecraft:wheat":54,"minecraft:cooked_beef":3,"minecraft:cooked_porkchop":30,"minecraft:crafting_table":7,"minecraft:spruce_planks":104,"minecraft:iron_helmet":2,"minecraft:baked_potato":47,"minecraft:spruce_door":3,"minecraft:bucket":2,"minecraft:stone_axe":1,"minecraft:bread":18,"minecraft:acacia_boat":1,"minecraft:air":0,"minecraft:oak_boat":1,"minecraft:iron_chestplate":2,"minecraft:diamond_pickaxe":1,"minecraft:shield":2,"minecraft:stick":148,"minecraft:iron_ingot":111,"minecraft:iron_pickaxe":7,"minecraft:wooden_axe":1,"minecraft:anvil":1,"minecraft:iron_block":3,"minecraft:iron_leggings":2,"minecraft:gold_ingot":11,"minecraft:white_bed":1,"minecraft:acacia_planks":56,"minecraft:torch":432,"minecraft:diamond_chestplate":1}},"DataVersion":2586}