{"stats":{"minecraft:crafted":{"minecraft:oak_planks":24,"minecraft:furnace":6,"minecraft:cooked_mutton":15,"minecraft:iron_boots":1,"minecraft:iron_axe":2,"minecraft:stone_pickaxe":2,"minecraft:chest":3,"minecraft:wheat":54,"minecraft:cooked_beef":1,"minecraft:cooked_porkchop":18,"minecraft:crafting_table":3,"minecraft:spruce_planks":104,"minecraft:baked_potato":12,"minecraft:iron_helmet":1,"minecraft:spruce_door":3,"minecraft:bucket":1,"minecraft:stone_axe":1,"minecraft:acacia_boat":1,"minecraft:bread":18,"minecraft:air":0,"minecraft:iron_chestplate":1,"minecraft:stick":60,"minecraft:iron_ingot":76,"minecraft:iron_pickaxe":3,"minecraft:wooden_axe":1,"minecraft:gold_ingot":5,"minecraft:iron_leggings":1,"minecraft:white_bed":1,"minecraft:acacia_planks":56,"minecraft:torch":188},"minecraft:broken":{"minecraft:stone_pickaxe":2,"minecraft:iron_axe":1,"minecraft:iron_pickaxe":1},"minecraft:dropped":{"minecraft:iron_ingot":29,"minecraft:oak_slab":7,"minecraft:wheat_seeds":59,"minecraft:crafting_table":1,"minecraft:poisonous_potato":2,"minecraft:feather":2,"minecraft:cobblestone":116,"minecraft:granite":6,"minecraft:leather_helmet":3,"minecraft:stick":2,"minecraft:oxeye_daisy":1,"minecraft:dirt":10,"minecraft:gray_wool":2,"minecraft:diorite":41,"minecraft:gold_nugget":3,"minecraft:dandelion":1,"minecraft:redstone":5,"minecraft:gravel":4,"minecraft:iron_nugget":9,"minecraft:wheat":3,"minecraft:beetroot":3,"minecraft:chicken":3,"minecraft:light_gray_wool":1,"minecraft:white_bed":5,"minecraft:carrot":14,"minecraft:poppy":1,"minecraft:hay_block":6,"minecraft:andesite":33,"minecraft:beetroot_seeds":8,"minecraft:yellow_bed":2,"minecraft:leather_boots":3,"minecraft:oak_sapling":2,"minecraft:spider_eye":1,"minecraft:terracotta":2},"minecraft:mined":{"minecraft:diamond_ore":5,"minecraft:white_bed":6,"minecraft:granite":2,"minecraft:acacia_log":15,"minecraft:grass_block":10,"minecraft:spruce_leaves":6,"minecraft:composter":1,"minecraft:oxeye_daisy":1,"minecraft:hay_block":11,"minecraft:redstone_ore":7,"minecraft:furnace":3,"minecraft:carrots":47,"minecraft:iron_ore":118,"minecraft:andesite":42,"minecraft:potatoes":34,"minecraft:stone":317,"minecraft:glass_pane":1,"minecraft:crafting_table":5,"minecraft:torch":7,"minecraft:tall_grass":9,"minecraft:cobblestone":20,"minecraft:lapis_ore":4,"minecraft:diorite":50,"minecraft:wall_torch":13,"minecraft:wheat":49,"minecraft:spruce_log":28,"minecraft:yellow_bed":2,"minecraft:grass_path":1,"minecraft:grass":23,"minecraft:oak_log":6,"minecraft:coal_ore":135,"minecraft:beetroots":8,"minecraft:gravel":5,"minecraft:dirt":117,"minecraft:gold_ore":5},"minecraft:picked_up":{"minecraft:crafting_table":5,"minecraft:wheat":3,"minecraft:chicken":6,"minecraft:clay_ball":16,"minecraft:lead":2,"minecraft:pink_wool":1,"minecraft:string":1,"minecraft:iron_axe":1,"minecraft:beetroot":3,"minecraft:beef":3,"minecraft:light_gray_wool":1,"minecraft:iron_pickaxe":1,"minecraft:furnace":3,"minecraft:egg":1,"minecraft:stick":7,"minecraft:composter":1,"minecraft:torch":115,"minecraft:acacia_log":14,"minecraft:porkchop":30,"minecraft:diorite":51,"minecraft:carrot":94,"minecraft:redstone":30,"minecraft:arrow":7,"minecraft:rotten_flesh":21,"minecraft:beetroot_seeds":10,"minecraft:hay_block":14,"minecraft:mutton":39,"minecraft:cobblestone":362,"minecraft:white_wool":22,"minecraft:oxeye_daisy":1,"minecraft:feather":2,"minecraft:andesite":47,"minecraft:leather":4,"minecraft:potato":88,"minecraft:birch_planks":40,"minecraft:flint":2,"minecraft:oak_log":12,"minecraft:yellow_bed":2,"minecraft:acacia_boat":1,"minecraft:gunpowder":3,"minecraft:lapis_lazuli":58,"minecraft:dirt":209,"minecraft:leather_boots":3,"minecraft:bone":9,"minecraft:bow":1,"minecraft:wheat_seeds":59,"minecraft:iron_ingot":19,"minecraft:stone_pickaxe":2,"minecraft:iron_ore":193,"minecraft:oak_planks":16,"minecraft:oak_slab":7,"minecraft:cooked_porkchop":2,"minecraft:poisonous_potato":2,"minecraft:gravel":4,"minecraft:spruce_log":26,"minecraft:white_bed":6,"minecraft:spider_eye":1,"minecraft:gold_ore":9,"minecraft:leather_helmet":3,"minecraft:slime_ball":12,"minecraft:diamond":9,"minecraft:stone_axe":1,"minecraft:granite":6,"minecraft:gray_wool":2,"minecraft:bread":9,"minecraft:terracotta":1,"minecraft:oak_sapling":2,"minecraft:black_wool":2,"minecraft:coal":163},"minecraft:killed":{"minecraft:spider":2,"minecraft:slime":15,"minecraft:skeleton":4,"minecraft:chicken":3,"minecraft:pig":14,"minecraft:creeper":2,"minecraft:sheep":28,"minecraft:zombie":14,"minecraft:cow":2},"minecraft:killed_by":{"minecraft:slime":1},"minecraft:used":{"minecraft:chest":3,"minecraft:rotten_flesh":4,"minecraft:torch":202,"minecraft:dirt":202,"minecraft:carrot":60,"minecraft:iron_axe":191,"minecraft:hay_block":2,"minecraft:furnace":9,"minecraft:beetroot_seeds":2,"minecraft:egg":1,"minecraft:cooked_beef":1,"minecraft:potato":55,"minecraft:cooked_mutton":8,"minecraft:water_bucket":10,"minecraft:acacia_boat":1,"minecraft:diorite":3,"minecraft:spruce_door":1,"minecraft:birch_planks":6,"minecraft:stone_pickaxe":360,"minecraft:composter":1,"minecraft:crafting_table":7,"minecraft:white_bed":2,"minecraft:apple":7,"minecraft:bread":14,"minecraft:iron_pickaxe":362,"minecraft:stone_axe":80,"minecraft:cobblestone":146,"minecraft:cooked_porkchop":3,"minecraft:bucket":11,"minecraft:andesite":5},"minecraft:custom":{"minecraft:mob_kills":84,"minecraft:interact_with_crafting_table":34,"minecraft:leave_game":1,"minecraft:time_since_death":69038,"minecraft:climb_one_cm":80,"minecraft:sprint_one_cm":469002,"minecraft:walk_one_cm":270237,"minecraft:drop":57,"minecraft:deaths":1,"minecraft:sneak_time":16202,"minecraft:walk_under_water_one_cm":8010,"minecraft:boat_one_cm":260322,"minecraft:jump":2558,"minecraft:interact_with_blast_furnace":1,"minecraft:walk_on_water_one_cm":19818,"minecraft:interact_with_furnace":76,"minecraft:play_one_minute":133098,"minecraft:sleep_in_bed":9,"minecraft:time_since_rest":4911,"minecraft:damage_taken":1981,"minecraft:damage_dealt":9926,"minecraft:swim_one_cm":8684,"minecraft:fly_one_cm":394626,"minecraft:open_chest":46,"minecraft:crouch_one_cm":40638,"minecraft:fall_one_cm":47832}},"DataVersion":2586}