{"stats":{"minecraft:crafted":{"minecraft:cooked_beef":1,"minecraft:oak_planks":24,"minecraft:cooked_porkchop":3,"minecraft:crafting_table":2,"minecraft:iron_helmet":1,"minecraft:furnace":3,"minecraft:stone_axe":1,"minecraft:bread":18,"minecraft:air":0,"minecraft:iron_boots":1,"minecraft:iron_chestplate":1,"minecraft:iron_axe":1,"minecraft:stick":52,"minecraft:iron_ingot":27,"minecraft:iron_pickaxe":1,"minecraft:stone_pickaxe":2,"minecraft:wooden_axe":1,"minecraft:chest":2,"minecraft:iron_leggings":1,"minecraft:torch":188,"minecraft:wheat":54},"minecraft:dropped":{"minecraft:gravel":2,"minecraft:oak_slab":7,"minecraft:wheat_seeds":57,"minecraft:crafting_table":1,"minecraft:wheat":3,"minecraft:beetroot":3,"minecraft:white_bed":5,"minecraft:carrot":14,"minecraft:leather_helmet":1,"minecraft:oxeye_daisy":1,"minecraft:dirt":10,"minecraft:hay_block":6,"minecraft:yellow_bed":2,"minecraft:beetroot_seeds":8,"minecraft:leather_boots":1,"minecraft:oak_sapling":2,"minecraft:gold_nugget":3,"minecraft:terracotta":2,"minecraft:dandelion":1},"minecraft:broken":{"minecraft:stone_pickaxe":2,"minecraft:iron_pickaxe":1},"minecraft:picked_up":{"minecraft:crafting_table":1,"minecraft:wheat":3,"minecraft:andesite":35,"minecraft:leather":4,"minecraft:potato":22,"minecraft:birch_planks":40,"minecraft:flint":2,"minecraft:oak_log":12,"minecraft:yellow_bed":2,"minecraft:gunpowder":2,"minecraft:lapis_lazuli":58,"minecraft:dirt":167,"minecraft:iron_axe":1,"minecraft:leather_boots":2,"minecraft:bone":4,"minecraft:beetroot":3,"minecraft:bow":1,"minecraft:wheat_seeds":57,"minecraft:iron_ingot":19,"minecraft:beef":1,"minecraft:stone_pickaxe":2,"minecraft:iron_ore":181,"minecraft:iron_pickaxe":1,"minecraft:oak_planks":16,"minecraft:oak_slab":7,"minecraft:stick":7,"minecraft:cooked_porkchop":2,"minecraft:composter":1,"minecraft:torch":99,"minecraft:gravel":4,"minecraft:porkchop":3,"minecraft:diorite":43,"minecraft:white_bed":5,"minecraft:carrot":43,"minecraft:gold_ore":9,"minecraft:leather_helmet":2,"minecraft:arrow":4,"minecraft:rotten_flesh":17,"minecraft:slime_ball":12,"minecraft:diamond":5,"minecraft:stone_axe":1,"minecraft:beetroot_seeds":10,"minecraft:hay_block":14,"minecraft:granite":6,"minecraft:gray_wool":1,"minecraft:bread":9,"minecraft:terracotta":1,"minecraft:oak_sapling":2,"minecraft:mutton":11,"minecraft:coal":160,"minecraft:white_wool":6,"minecraft:cobblestone":311,"minecraft:oxeye_daisy":1},"minecraft:mined":{"minecraft:diamond_ore":5,"minecraft:white_bed":5,"minecraft:glass_pane":1,"minecraft:crafting_table":1,"minecraft:torch":3,"minecraft:granite":2,"minecraft:grass_block":7,"minecraft:cobblestone":9,"minecraft:lapis_ore":4,"minecraft:composter":1,"minecraft:oxeye_daisy":1,"minecraft:diorite":41,"minecraft:wall_torch":8,"minecraft:hay_block":11,"minecraft:carrots":33,"minecraft:iron_ore":106,"minecraft:wheat":49,"minecraft:andesite":28,"minecraft:yellow_bed":2,"minecraft:grass":4,"minecraft:oak_log":6,"minecraft:potatoes":15,"minecraft:coal_ore":133,"minecraft:beetroots":8,"minecraft:gravel":5,"minecraft:dirt":90,"minecraft:stone":265,"minecraft:gold_ore":5},"minecraft:killed":{"minecraft:pig":1,"minecraft:spider":1,"minecraft:slime":15,"minecraft:creeper":1,"minecraft:sheep":7,"minecraft:skeleton":3,"minecraft:zombie":12,"minecraft:cow":1},"minecraft:killed_by":{"minecraft:slime":1},"minecraft:used":{"minecraft:diorite":3,"minecraft:birch_planks":6,"minecraft:stone_pickaxe":360,"minecraft:chest":2,"minecraft:composter":1,"minecraft:torch":138,"minecraft:dirt":54,"minecraft:crafting_table":2,"minecraft:carrot":34,"minecraft:apple":7,"minecraft:iron_axe":107,"minecraft:bread":14,"minecraft:iron_pickaxe":250,"minecraft:stone_axe":4,"minecraft:cobblestone":62,"minecraft:hay_block":2,"minecraft:furnace":3,"minecraft:cooked_porkchop":3,"minecraft:beetroot_seeds":2,"minecraft:andesite":4,"minecraft:cooked_beef":1,"minecraft:potato":35},"minecraft:custom":{"minecraft:interact_with_furnace":50,"minecraft:mob_kills":41,"minecraft:interact_with_crafting_table":18,"minecraft:play_one_minute":73149,"minecraft:time_since_death":9089,"minecraft:sleep_in_bed":3,"minecraft:climb_one_cm":80,"minecraft:time_since_rest":9130,"minecraft:sprint_one_cm":300878,"minecraft:damage_taken":1434,"minecraft:walk_one_cm":148767,"minecraft:drop":31,"minecraft:damage_dealt":5450,"minecraft:swim_one_cm":1298,"minecraft:fly_one_cm":184644,"minecraft:open_chest":25,"minecraft:crouch_one_cm":21525,"minecraft:deaths":1,"minecraft:sneak_time":8977,"minecraft:walk_under_water_one_cm":211,"minecraft:jump":1325,"minecraft:interact_with_blast_furnace":1,"minecraft:walk_on_water_one_cm":2509,"minecraft:fall_one_cm":22499}},"DataVersion":2586}