{"stats":{"minecraft:picked_up":{"minecraft:iron_chestplate":4,"minecraft:wheat":3,"minecraft:anvil":5,"minecraft:lead":6,"minecraft:oak_stairs":2,"minecraft:enchanted_book":19,"minecraft:crimson_planks":1,"minecraft:brewing_stand":1,"minecraft:golden_sword":2,"minecraft:string":70,"minecraft:soul_soil":35,"minecraft:iron_leggings":10,"minecraft:shroomlight":3,"minecraft:beetroot":3,"minecraft:diamond_leggings":3,"minecraft:gold_nugget":1,"minecraft:bucket":2,"minecraft:spruce_planks":1,"minecraft:iron_pickaxe":15,"minecraft:iron_boots":4,"minecraft:furnace":11,"minecraft:stick":129,"minecraft:composter":1,"minecraft:oak_fence":17,"minecraft:torch":614,"minecraft:acacia_log":33,"minecraft:porkchop":53,"minecraft:golden_axe":4,"minecraft:diorite":589,"minecraft:cauldron":3,"minecraft:stone_sword":1,"minecraft:cactus":14,"minecraft:rotten_flesh":110,"minecraft:white_terracotta":6,"minecraft:blaze_rod":13,"minecraft:obsidian":52,"minecraft:cobblestone":5265,"minecraft:birch_log":11,"minecraft:leather_chestplate":1,"minecraft:feather":17,"minecraft:water_bucket":9,"minecraft:andesite":429,"minecraft:brown_wool":3,"minecraft:dark_oak_boat":1,"minecraft:potato":2849,"minecraft:flint":6,"minecraft:acacia_boat":1,"minecraft:lapis_lazuli":394,"minecraft:dirt":1401,"minecraft:name_tag":19,"minecraft:leather_boots":7,"minecraft:bone":180,"minecraft:acacia_planks":65,"minecraft:bow":5,"minecraft:wheat_seeds":90,"minecraft:grindstone":1,"minecraft:diamond_helmet":2,"minecraft:glowstone_dust":12,"minecraft:stone_hoe":1,"minecraft:oak_planks":430,"minecraft:cooked_porkchop":65,"minecraft:poisonous_potato":16,"minecraft:sand":16,"minecraft:grass_block":2,"minecraft:loom":3,"minecraft:iron_hoe":1,"minecraft:diamond":256,"minecraft:spruce_boat":5,"minecraft:granite":343,"minecraft:bone_meal":110,"minecraft:golden_apple":8,"minecraft:emerald":1,"minecraft:golden_horse_armor":2,"minecraft:bread":45,"minecraft:oak_sapling":61,"minecraft:netherrack":560,"minecraft:crimson_roots":10,"minecraft:diamond_pickaxe":5,"minecraft:crafting_table":17,"minecraft:chicken":21,"minecraft:ladder":164,"minecraft:clay_ball":80,"minecraft:leather_leggings":4,"minecraft:wooden_pickaxe":3,"minecraft:pink_wool":2,"minecraft:gold_block":3,"minecraft:shield":5,"minecraft:oak_trapdoor":2,"minecraft:red_bed":2,"minecraft:iron_axe":12,"minecraft:flint_and_steel":4,"minecraft:iron_shovel":2,"minecraft:cartography_table":1,"minecraft:beef":66,"minecraft:oak_boat":20,"minecraft:poppy":6,"minecraft:light_gray_wool":2,"minecraft:sugar_cane":364,"minecraft:chest":10,"minecraft:egg":10,"minecraft:sandstone":9,"minecraft:oak_door":8,"minecraft:carrot":177,"minecraft:redstone":151,"minecraft:stone_pressure_plate":1,"minecraft:tnt":9,"minecraft:arrow":111,"minecraft:diamond_chestplate":4,"minecraft:beetroot_seeds":24,"minecraft:nether_bricks":19,"minecraft:diamond_boots":3,"minecraft:hay_block":26,"minecraft:saddle":2,"minecraft:gold_ingot":168,"minecraft:mutton":222,"minecraft:bone_block":257,"minecraft:rail":16,"minecraft:white_wool":119,"minecraft:oxeye_daisy":4,"minecraft:salmon":9,"minecraft:cut_sandstone":10,"minecraft:leather":60,"minecraft:birch_planks":138,"minecraft:oak_log":328,"minecraft:lily_pad":28,"minecraft:golden_boots":1,"minecraft:yellow_bed":8,"minecraft:nether_wart_block":8,"minecraft:gunpowder":21,"minecraft:blue_bed":2,"minecraft:apple":3,"minecraft:iron_ingot":221,"minecraft:stone_pickaxe":4,"minecraft:cooked_chicken":2,"minecraft:iron_ore":453,"minecraft:stripped_oak_wood":3,"minecraft:book":11,"minecraft:oak_slab":7,"minecraft:sweet_berries":12,"minecraft:stone_brick_slab":2,"minecraft:quartz":9,"minecraft:gravel":109,"minecraft:white_bed":11,"minecraft:spruce_log":33,"minecraft:gold_ore":15,"minecraft:crying_obsidian":1,"minecraft:spider_eye":9,"minecraft:leather_helmet":3,"minecraft:pumpkin_seeds":26,"minecraft:purple_bed":4,"minecraft:slime_ball":12,"minecraft:stone_axe":2,"minecraft:iron_helmet":7,"minecraft:diamond_axe":3,"minecraft:gray_wool":3,"minecraft:oak_button":1,"minecraft:terracotta":1,"minecraft:baked_potato":247,"minecraft:melon_seeds":76,"minecraft:black_wool":4,"minecraft:coal":1076,"minecraft:ender_pearl":4},"minecraft:killed":{"minecraft:cave_spider":7,"minecraft:zombified_piglin":1,"minecraft:witch":1,"minecraft:spider":21,"minecraft:skeleton":53,"minecraft:chicken":20,"minecraft:piglin":13,"minecraft:pig":26,"minecraft:zombie_villager":2,"minecraft:salmon":9,"minecraft:creeper":16,"minecraft:sheep":114,"minecraft:donkey":2,"minecraft:zombie":71,"minecraft:blaze":20,"minecraft:cow":35,"minecraft:slime":15,"minecraft:horse":17,"minecraft:llama":7,"minecraft:drowned":4,"minecraft:husk":2,"minecraft:wither_skeleton":1,"minecraft:enderman":10},"minecraft:used":{"minecraft:iron_shovel":780,"minecraft:ladder":59,"minecraft:chest":31,"minecraft:shield":52,"minecraft:stone":8,"minecraft:rotten_flesh":11,"minecraft:nether_bricks":19,"minecraft:carrot":136,"minecraft:obsidian":9,"minecraft:spruce_boat":7,"minecraft:glass":8,"minecraft:grass_block":2,"minecraft:golden_sword":4,"minecraft:dark_oak_boat":1,"minecraft:hay_block":3,"minecraft:oak_sapling":52,"minecraft:furnace":25,"minecraft:beetroot_seeds":2,"minecraft:egg":9,"minecraft:potato":1306,"minecraft:diorite":235,"minecraft:spruce_door":1,"minecraft:oak_planks":501,"minecraft:stone_pickaxe":413,"minecraft:cactus":1,"minecraft:wooden_pickaxe":9,"minecraft:sugar_cane":95,"minecraft:blue_bed":1,"minecraft:composter":1,"minecraft:diamond_axe":643,"minecraft:white_wool":46,"minecraft:sand":3,"minecraft:loom":1,"minecraft:bread":57,"minecraft:gravel":50,"minecraft:wooden_sword":27,"minecraft:stripped_oak_wood":3,"minecraft:andesite":110,"minecraft:oak_boat":21,"minecraft:bone_meal":351,"minecraft:oak_fence":1,"minecraft:oak_trapdoor":4,"minecraft:flint_and_steel":6,"minecraft:cooked_chicken":17,"minecraft:stone_hoe":131,"minecraft:netherrack":239,"minecraft:oak_door":2,"minecraft:torch":907,"minecraft:dirt":1157,"minecraft:anvil":4,"minecraft:granite":68,"minecraft:shroomlight":1,"minecraft:iron_hoe":164,"minecraft:wooden_axe":28,"minecraft:iron_axe":1220,"minecraft:soul_soil":35,"minecraft:cooked_beef":20,"minecraft:golden_axe":15,"minecraft:acacia_planks":117,"minecraft:cooked_mutton":43,"minecraft:acacia_boat":1,"minecraft:water_bucket":106,"minecraft:iron_ore":15,"minecraft:birch_planks":7,"minecraft:baked_potato":165,"minecraft:cauldron":2,"minecraft:crafting_table":27,"minecraft:red_bed":3,"minecraft:white_bed":6,"minecraft:wooden_hoe":45,"minecraft:flower_pot":1,"minecraft:diamond_pickaxe":3949,"minecraft:apple":7,"minecraft:chicken":1,"minecraft:iron_pickaxe":3365,"minecraft:stone_axe":160,"minecraft:cobblestone":1377,"minecraft:purple_bed":4,"minecraft:porkchop":4,"minecraft:cooked_porkchop":37,"minecraft:bucket":106,"minecraft:yellow_bed":6},"minecraft:dropped":{"minecraft:birch_planks":98,"minecraft:lapis_lazuli":90,"minecraft:baked_potato":221,"minecraft:diamond":5,"minecraft:crafting_table":2,"minecraft:leather":2,"minecraft:rail":10,"minecraft:leather_helmet":3,"minecraft:emerald":1,"minecraft:dirt":38,"minecraft:crimson_roots":1,"minecraft:gold_nugget":4,"minecraft:bone_meal":96,"minecraft:sand":1,"minecraft:iron_pickaxe":7,"minecraft:white_wool":1,"minecraft:gold_ingot":1,"minecraft:bone":5,"minecraft:oak_door":1,"minecraft:gravel":11,"minecraft:stone_axe":1,"minecraft:sugar_cane":1,"minecraft:iron_nugget":26,"minecraft:wheat":3,"minecraft:obsidian":6,"minecraft:beetroot":3,"minecraft:rotten_flesh":45,"minecraft:oak_planks":176,"minecraft:cooked_mutton":1,"minecraft:white_bed":6,"minecraft:carrot":14,"minecraft:poppy":1,"minecraft:gunpowder":3,"minecraft:beetroot_seeds":10,"minecraft:leather_boots":6,"minecraft:chest":2,"minecraft:leather_leggings":1,"minecraft:iron_ore":2,"minecraft:crying_obsidian":1,"minecraft:quartz":6,"minecraft:water_bucket":2,"minecraft:stone_hoe":1,"minecraft:golden_boots":1,"minecraft:iron_ingot":37,"minecraft:bread":55,"minecraft:oak_slab":7,"minecraft:wheat_seeds":65,"minecraft:poisonous_potato":6,"minecraft:iron_helmet":4,"minecraft:oak_fence":3,"minecraft:feather":2,"minecraft:cobblestone":548,"minecraft:granite":53,"minecraft:acacia_log":1,"minecraft:coal":3,"minecraft:stick":8,"minecraft:oxeye_daisy":2,"minecraft:gray_wool":2,"minecraft:diorite":114,"minecraft:torch":109,"minecraft:nether_wart_block":3,"minecraft:brown_wool":1,"minecraft:iron_leggings":6,"minecraft:iron_axe":5,"minecraft:cactus":1,"minecraft:iron_shovel":3,"minecraft:string":12,"minecraft:lily_pad":28,"minecraft:acacia_planks":18,"minecraft:redstone":21,"minecraft:dandelion":1,"minecraft:stone_brick_slab":2,"minecraft:furnace":1,"minecraft:sweet_berries":9,"minecraft:stone_sword":1,"minecraft:blaze_rod":5,"minecraft:chicken":3,"minecraft:light_gray_wool":2,"minecraft:iron_boots":2,"minecraft:iron_hoe":1,"minecraft:name_tag":1,"minecraft:pumpkin_seeds":34,"minecraft:hay_block":6,"minecraft:shield":2,"minecraft:flower_pot":1,"minecraft:oak_button":1,"minecraft:spruce_planks":1,"minecraft:iron_chestplate":2,"minecraft:diamond_pickaxe":3,"minecraft:andesite":126,"minecraft:yellow_bed":2,"minecraft:oak_sapling":3,"minecraft:spider_eye":4,"minecraft:spruce_log":1,"minecraft:bow":2,"minecraft:wooden_pickaxe":2,"minecraft:black_wool":1,"minecraft:terracotta":2},"minecraft:mined":{"minecraft:spruce_planks":1,"minecraft:stone_pressure_plate":1,"minecraft:white_bed":12,"minecraft:oak_sapling":5,"minecraft:farmland":7,"minecraft:brewing_stand":1,"minecraft:obsidian":14,"minecraft:granite":319,"minecraft:acacia_log":33,"minecraft:grass_block":444,"minecraft:soul_soil":1,"minecraft:composter":1,"minecraft:oxeye_daisy":1,"minecraft:spawner":3,"minecraft:tall_seagrass":5,"minecraft:glowstone":3,"minecraft:iron_ore":367,"minecraft:fire":18,"minecraft:anvil":3,"minecraft:oak_stairs":2,"minecraft:blue_orchid":1,"minecraft:cut_sandstone":13,"minecraft:red_bed":2,"minecraft:kelp_plant":2,"minecraft:crimson_nylium":1,"minecraft:soul_fire":6,"minecraft:orange_terracotta":1,"minecraft:clay":13,"minecraft:torch":62,"minecraft:poppy":4,"minecraft:chest":10,"minecraft:dead_bush":1,"minecraft:glass":3,"minecraft:nether_quartz_ore":9,"minecraft:cobblestone":182,"minecraft:oak_planks":99,"minecraft:sugar_cane":200,"minecraft:grindstone":1,"minecraft:wall_torch":58,"minecraft:cauldron":2,"minecraft:white_terracotta":6,"minecraft:seagrass":2,"minecraft:nether_wart_block":5,"minecraft:birch_log":11,"minecraft:wheat":49,"minecraft:stripped_oak_wood":3,"minecraft:tnt":9,"minecraft:grass":192,"minecraft:oak_log":323,"minecraft:beetroots":8,"minecraft:loom":3,"minecraft:sand":16,"minecraft:dirt":480,"minecraft:crimson_planks":2,"minecraft:netherrack":561,"minecraft:oak_leaves":205,"minecraft:diamond_ore":133,"minecraft:crying_obsidian":1,"minecraft:mossy_cobblestone":1,"minecraft:nether_bricks":14,"minecraft:ladder":59,"minecraft:crimson_roots":4,"minecraft:spruce_leaves":11,"minecraft:cartography_table":1,"minecraft:sandstone":9,"minecraft:large_fern":3,"minecraft:hay_block":23,"minecraft:redstone_ore":30,"minecraft:oak_trapdoor":2,"minecraft:furnace":11,"minecraft:carrots":47,"minecraft:chiseled_sandstone":1,"minecraft:andesite":338,"minecraft:gold_block":4,"minecraft:potatoes":785,"minecraft:shroomlight":1,"minecraft:vine":1,"minecraft:rail":3,"minecraft:stone":4266,"minecraft:bone_block":248,"minecraft:white_wool":2,"minecraft:redstone_wall_torch":1,"minecraft:glass_pane":1,"minecraft:oak_fence":6,"minecraft:crafting_table":18,"minecraft:emerald_ore":1,"minecraft:tall_grass":30,"minecraft:lapis_ore":16,"minecraft:diorite":464,"minecraft:blue_bed":1,"minecraft:purple_bed":4,"minecraft:birch_planks":2,"minecraft:cactus":3,"minecraft:sweet_berry_bush":4,"minecraft:spruce_log":36,"minecraft:birch_leaves":6,"minecraft:yellow_bed":8,"minecraft:grass_path":22,"minecraft:coal_ore":603,"minecraft:gravel":116,"minecraft:cobweb":24,"minecraft:acacia_planks":28,"minecraft:stone_bricks":1,"minecraft:gold_ore":11,"minecraft:fern":1},"minecraft:crafted":{"minecraft:brick":47,"minecraft:oak_planks":1288,"minecraft:cooked_chicken":17,"minecraft:stone":64,"minecraft:bookshelf":3,"minecraft:cooked_mutton":132,"minecraft:glass":12,"minecraft:bow":1,"minecraft:diamond_helmet":2,"minecraft:diamond_leggings":3,"minecraft:iron_boots":4,"minecraft:chest":24,"minecraft:oak_button":1,"minecraft:birch_button":1,"minecraft:stone_hoe":1,"minecraft:flower_pot":2,"minecraft:cauldron":1,"minecraft:cooked_porkchop":48,"minecraft:diamond_axe":2,"minecraft:crafting_table":14,"minecraft:spruce_planks":132,"minecraft:iron_helmet":5,"minecraft:wooden_pickaxe":2,"minecraft:baked_potato":495,"minecraft:spruce_door":3,"minecraft:red_wool":3,"minecraft:birch_planks":44,"minecraft:iron_chestplate":5,"minecraft:book":18,"minecraft:wooden_hoe":1,"minecraft:paper":114,"minecraft:diamond_pickaxe":6,"minecraft:shield":4,"minecraft:stick":456,"minecraft:iron_ingot":297,"minecraft:iron_pickaxe":17,"minecraft:iron_block":3,"minecraft:gold_ingot":20,"minecraft:wooden_sword":1,"minecraft:oak_door":3,"minecraft:furnace":19,"minecraft:bone_meal":1132,"minecraft:oak_trapdoor":2,"minecraft:flint_and_steel":1,"minecraft:iron_axe":13,"minecraft:ladder":54,"minecraft:iron_hoe":1,"minecraft:stone_pickaxe":3,"minecraft:diamond_boots":2,"minecraft:spruce_boat":2,"minecraft:wheat":153,"minecraft:cooked_beef":43,"minecraft:red_dye":4,"minecraft:enchanting_table":1,"minecraft:red_bed":1,"minecraft:bucket":2,"minecraft:stone_axe":3,"minecraft:acacia_boat":1,"minecraft:bread":51,"minecraft:air":0,"minecraft:oak_boat":4,"minecraft:wooden_axe":2,"minecraft:iron_shovel":5,"minecraft:iron_leggings":3,"minecraft:anvil":1,"minecraft:white_bed":1,"minecraft:acacia_planks":128,"minecraft:torch":744,"minecraft:diamond_chestplate":3},"minecraft:killed_by":{"minecraft:zombified_piglin":1,"minecraft:creeper":4,"minecraft:piglin":2,"minecraft:zombie":1,"minecraft:player":1,"minecraft:slime":1,"minecraft:skeleton":1},"minecraft:broken":{"minecraft:iron_shovel":1,"minecraft:stone_pickaxe":2,"minecraft:diamond_pickaxe":1,"minecraft:stone_hoe":1,"minecraft:iron_axe":3,"minecraft:iron_pickaxe":8},"minecraft:custom":{"minecraft:interact_with_crafting_table":196,"minecraft:bell_ring":1,"minecraft:leave_game":19,"minecraft:time_since_death":149043,"minecraft:sprint_one_cm":4046075,"minecraft:damage_blocked_by_shield":4975,"minecraft:drop":276,"minecraft:talked_to_villager":9,"minecraft:deaths":13,"minecraft:jump":20065,"minecraft:walk_on_water_one_cm":197655,"minecraft:interact_with_furnace":368,"minecraft:play_one_minute":1090586,"minecraft:interact_with_loom":2,"minecraft:sleep_in_bed":39,"minecraft:damage_dealt":72615,"minecraft:player_kills":4,"minecraft:crouch_one_cm":474034,"minecraft:use_cauldron":2,"minecraft:horse_one_cm":540156,"minecraft:interact_with_smithing_table":1,"minecraft:interact_with_anvil":2,"minecraft:mob_kills":477,"minecraft:fill_cauldron":2,"minecraft:climb_one_cm":23730,"minecraft:walk_one_cm":2018197,"minecraft:sneak_time":151610,"minecraft:walk_under_water_one_cm":148669,"minecraft:boat_one_cm":1956122,"minecraft:interact_with_blast_furnace":4,"minecraft:pot_flower":2,"minecraft:interact_with_stonecutter":3,"minecraft:time_since_rest":20771,"minecraft:damage_taken":19644,"minecraft:swim_one_cm":849389,"minecraft:fly_one_cm":3882775,"minecraft:open_chest":572,"minecraft:fall_one_cm":461942}},"DataVersion":2586}