{"stats":{"minecraft:picked_up":{"minecraft:stick":1,"minecraft:crafting_table":4,"minecraft:feather":2,"minecraft:chicken":1,"minecraft:sweet_berries":3,"minecraft:leather":3,"minecraft:torch":19,"minecraft:wooden_pickaxe":1,"minecraft:porkchop":2,"minecraft:spruce_sapling":2,"minecraft:spruce_log":34,"minecraft:dirt":38,"minecraft:stone_axe":1,"minecraft:spruce_planks":22,"minecraft:beef":5,"minecraft:stone_pickaxe":1,"minecraft:sugar_cane":2,"minecraft:black_wool":1,"minecraft:mutton":1,"minecraft:coal":58,"minecraft:white_wool":1,"minecraft:cobblestone":86},"minecraft:mined":{"minecraft:large_fern":2,"minecraft:spruce_log":39,"minecraft:crafting_table":3,"minecraft:grass":2,"minecraft:grass_block":10,"minecraft:coal_ore":37,"minecraft:dirt":26,"minecraft:spruce_leaves":8,"minecraft:stone":66,"minecraft:fern":1},"minecraft:killed":{"minecraft:sheep":2,"minecraft:pig":1,"minecraft:chicken":1,"minecraft:spider":1,"minecraft:cow":3},"minecraft:custom":{"minecraft:time_since_rest":74,"minecraft:sprint_one_cm":79758,"minecraft:damage_taken":1323,"minecraft:walk_one_cm":58389,"minecraft:mob_kills":9,"minecraft:drop":3,"minecraft:damage_dealt":845,"minecraft:swim_one_cm":9799,"minecraft:interact_with_crafting_table":11,"minecraft:fly_one_cm":68280,"minecraft:crouch_one_cm":7991,"minecraft:play_one_minute":49597,"minecraft:deaths":5,"minecraft:sneak_time":2844,"minecraft:walk_under_water_one_cm":3969,"minecraft:boat_one_cm":79749,"minecraft:jump":707,"minecraft:leave_game":4,"minecraft:walk_on_water_one_cm":5550,"minecraft:time_since_death":0,"minecraft:fall_one_cm":21870},"minecraft:killed_by":{"minecraft:skeleton":3,"minecraft:enderman":1},"minecraft:crafted":{"minecraft:crafting_table":2,"minecraft:spruce_planks":48,"minecraft:stick":24,"minecraft:wooden_pickaxe":2,"minecraft:stone_pickaxe":3,"minecraft:torch":28,"minecraft:stone_axe":2},"minecraft:dropped":{"minecraft:sugar_cane":2,"minecraft:spruce_log":1,"minecraft:wooden_pickaxe":1},"minecraft:used":{"minecraft:stone_pickaxe":97,"minecraft:spruce_planks":1,"minecraft:wooden_pickaxe":8,"minecraft:stone_axe":40,"minecraft:torch":18,"minecraft:dirt":14,"minecraft:cobblestone":15,"minecraft:crafting_table":4}},"DataVersion":2586}