{"stats":{"minecraft:crafted":{"minecraft:wooden_sword":1,"minecraft:oak_planks":24,"minecraft:furnace":6,"minecraft:cooked_mutton":15,"minecraft:iron_boots":1,"minecraft:iron_axe":2,"minecraft:stone_pickaxe":2,"minecraft:chest":3,"minecraft:wheat":54,"minecraft:cooked_beef":1,"minecraft:cooked_porkchop":18,"minecraft:crafting_table":4,"minecraft:spruce_planks":104,"minecraft:baked_potato":12,"minecraft:iron_helmet":1,"minecraft:spruce_door":3,"minecraft:bucket":1,"minecraft:stone_axe":1,"minecraft:acacia_boat":1,"minecraft:bread":18,"minecraft:air":0,"minecraft:iron_chestplate":1,"minecraft:stick":100,"minecraft:iron_ingot":76,"minecraft:iron_pickaxe":3,"minecraft:wooden_axe":1,"minecraft:gold_ingot":5,"minecraft:iron_leggings":1,"minecraft:white_bed":1,"minecraft:acacia_planks":56,"minecraft:torch":344},"minecraft:broken":{"minecraft:stone_pickaxe":2,"minecraft:iron_axe":1,"minecraft:iron_pickaxe":2},"minecraft:dropped":{"minecraft:iron_ingot":29,"minecraft:oak_slab":7,"minecraft:wheat_seeds":59,"minecraft:crafting_table":1,"minecraft:poisonous_potato":2,"minecraft:feather":2,"minecraft:cobblestone":116,"minecraft:granite":6,"minecraft:leather_helmet":3,"minecraft:stick":2,"minecraft:oxeye_daisy":1,"minecraft:dirt":10,"minecraft:gray_wool":2,"minecraft:diorite":41,"minecraft:gold_nugget":3,"minecraft:dandelion":1,"minecraft:redstone":5,"minecraft:gravel":4,"minecraft:iron_nugget":9,"minecraft:wheat":3,"minecraft:beetroot":3,"minecraft:chicken":3,"minecraft:light_gray_wool":1,"minecraft:white_bed":5,"minecraft:carrot":14,"minecraft:poppy":1,"minecraft:hay_block":6,"minecraft:andesite":33,"minecraft:beetroot_seeds":8,"minecraft:yellow_bed":2,"minecraft:leather_boots":3,"minecraft:oak_sapling":2,"minecraft:spider_eye":1,"minecraft:terracotta":2},"minecraft:mined":{"minecraft:diamond_ore":13,"minecraft:white_bed":6,"minecraft:granite":12,"minecraft:acacia_log":15,"minecraft:grass_block":10,"minecraft:spruce_leaves":6,"minecraft:composter":1,"minecraft:oxeye_daisy":1,"minecraft:spawner":2,"minecraft:hay_block":11,"minecraft:redstone_ore":13,"minecraft:furnace":3,"minecraft:carrots":47,"minecraft:iron_ore":143,"minecraft:andesite":43,"minecraft:potatoes":34,"minecraft:stone":358,"minecraft:glass_pane":1,"minecraft:crafting_table":6,"minecraft:torch":32,"minecraft:tall_grass":9,"minecraft:cobblestone":23,"minecraft:lapis_ore":5,"minecraft:diorite":68,"minecraft:wall_torch":28,"minecraft:wheat":49,"minecraft:spruce_log":28,"minecraft:yellow_bed":2,"minecraft:grass_path":1,"minecraft:grass":23,"minecraft:oak_log":6,"minecraft:coal_ore":200,"minecraft:beetroots":8,"minecraft:gravel":5,"minecraft:dirt":117,"minecraft:cobweb":24,"minecraft:gold_ore":5},"minecraft:picked_up":{"minecraft:crafting_table":6,"minecraft:wheat":3,"minecraft:chicken":6,"minecraft:clay_ball":16,"minecraft:lead":2,"minecraft:pink_wool":1,"minecraft:string":31,"minecraft:iron_axe":1,"minecraft:beetroot":3,"minecraft:beef":3,"minecraft:light_gray_wool":1,"minecraft:iron_pickaxe":1,"minecraft:furnace":3,"minecraft:egg":1,"minecraft:stick":7,"minecraft:composter":1,"minecraft:torch":154,"minecraft:acacia_log":14,"minecraft:porkchop":30,"minecraft:diorite":69,"minecraft:carrot":94,"minecraft:redstone":54,"minecraft:arrow":8,"minecraft:rotten_flesh":25,"minecraft:beetroot_seeds":10,"minecraft:hay_block":14,"minecraft:mutton":39,"minecraft:cobblestone":403,"minecraft:white_wool":22,"minecraft:oxeye_daisy":1,"minecraft:feather":2,"minecraft:andesite":49,"minecraft:leather":4,"minecraft:potato":88,"minecraft:birch_planks":40,"minecraft:flint":2,"minecraft:oak_log":12,"minecraft:yellow_bed":2,"minecraft:acacia_boat":1,"minecraft:gunpowder":6,"minecraft:lapis_lazuli":67,"minecraft:dirt":209,"minecraft:leather_boots":3,"minecraft:bone":11,"minecraft:bow":1,"minecraft:wheat_seeds":59,"minecraft:iron_ingot":19,"minecraft:stone_pickaxe":2,"minecraft:iron_ore":218,"minecraft:oak_planks":16,"minecraft:oak_slab":7,"minecraft:cooked_porkchop":2,"minecraft:poisonous_potato":2,"minecraft:gravel":4,"minecraft:spruce_log":26,"minecraft:white_bed":6,"minecraft:spider_eye":3,"minecraft:gold_ore":9,"minecraft:leather_helmet":3,"minecraft:slime_ball":12,"minecraft:diamond":17,"minecraft:stone_axe":1,"minecraft:granite":14,"minecraft:gray_wool":2,"minecraft:bread":9,"minecraft:terracotta":1,"minecraft:oak_sapling":2,"minecraft:black_wool":2,"minecraft:coal":228},"minecraft:killed":{"minecraft:cave_spider":4,"minecraft:spider":2,"minecraft:slime":15,"minecraft:skeleton":5,"minecraft:chicken":3,"minecraft:pig":14,"minecraft:creeper":5,"minecraft:sheep":28,"minecraft:zombie":16,"minecraft:cow":2},"minecraft:killed_by":{"minecraft:slime":1},"minecraft:used":{"minecraft:chest":3,"minecraft:rotten_flesh":4,"minecraft:torch":301,"minecraft:dirt":202,"minecraft:carrot":60,"minecraft:iron_axe":251,"minecraft:hay_block":2,"minecraft:furnace":9,"minecraft:beetroot_seeds":2,"minecraft:egg":1,"minecraft:cooked_beef":1,"minecraft:potato":55,"minecraft:cooked_mutton":21,"minecraft:water_bucket":11,"minecraft:acacia_boat":1,"minecraft:diorite":17,"minecraft:iron_ore":11,"minecraft:spruce_door":1,"minecraft:birch_planks":6,"minecraft:stone_pickaxe":360,"minecraft:composter":1,"minecraft:crafting_table":8,"minecraft:white_bed":2,"minecraft:apple":7,"minecraft:bread":14,"minecraft:iron_pickaxe":548,"minecraft:stone_axe":80,"minecraft:wooden_sword":27,"minecraft:cobblestone":189,"minecraft:cooked_porkchop":3,"minecraft:bucket":11,"minecraft:andesite":9},"minecraft:custom":{"minecraft:mob_kills":95,"minecraft:interact_with_crafting_table":35,"minecraft:leave_game":1,"minecraft:time_since_death":93038,"minecraft:climb_one_cm":80,"minecraft:sprint_one_cm":661718,"minecraft:walk_one_cm":322480,"minecraft:drop":57,"minecraft:deaths":1,"minecraft:sneak_time":19640,"minecraft:walk_under_water_one_cm":8575,"minecraft:boat_one_cm":260322,"minecraft:jump":2849,"minecraft:interact_with_blast_furnace":1,"minecraft:walk_on_water_one_cm":41065,"minecraft:interact_with_furnace":76,"minecraft:play_one_minute":157098,"minecraft:sleep_in_bed":9,"minecraft:time_since_rest":28911,"minecraft:damage_taken":2710,"minecraft:damage_dealt":11696,"minecraft:swim_one_cm":10051,"minecraft:fly_one_cm":416434,"minecraft:open_chest":46,"minecraft:crouch_one_cm":48400,"minecraft:fall_one_cm":49181}},"DataVersion":2586}