{"stats":{"minecraft:crafted":{"minecraft:oak_planks":24,"minecraft:furnace":3,"minecraft:iron_boots":1,"minecraft:iron_axe":1,"minecraft:stone_pickaxe":2,"minecraft:chest":2,"minecraft:wheat":54,"minecraft:cooked_beef":1,"minecraft:cooked_porkchop":3,"minecraft:crafting_table":2,"minecraft:iron_helmet":1,"minecraft:stone_axe":1,"minecraft:bread":18,"minecraft:air":0,"minecraft:iron_chestplate":1,"minecraft:stick":56,"minecraft:iron_ingot":76,"minecraft:iron_pickaxe":2,"minecraft:wooden_axe":1,"minecraft:iron_leggings":1,"minecraft:gold_ingot":5,"minecraft:torch":188},"minecraft:broken":{"minecraft:stone_pickaxe":2,"minecraft:iron_pickaxe":1},"minecraft:dropped":{"minecraft:iron_ingot":29,"minecraft:oak_slab":7,"minecraft:wheat_seeds":57,"minecraft:crafting_table":1,"minecraft:feather":2,"minecraft:granite":6,"minecraft:leather_helmet":1,"minecraft:stick":2,"minecraft:oxeye_daisy":1,"minecraft:dirt":10,"minecraft:gold_nugget":3,"minecraft:dandelion":1,"minecraft:gravel":4,"minecraft:wheat":3,"minecraft:beetroot":3,"minecraft:chicken":3,"minecraft:white_bed":5,"minecraft:carrot":14,"minecraft:poppy":1,"minecraft:hay_block":6,"minecraft:beetroot_seeds":8,"minecraft:yellow_bed":2,"minecraft:leather_boots":1,"minecraft:oak_sapling":2,"minecraft:terracotta":2},"minecraft:mined":{"minecraft:diamond_ore":5,"minecraft:white_bed":5,"minecraft:granite":2,"minecraft:grass_block":7,"minecraft:composter":1,"minecraft:oxeye_daisy":1,"minecraft:hay_block":11,"minecraft:redstone_ore":1,"minecraft:furnace":3,"minecraft:carrots":33,"minecraft:iron_ore":106,"minecraft:andesite":38,"minecraft:potatoes":15,"minecraft:stone":298,"minecraft:glass_pane":1,"minecraft:crafting_table":1,"minecraft:torch":4,"minecraft:cobblestone":20,"minecraft:lapis_ore":4,"minecraft:diorite":45,"minecraft:wall_torch":10,"minecraft:wheat":49,"minecraft:yellow_bed":2,"minecraft:grass_path":1,"minecraft:grass":4,"minecraft:coal_ore":135,"minecraft:oak_log":6,"minecraft:beetroots":8,"minecraft:gravel":5,"minecraft:dirt":98,"minecraft:gold_ore":5},"minecraft:picked_up":{"minecraft:crafting_table":1,"minecraft:wheat":3,"minecraft:chicken":3,"minecraft:clay_ball":16,"minecraft:lead":2,"minecraft:iron_axe":1,"minecraft:beetroot":3,"minecraft:beef":1,"minecraft:iron_pickaxe":1,"minecraft:egg":1,"minecraft:furnace":3,"minecraft:stick":7,"minecraft:composter":1,"minecraft:torch":108,"minecraft:porkchop":3,"minecraft:diorite":46,"minecraft:carrot":43,"minecraft:redstone":5,"minecraft:arrow":4,"minecraft:rotten_flesh":21,"minecraft:beetroot_seeds":10,"minecraft:hay_block":14,"minecraft:mutton":11,"minecraft:cobblestone":354,"minecraft:white_wool":6,"minecraft:oxeye_daisy":1,"minecraft:feather":2,"minecraft:andesite":45,"minecraft:leather":4,"minecraft:potato":22,"minecraft:birch_planks":40,"minecraft:flint":2,"minecraft:oak_log":12,"minecraft:yellow_bed":2,"minecraft:gunpowder":2,"minecraft:lapis_lazuli":58,"minecraft:dirt":178,"minecraft:leather_boots":2,"minecraft:bone":4,"minecraft:bow":1,"minecraft:wheat_seeds":57,"minecraft:iron_ingot":19,"minecraft:stone_pickaxe":2,"minecraft:iron_ore":181,"minecraft:oak_planks":16,"minecraft:oak_slab":7,"minecraft:cooked_porkchop":2,"minecraft:gravel":4,"minecraft:white_bed":5,"minecraft:gold_ore":9,"minecraft:spider_eye":1,"minecraft:leather_helmet":2,"minecraft:slime_ball":12,"minecraft:diamond":9,"minecraft:stone_axe":1,"minecraft:granite":6,"minecraft:gray_wool":1,"minecraft:bread":9,"minecraft:terracotta":1,"minecraft:oak_sapling":2,"minecraft:coal":163},"minecraft:killed":{"minecraft:spider":1,"minecraft:slime":15,"minecraft:skeleton":3,"minecraft:pig":1,"minecraft:creeper":1,"minecraft:sheep":7,"minecraft:zombie":14,"minecraft:cow":1},"minecraft:killed_by":{"minecraft:slime":1},"minecraft:used":{"minecraft:chest":2,"minecraft:rotten_flesh":4,"minecraft:torch":179,"minecraft:dirt":81,"minecraft:carrot":34,"minecraft:iron_axe":122,"minecraft:hay_block":2,"minecraft:furnace":3,"minecraft:beetroot_seeds":2,"minecraft:egg":1,"minecraft:cooked_beef":1,"minecraft:potato":35,"minecraft:cooked_mutton":5,"minecraft:diorite":3,"minecraft:birch_planks":6,"minecraft:stone_pickaxe":360,"minecraft:composter":1,"minecraft:crafting_table":2,"minecraft:apple":7,"minecraft:bread":14,"minecraft:iron_pickaxe":316,"minecraft:stone_axe":4,"minecraft:cobblestone":100,"minecraft:cooked_porkchop":3,"minecraft:andesite":5},"minecraft:custom":{"minecraft:mob_kills":43,"minecraft:interact_with_crafting_table":21,"minecraft:leave_game":1,"minecraft:time_since_death":33589,"minecraft:climb_one_cm":80,"minecraft:sprint_one_cm":356439,"minecraft:walk_one_cm":214206,"minecraft:drop":40,"minecraft:deaths":1,"minecraft:sneak_time":13659,"minecraft:walk_under_water_one_cm":1933,"minecraft:jump":1828,"minecraft:interact_with_blast_furnace":1,"minecraft:walk_on_water_one_cm":3843,"minecraft:interact_with_furnace":64,"minecraft:play_one_minute":97649,"minecraft:sleep_in_bed":6,"minecraft:time_since_rest":0,"minecraft:damage_taken":1751,"minecraft:damage_dealt":6139,"minecraft:fly_one_cm":245551,"minecraft:swim_one_cm":4784,"minecraft:open_chest":40,"minecraft:crouch_one_cm":33878,"minecraft:fall_one_cm":30258}},"DataVersion":2586}