{"stats":{"minecraft:used":{"minecraft:oak_trapdoor":4,"minecraft:oak_fence":1,"minecraft:flint_and_steel":2,"minecraft:chest":5,"minecraft:shield":31,"minecraft:cooked_chicken":4,"minecraft:rotten_flesh":10,"minecraft:torch":471,"minecraft:dirt":208,"minecraft:carrot":69,"minecraft:granite":2,"minecraft:iron_axe":506,"minecraft:golden_sword":4,"minecraft:hay_block":2,"minecraft:furnace":10,"minecraft:beetroot_seeds":2,"minecraft:egg":1,"minecraft:cooked_beef":3,"minecraft:potato":55,"minecraft:acacia_planks":26,"minecraft:golden_axe":7,"minecraft:cooked_mutton":34,"minecraft:acacia_boat":1,"minecraft:water_bucket":14,"minecraft:diorite":19,"minecraft:iron_ore":14,"minecraft:spruce_door":1,"minecraft:birch_planks":6,"minecraft:stone_pickaxe":360,"minecraft:baked_potato":4,"minecraft:composter":1,"minecraft:blue_bed":1,"minecraft:crafting_table":11,"minecraft:white_bed":5,"minecraft:diamond_pickaxe":200,"minecraft:apple":7,"minecraft:bread":33,"minecraft:iron_pickaxe":1425,"minecraft:gravel":42,"minecraft:stone_axe":80,"minecraft:wooden_sword":27,"minecraft:cobblestone":446,"minecraft:cooked_porkchop":11,"minecraft:andesite":64,"minecraft:bucket":15},"minecraft:dropped":{"minecraft:iron_ingot":29,"minecraft:oak_slab":7,"minecraft:wheat_seeds":59,"minecraft:crafting_table":2,"minecraft:poisonous_potato":2,"minecraft:feather":2,"minecraft:cobblestone":187,"minecraft:leather":2,"minecraft:granite":30,"minecraft:rail":6,"minecraft:coal":3,"minecraft:leather_helmet":3,"minecraft:stick":2,"minecraft:oxeye_daisy":1,"minecraft:dirt":18,"minecraft:gray_wool":2,"minecraft:diorite":43,"minecraft:iron_leggings":3,"minecraft:gold_nugget":3,"minecraft:iron_pickaxe":1,"minecraft:string":1,"minecraft:acacia_planks":18,"minecraft:dandelion":1,"minecraft:redstone":21,"minecraft:gravel":4,"minecraft:furnace":1,"minecraft:sweet_berries":9,"minecraft:iron_nugget":9,"minecraft:wheat":3,"minecraft:beetroot":3,"minecraft:chicken":3,"minecraft:rotten_flesh":15,"minecraft:light_gray_wool":1,"minecraft:oak_planks":8,"minecraft:iron_boots":1,"minecraft:white_bed":5,"minecraft:carrot":14,"minecraft:poppy":1,"minecraft:hay_block":6,"minecraft:shield":1,"minecraft:gunpowder":3,"minecraft:oak_button":1,"minecraft:spruce_planks":1,"minecraft:andesite":78,"minecraft:beetroot_seeds":8,"minecraft:yellow_bed":2,"minecraft:leather_boots":6,"minecraft:oak_sapling":2,"minecraft:spider_eye":2,"minecraft:spruce_log":1,"minecraft:bow":1,"minecraft:terracotta":2},"minecraft:broken":{"minecraft:stone_pickaxe":2,"minecraft:iron_axe":1,"minecraft:iron_pickaxe":3},"minecraft:picked_up":{"minecraft:crafting_table":8,"minecraft:wheat":3,"minecraft:chicken":6,"minecraft:clay_ball":32,"minecraft:lead":2,"minecraft:pink_wool":2,"minecraft:enchanted_book":3,"minecraft:string":45,"minecraft:oak_trapdoor":2,"minecraft:iron_axe":2,"minecraft:flint_and_steel":1,"minecraft:iron_leggings":3,"minecraft:beetroot":3,"minecraft:spruce_planks":1,"minecraft:beef":3,"minecraft:light_gray_wool":1,"minecraft:iron_pickaxe":2,"minecraft:chest":1,"minecraft:iron_boots":1,"minecraft:furnace":4,"minecraft:egg":1,"minecraft:stick":19,"minecraft:composter":1,"minecraft:oak_fence":6,"minecraft:torch":234,"minecraft:acacia_log":14,"minecraft:porkchop":30,"minecraft:golden_axe":1,"minecraft:diorite":104,"minecraft:carrot":136,"minecraft:redstone":75,"minecraft:diamond_chestplate":1,"minecraft:arrow":38,"minecraft:rotten_flesh":50,"minecraft:beetroot_seeds":24,"minecraft:hay_block":14,"minecraft:gold_ingot":21,"minecraft:obsidian":20,"minecraft:mutton":79,"minecraft:rail":10,"minecraft:white_wool":64,"minecraft:cobblestone":1103,"minecraft:oxeye_daisy":1,"minecraft:feather":2,"minecraft:water_bucket":1,"minecraft:andesite":166,"minecraft:leather":4,"minecraft:potato":88,"minecraft:birch_planks":40,"minecraft:flint":3,"minecraft:oak_log":12,"minecraft:yellow_bed":2,"minecraft:gunpowder":12,"minecraft:acacia_boat":1,"minecraft:blue_bed":2,"minecraft:lapis_lazuli":122,"minecraft:dirt":227,"minecraft:name_tag":4,"minecraft:leather_boots":6,"minecraft:bone":53,"minecraft:acacia_planks":37,"minecraft:bow":3,"minecraft:wheat_seeds":59,"minecraft:stone_pickaxe":2,"minecraft:iron_ingot":51,"minecraft:iron_ore":262,"minecraft:oak_planks":52,"minecraft:oak_slab":7,"minecraft:cooked_porkchop":21,"minecraft:sweet_berries":12,"minecraft:poisonous_potato":2,"minecraft:gravel":53,"minecraft:white_bed":9,"minecraft:spruce_log":26,"minecraft:gold_ore":15,"minecraft:spider_eye":6,"minecraft:leather_helmet":3,"minecraft:pumpkin_seeds":12,"minecraft:purple_bed":1,"minecraft:slime_ball":12,"minecraft:diamond":84,"minecraft:stone_axe":1,"minecraft:iron_helmet":1,"minecraft:granite":65,"minecraft:golden_apple":2,"minecraft:gray_wool":2,"minecraft:emerald":1,"minecraft:bread":27,"minecraft:oak_button":1,"minecraft:terracotta":1,"minecraft:baked_potato":47,"minecraft:oak_sapling":2,"minecraft:melon_seeds":13,"minecraft:black_wool":2,"minecraft:coal":302,"minecraft:diamond_pickaxe":1},"minecraft:custom":{"minecraft:mob_kills":161,"minecraft:interact_with_crafting_table":57,"minecraft:bell_ring":1,"minecraft:leave_game":3,"minecraft:time_since_death":33413,"minecraft:climb_one_cm":80,"minecraft:sprint_one_cm":1222347,"minecraft:walk_one_cm":669554,"minecraft:damage_blocked_by_shield":3065,"minecraft:drop":98,"minecraft:talked_to_villager":4,"minecraft:deaths":3,"minecraft:sneak_time":50286,"minecraft:walk_under_water_one_cm":24739,"minecraft:boat_one_cm":260322,"minecraft:jump":5133,"minecraft:interact_with_blast_furnace":1,"minecraft:walk_on_water_one_cm":109980,"minecraft:interact_with_furnace":123,"minecraft:play_one_minute":307389,"minecraft:interact_with_loom":2,"minecraft:sleep_in_bed":21,"minecraft:time_since_rest":30313,"minecraft:damage_taken":6219,"minecraft:damage_dealt":23439,"minecraft:swim_one_cm":30085,"minecraft:fly_one_cm":704624,"minecraft:open_chest":127,"minecraft:crouch_one_cm":136981,"minecraft:fall_one_cm":101997},"minecraft:killed_by":{"minecraft:slime":1,"minecraft:skeleton":1},"minecraft:mined":{"minecraft:diamond_ore":62,"minecraft:spruce_planks":1,"minecraft:white_bed":10,"minecraft:obsidian":10,"minecraft:granite":65,"minecraft:acacia_log":15,"minecraft:grass_block":13,"minecraft:spruce_leaves":8,"minecraft:composter":1,"minecraft:oxeye_daisy":1,"minecraft:spawner":3,"minecraft:large_fern":3,"minecraft:hay_block":11,"minecraft:redstone_ore":14,"minecraft:oak_trapdoor":2,"minecraft:carrots":47,"minecraft:furnace":4,"minecraft:iron_ore":187,"minecraft:andesite":115,"minecraft:potatoes":34,"minecraft:rail":2,"minecraft:blue_orchid":1,"minecraft:stone":1112,"minecraft:glass_pane":1,"minecraft:oak_fence":3,"minecraft:crafting_table":8,"minecraft:torch":35,"minecraft:emerald_ore":1,"minecraft:chest":1,"minecraft:tall_grass":9,"minecraft:cobblestone":39,"minecraft:lapis_ore":5,"minecraft:oak_planks":28,"minecraft:blue_bed":1,"minecraft:diorite":103,"minecraft:wall_torch":31,"minecraft:purple_bed":1,"minecraft:sweet_berry_bush":2,"minecraft:wheat":49,"minecraft:spruce_log":28,"minecraft:birch_leaves":1,"minecraft:yellow_bed":2,"minecraft:grass_path":1,"minecraft:grass":27,"minecraft:oak_log":6,"minecraft:coal_ore":214,"minecraft:beetroots":8,"minecraft:gravel":56,"minecraft:dirt":128,"minecraft:cobweb":24,"minecraft:fern":1,"minecraft:gold_ore":11,"minecraft:oak_leaves":1},"minecraft:killed":{"minecraft:cave_spider":7,"minecraft:witch":1,"minecraft:spider":7,"minecraft:slime":15,"minecraft:skeleton":22,"minecraft:chicken":3,"minecraft:pig":14,"minecraft:zombie_villager":2,"minecraft:creeper":9,"minecraft:sheep":43,"minecraft:zombie":30,"minecraft:enderman":1,"minecraft:cow":2},"minecraft:crafted":{"minecraft:wooden_sword":1,"minecraft:oak_planks":24,"minecraft:cooked_chicken":4,"minecraft:furnace":7,"minecraft:flint_and_steel":1,"minecraft:cooked_mutton":28,"minecraft:oak_trapdoor":2,"minecraft:iron_boots":2,"minecraft:iron_axe":5,"minecraft:stone_pickaxe":2,"minecraft:chest":4,"minecraft:oak_button":1,"minecraft:wheat":54,"minecraft:cooked_beef":3,"minecraft:cooked_porkchop":30,"minecraft:crafting_table":6,"minecraft:spruce_planks":104,"minecraft:iron_helmet":2,"minecraft:baked_potato":47,"minecraft:spruce_door":3,"minecraft:bucket":2,"minecraft:stone_axe":1,"minecraft:bread":18,"minecraft:acacia_boat":1,"minecraft:air":0,"minecraft:iron_chestplate":2,"minecraft:diamond_pickaxe":1,"minecraft:shield":2,"minecraft:stick":148,"minecraft:iron_ingot":111,"minecraft:iron_pickaxe":7,"minecraft:wooden_axe":1,"minecraft:iron_leggings":2,"minecraft:gold_ingot":11,"minecraft:white_bed":1,"minecraft:acacia_planks":56,"minecraft:torch":432,"minecraft:diamond_chestplate":1}},"DataVersion":2586}