{"stats":{"minecraft:used":{"minecraft:chest":3,"minecraft:shield":20,"minecraft:rotten_flesh":10,"minecraft:torch":330,"minecraft:dirt":202,"minecraft:carrot":69,"minecraft:granite":2,"minecraft:iron_axe":348,"minecraft:golden_sword":4,"minecraft:hay_block":2,"minecraft:furnace":9,"minecraft:beetroot_seeds":2,"minecraft:egg":1,"minecraft:cooked_beef":1,"minecraft:potato":55,"minecraft:cooked_mutton":30,"minecraft:acacia_boat":1,"minecraft:water_bucket":11,"minecraft:diorite":19,"minecraft:iron_ore":13,"minecraft:spruce_door":1,"minecraft:birch_planks":6,"minecraft:stone_pickaxe":360,"minecraft:composter":1,"minecraft:crafting_table":8,"minecraft:white_bed":2,"minecraft:apple":7,"minecraft:bread":14,"minecraft:iron_pickaxe":977,"minecraft:stone_axe":80,"minecraft:wooden_sword":27,"minecraft:cobblestone":347,"minecraft:cooked_porkchop":3,"minecraft:andesite":9,"minecraft:bucket":11},"minecraft:dropped":{"minecraft:iron_ingot":29,"minecraft:oak_slab":7,"minecraft:wheat_seeds":59,"minecraft:crafting_table":1,"minecraft:poisonous_potato":2,"minecraft:feather":2,"minecraft:cobblestone":116,"minecraft:granite":28,"minecraft:leather_helmet":3,"minecraft:stick":2,"minecraft:oxeye_daisy":1,"minecraft:dirt":10,"minecraft:gray_wool":2,"minecraft:diorite":43,"minecraft:gold_nugget":3,"minecraft:string":1,"minecraft:dandelion":1,"minecraft:redstone":5,"minecraft:gravel":4,"minecraft:iron_nugget":9,"minecraft:wheat":3,"minecraft:beetroot":3,"minecraft:chicken":3,"minecraft:light_gray_wool":1,"minecraft:white_bed":5,"minecraft:carrot":14,"minecraft:poppy":1,"minecraft:hay_block":6,"minecraft:andesite":33,"minecraft:beetroot_seeds":8,"minecraft:yellow_bed":2,"minecraft:leather_boots":3,"minecraft:oak_sapling":2,"minecraft:spider_eye":1,"minecraft:terracotta":2},"minecraft:broken":{"minecraft:stone_pickaxe":2,"minecraft:iron_axe":1,"minecraft:iron_pickaxe":2},"minecraft:picked_up":{"minecraft:crafting_table":6,"minecraft:wheat":3,"minecraft:chicken":6,"minecraft:clay_ball":16,"minecraft:lead":2,"minecraft:pink_wool":1,"minecraft:string":38,"minecraft:iron_axe":1,"minecraft:beetroot":3,"minecraft:beef":3,"minecraft:light_gray_wool":1,"minecraft:iron_pickaxe":1,"minecraft:furnace":3,"minecraft:egg":1,"minecraft:stick":7,"minecraft:composter":1,"minecraft:oak_fence":5,"minecraft:torch":156,"minecraft:acacia_log":14,"minecraft:porkchop":30,"minecraft:diorite":80,"minecraft:carrot":94,"minecraft:redstone":54,"minecraft:arrow":20,"minecraft:rotten_flesh":32,"minecraft:beetroot_seeds":10,"minecraft:hay_block":14,"minecraft:mutton":39,"minecraft:rail":4,"minecraft:white_wool":22,"minecraft:cobblestone":729,"minecraft:oxeye_daisy":1,"minecraft:feather":2,"minecraft:andesite":83,"minecraft:leather":4,"minecraft:potato":88,"minecraft:birch_planks":40,"minecraft:flint":2,"minecraft:oak_log":12,"minecraft:yellow_bed":2,"minecraft:gunpowder":12,"minecraft:acacia_boat":1,"minecraft:lapis_lazuli":67,"minecraft:dirt":211,"minecraft:leather_boots":3,"minecraft:bone":22,"minecraft:bow":1,"minecraft:wheat_seeds":59,"minecraft:stone_pickaxe":2,"minecraft:iron_ingot":19,"minecraft:iron_ore":246,"minecraft:oak_planks":37,"minecraft:oak_slab":7,"minecraft:cooked_porkchop":2,"minecraft:poisonous_potato":2,"minecraft:gravel":4,"minecraft:white_bed":6,"minecraft:spruce_log":26,"minecraft:gold_ore":9,"minecraft:spider_eye":4,"minecraft:leather_helmet":3,"minecraft:slime_ball":12,"minecraft:diamond":17,"minecraft:stone_axe":1,"minecraft:granite":39,"minecraft:gray_wool":2,"minecraft:bread":9,"minecraft:terracotta":1,"minecraft:oak_sapling":2,"minecraft:black_wool":2,"minecraft:coal":228},"minecraft:custom":{"minecraft:mob_kills":115,"minecraft:interact_with_crafting_table":39,"minecraft:leave_game":2,"minecraft:time_since_death":41190,"minecraft:climb_one_cm":80,"minecraft:sprint_one_cm":823999,"minecraft:walk_one_cm":481967,"minecraft:damage_blocked_by_shield":1600,"minecraft:drop":60,"minecraft:deaths":2,"minecraft:sneak_time":32963,"minecraft:walk_under_water_one_cm":11406,"minecraft:boat_one_cm":260322,"minecraft:jump":3341,"minecraft:interact_with_blast_furnace":1,"minecraft:walk_on_water_one_cm":70999,"minecraft:interact_with_furnace":87,"minecraft:play_one_minute":205538,"minecraft:sleep_in_bed":9,"minecraft:time_since_rest":43971,"minecraft:damage_taken":3876,"minecraft:damage_dealt":16230,"minecraft:swim_one_cm":13839,"minecraft:fly_one_cm":430205,"minecraft:open_chest":58,"minecraft:crouch_one_cm":90828,"minecraft:fall_one_cm":55611},"minecraft:killed_by":{"minecraft:slime":1},"minecraft:mined":{"minecraft:diamond_ore":13,"minecraft:white_bed":6,"minecraft:granite":38,"minecraft:acacia_log":15,"minecraft:grass_block":10,"minecraft:spruce_leaves":6,"minecraft:composter":1,"minecraft:oxeye_daisy":1,"minecraft:spawner":2,"minecraft:hay_block":11,"minecraft:redstone_ore":13,"minecraft:furnace":3,"minecraft:carrots":47,"minecraft:iron_ore":171,"minecraft:andesite":77,"minecraft:potatoes":34,"minecraft:rail":1,"minecraft:stone":678,"minecraft:glass_pane":1,"minecraft:oak_fence":2,"minecraft:crafting_table":6,"minecraft:torch":32,"minecraft:tall_grass":9,"minecraft:cobblestone":31,"minecraft:lapis_ore":5,"minecraft:oak_planks":15,"minecraft:diorite":78,"minecraft:wall_torch":29,"minecraft:wheat":49,"minecraft:spruce_log":28,"minecraft:yellow_bed":2,"minecraft:grass_path":1,"minecraft:grass":23,"minecraft:oak_log":6,"minecraft:coal_ore":200,"minecraft:beetroots":8,"minecraft:gravel":6,"minecraft:dirt":117,"minecraft:cobweb":24,"minecraft:gold_ore":5},"minecraft:killed":{"minecraft:cave_spider":4,"minecraft:spider":3,"minecraft:slime":15,"minecraft:skeleton":14,"minecraft:chicken":3,"minecraft:pig":14,"minecraft:creeper":9,"minecraft:sheep":28,"minecraft:zombie":21,"minecraft:cow":2},"minecraft:crafted":{"minecraft:wooden_sword":1,"minecraft:oak_planks":24,"minecraft:furnace":6,"minecraft:cooked_mutton":28,"minecraft:iron_boots":1,"minecraft:iron_axe":3,"minecraft:stone_pickaxe":2,"minecraft:chest":3,"minecraft:wheat":54,"minecraft:cooked_beef":1,"minecraft:cooked_porkchop":18,"minecraft:crafting_table":4,"minecraft:spruce_planks":104,"minecraft:iron_helmet":1,"minecraft:baked_potato":47,"minecraft:spruce_door":3,"minecraft:bucket":1,"minecraft:stone_axe":1,"minecraft:bread":18,"minecraft:acacia_boat":1,"minecraft:air":0,"minecraft:iron_chestplate":2,"minecraft:shield":1,"minecraft:stick":132,"minecraft:iron_ingot":76,"minecraft:iron_pickaxe":7,"minecraft:wooden_axe":1,"minecraft:iron_leggings":1,"minecraft:gold_ingot":5,"minecraft:white_bed":1,"minecraft:acacia_planks":56,"minecraft:torch":432}},"DataVersion":2586}