{"stats":{"minecraft:killed_by":{"minecraft:zombified_piglin":1,"minecraft:creeper":3,"minecraft:piglin":2,"minecraft:zombie":1,"minecraft:slime":1,"minecraft:skeleton":1},"minecraft:mined":{"minecraft:spruce_planks":1,"minecraft:white_bed":12,"minecraft:farmland":1,"minecraft:obsidian":14,"minecraft:granite":276,"minecraft:acacia_log":15,"minecraft:grass_block":385,"minecraft:soul_soil":1,"minecraft:composter":1,"minecraft:oxeye_daisy":1,"minecraft:spawner":3,"minecraft:tall_seagrass":1,"minecraft:glowstone":3,"minecraft:iron_ore":254,"minecraft:fire":18,"minecraft:anvil":3,"minecraft:blue_orchid":1,"minecraft:crimson_nylium":1,"minecraft:soul_fire":6,"minecraft:clay":13,"minecraft:torch":38,"minecraft:chest":2,"minecraft:dead_bush":1,"minecraft:nether_quartz_ore":9,"minecraft:cobblestone":158,"minecraft:sugar_cane":119,"minecraft:oak_planks":46,"minecraft:wall_torch":42,"minecraft:cauldron":2,"minecraft:nether_wart_block":5,"minecraft:birch_log":11,"minecraft:wheat":49,"minecraft:grass":116,"minecraft:oak_log":133,"minecraft:beetroots":8,"minecraft:dirt":396,"minecraft:crimson_planks":2,"minecraft:netherrack":561,"minecraft:oak_leaves":182,"minecraft:diamond_ore":115,"minecraft:crying_obsidian":1,"minecraft:ladder":59,"minecraft:nether_bricks":14,"minecraft:crimson_roots":4,"minecraft:spruce_leaves":11,"minecraft:large_fern":3,"minecraft:hay_block":11,"minecraft:redstone_ore":24,"minecraft:oak_trapdoor":2,"minecraft:furnace":5,"minecraft:carrots":47,"minecraft:andesite":270,"minecraft:gold_block":1,"minecraft:potatoes":378,"minecraft:shroomlight":1,"minecraft:vine":1,"minecraft:rail":3,"minecraft:stone":2985,"minecraft:bone_block":248,"minecraft:white_wool":2,"minecraft:glass_pane":1,"minecraft:oak_fence":4,"minecraft:crafting_table":15,"minecraft:emerald_ore":1,"minecraft:tall_grass":24,"minecraft:lapis_ore":15,"minecraft:diorite":360,"minecraft:blue_bed":1,"minecraft:birch_planks":1,"minecraft:purple_bed":4,"minecraft:cactus":3,"minecraft:sweet_berry_bush":4,"minecraft:spruce_log":36,"minecraft:birch_leaves":6,"minecraft:yellow_bed":2,"minecraft:grass_path":16,"minecraft:coal_ore":487,"minecraft:gravel":109,"minecraft:cobweb":24,"minecraft:gold_ore":11,"minecraft:fern":1},"minecraft:broken":{"minecraft:stone_pickaxe":2,"minecraft:diamond_pickaxe":1,"minecraft:stone_hoe":1,"minecraft:iron_axe":2,"minecraft:iron_pickaxe":8},"minecraft:used":{"minecraft:iron_shovel":678,"minecraft:ladder":59,"minecraft:chest":15,"minecraft:shield":40,"minecraft:rotten_flesh":11,"minecraft:nether_bricks":19,"minecraft:carrot":136,"minecraft:obsidian":8,"minecraft:spruce_boat":7,"minecraft:grass_block":2,"minecraft:golden_sword":4,"minecraft:dark_oak_boat":1,"minecraft:hay_block":2,"minecraft:oak_sapling":14,"minecraft:furnace":15,"minecraft:beetroot_seeds":2,"minecraft:egg":4,"minecraft:potato":658,"minecraft:diorite":224,"minecraft:spruce_door":1,"minecraft:oak_planks":178,"minecraft:stone_pickaxe":360,"minecraft:wooden_pickaxe":1,"minecraft:sugar_cane":87,"minecraft:composter":1,"minecraft:blue_bed":1,"minecraft:diamond_axe":335,"minecraft:white_wool":46,"minecraft:bread":54,"minecraft:gravel":50,"minecraft:wooden_sword":27,"minecraft:andesite":68,"minecraft:oak_boat":6,"minecraft:bone_meal":351,"minecraft:oak_fence":1,"minecraft:oak_trapdoor":4,"minecraft:flint_and_steel":6,"minecraft:cooked_chicken":13,"minecraft:stone_hoe":131,"minecraft:netherrack":239,"minecraft:oak_door":2,"minecraft:torch":613,"minecraft:dirt":867,"minecraft:anvil":3,"minecraft:granite":68,"minecraft:shroomlight":1,"minecraft:iron_axe":799,"minecraft:soul_soil":35,"minecraft:cooked_beef":3,"minecraft:acacia_planks":26,"minecraft:golden_axe":15,"minecraft:cooked_mutton":40,"minecraft:acacia_boat":1,"minecraft:water_bucket":61,"minecraft:iron_ore":14,"minecraft:birch_planks":6,"minecraft:baked_potato":117,"minecraft:cauldron":2,"minecraft:crafting_table":22,"minecraft:white_bed":6,"minecraft:wooden_hoe":45,"minecraft:flower_pot":1,"minecraft:diamond_pickaxe":2996,"minecraft:apple":7,"minecraft:chicken":1,"minecraft:iron_pickaxe":2533,"minecraft:stone_axe":129,"minecraft:cobblestone":1077,"minecraft:purple_bed":4,"minecraft:porkchop":4,"minecraft:cooked_porkchop":30,"minecraft:bucket":61},"minecraft:killed":{"minecraft:cave_spider":7,"minecraft:zombified_piglin":1,"minecraft:witch":1,"minecraft:spider":16,"minecraft:skeleton":40,"minecraft:chicken":14,"minecraft:piglin":13,"minecraft:pig":16,"minecraft:zombie_villager":2,"minecraft:salmon":9,"minecraft:creeper":9,"minecraft:sheep":54,"minecraft:zombie":47,"minecraft:blaze":20,"minecraft:cow":15,"minecraft:slime":15,"minecraft:horse":7,"minecraft:wither_skeleton":1,"minecraft:enderman":7},"minecraft:picked_up":{"minecraft:iron_chestplate":4,"minecraft:wheat":3,"minecraft:anvil":5,"minecraft:lead":5,"minecraft:enchanted_book":19,"minecraft:crimson_planks":1,"minecraft:golden_sword":2,"minecraft:string":63,"minecraft:soul_soil":35,"minecraft:iron_leggings":8,"minecraft:shroomlight":3,"minecraft:beetroot":3,"minecraft:diamond_leggings":2,"minecraft:gold_nugget":1,"minecraft:bucket":2,"minecraft:spruce_planks":1,"minecraft:iron_pickaxe":11,"minecraft:furnace":5,"minecraft:iron_boots":4,"minecraft:stick":58,"minecraft:composter":1,"minecraft:oak_fence":7,"minecraft:torch":459,"minecraft:acacia_log":14,"minecraft:porkchop":34,"minecraft:golden_axe":4,"minecraft:diorite":420,"minecraft:cauldron":2,"minecraft:cactus":9,"minecraft:rotten_flesh":77,"minecraft:blaze_rod":13,"minecraft:obsidian":52,"minecraft:cobblestone":3568,"minecraft:birch_log":11,"minecraft:leather_chestplate":1,"minecraft:feather":7,"minecraft:water_bucket":7,"minecraft:andesite":320,"minecraft:dark_oak_boat":1,"minecraft:potato":1319,"minecraft:flint":6,"minecraft:acacia_boat":1,"minecraft:lapis_lazuli":389,"minecraft:dirt":1219,"minecraft:name_tag":19,"minecraft:leather_boots":6,"minecraft:bone":165,"minecraft:acacia_planks":37,"minecraft:bow":3,"minecraft:wheat_seeds":81,"minecraft:diamond_helmet":1,"minecraft:glowstone_dust":12,"minecraft:stone_hoe":1,"minecraft:oak_planks":368,"minecraft:cooked_porkchop":65,"minecraft:poisonous_potato":12,"minecraft:sand":1,"minecraft:grass_block":2,"minecraft:diamond":239,"minecraft:spruce_boat":5,"minecraft:granite":286,"minecraft:bone_meal":34,"minecraft:golden_apple":8,"minecraft:emerald":1,"minecraft:golden_horse_armor":2,"minecraft:bread":44,"minecraft:oak_sapling":22,"minecraft:netherrack":560,"minecraft:crimson_roots":10,"minecraft:diamond_pickaxe":4,"minecraft:crafting_table":14,"minecraft:chicken":17,"minecraft:ladder":164,"minecraft:clay_ball":80,"minecraft:leather_leggings":4,"minecraft:wooden_pickaxe":2,"minecraft:pink_wool":2,"minecraft:shield":3,"minecraft:oak_trapdoor":2,"minecraft:iron_axe":9,"minecraft:flint_and_steel":4,"minecraft:iron_shovel":1,"minecraft:beef":26,"minecraft:oak_boat":6,"minecraft:poppy":1,"minecraft:light_gray_wool":1,"minecraft:sugar_cane":202,"minecraft:chest":2,"minecraft:egg":8,"minecraft:oak_door":8,"minecraft:carrot":176,"minecraft:redstone":122,"minecraft:arrow":94,"minecraft:diamond_chestplate":3,"minecraft:beetroot_seeds":24,"minecraft:nether_bricks":19,"minecraft:diamond_boots":2,"minecraft:hay_block":14,"minecraft:saddle":2,"minecraft:gold_ingot":168,"minecraft:mutton":135,"minecraft:bone_block":257,"minecraft:rail":12,"minecraft:white_wool":80,"minecraft:oxeye_daisy":1,"minecraft:salmon":9,"minecraft:leather":27,"minecraft:birch_planks":41,"minecraft:oak_log":139,"minecraft:lily_pad":28,"minecraft:golden_boots":1,"minecraft:yellow_bed":2,"minecraft:nether_wart_block":8,"minecraft:gunpowder":12,"minecraft:blue_bed":2,"minecraft:apple":1,"minecraft:iron_ingot":215,"minecraft:stone_pickaxe":2,"minecraft:cooked_chicken":2,"minecraft:iron_ore":329,"minecraft:book":11,"minecraft:oak_slab":7,"minecraft:sweet_berries":12,"minecraft:quartz":9,"minecraft:gravel":102,"minecraft:white_bed":11,"minecraft:spruce_log":33,"minecraft:gold_ore":15,"minecraft:crying_obsidian":1,"minecraft:spider_eye":7,"minecraft:leather_helmet":3,"minecraft:pumpkin_seeds":26,"minecraft:purple_bed":4,"minecraft:slime_ball":12,"minecraft:stone_axe":1,"minecraft:iron_helmet":7,"minecraft:diamond_axe":2,"minecraft:gray_wool":2,"minecraft:oak_button":1,"minecraft:terracotta":1,"minecraft:baked_potato":96,"minecraft:melon_seeds":76,"minecraft:black_wool":2,"minecraft:coal":942,"minecraft:ender_pearl":3},"minecraft:custom":{"minecraft:interact_with_crafting_table":137,"minecraft:bell_ring":1,"minecraft:leave_game":12,"minecraft:time_since_death":208229,"minecraft:sprint_one_cm":2760772,"minecraft:damage_blocked_by_shield":3685,"minecraft:drop":198,"minecraft:talked_to_villager":5,"minecraft:deaths":11,"minecraft:jump":14781,"minecraft:walk_on_water_one_cm":164476,"minecraft:interact_with_furnace":229,"minecraft:play_one_minute":789945,"minecraft:interact_with_loom":2,"minecraft:sleep_in_bed":32,"minecraft:damage_dealt":46459,"minecraft:player_kills":1,"minecraft:crouch_one_cm":332269,"minecraft:use_cauldron":2,"minecraft:horse_one_cm":540156,"minecraft:interact_with_anvil":2,"minecraft:mob_kills":304,"minecraft:fill_cauldron":2,"minecraft:climb_one_cm":16541,"minecraft:walk_one_cm":1464428,"minecraft:sneak_time":111154,"minecraft:walk_under_water_one_cm":96179,"minecraft:boat_one_cm":1467025,"minecraft:interact_with_blast_furnace":3,"minecraft:pot_flower":1,"minecraft:interact_with_stonecutter":3,"minecraft:time_since_rest":130422,"minecraft:damage_taken":16167,"minecraft:swim_one_cm":535143,"minecraft:fly_one_cm":2750226,"minecraft:open_chest":341,"minecraft:fall_one_cm":342747},"minecraft:dropped":{"minecraft:birch_planks":2,"minecraft:baked_potato":37,"minecraft:diamond":5,"minecraft:crafting_table":2,"minecraft:leather":2,"minecraft:rail":8,"minecraft:leather_helmet":3,"minecraft:emerald":1,"minecraft:dirt":36,"minecraft:crimson_roots":1,"minecraft:gold_nugget":4,"minecraft:bone_meal":32,"minecraft:sand":1,"minecraft:iron_pickaxe":4,"minecraft:gold_ingot":1,"minecraft:bone":5,"minecraft:oak_door":1,"minecraft:gravel":11,"minecraft:iron_nugget":9,"minecraft:obsidian":6,"minecraft:wheat":3,"minecraft:beetroot":3,"minecraft:rotten_flesh":31,"minecraft:oak_planks":47,"minecraft:cooked_mutton":1,"minecraft:white_bed":6,"minecraft:carrot":14,"minecraft:poppy":1,"minecraft:gunpowder":3,"minecraft:beetroot_seeds":10,"minecraft:leather_boots":6,"minecraft:leather_leggings":1,"minecraft:iron_ore":2,"minecraft:crying_obsidian":1,"minecraft:quartz":6,"minecraft:stone_hoe":1,"minecraft:golden_boots":1,"minecraft:iron_ingot":37,"minecraft:oak_slab":7,"minecraft:wheat_seeds":63,"minecraft:poisonous_potato":6,"minecraft:iron_helmet":2,"minecraft:oak_fence":1,"minecraft:feather":2,"minecraft:cobblestone":430,"minecraft:granite":47,"minecraft:coal":3,"minecraft:stick":8,"minecraft:oxeye_daisy":1,"minecraft:gray_wool":2,"minecraft:diorite":55,"minecraft:nether_wart_block":3,"minecraft:iron_leggings":3,"minecraft:iron_shovel":2,"minecraft:string":11,"minecraft:lily_pad":28,"minecraft:acacia_planks":18,"minecraft:dandelion":1,"minecraft:redstone":21,"minecraft:furnace":1,"minecraft:sweet_berries":9,"minecraft:blaze_rod":5,"minecraft:chicken":3,"minecraft:light_gray_wool":1,"minecraft:iron_boots":1,"minecraft:name_tag":1,"minecraft:pumpkin_seeds":34,"minecraft:hay_block":6,"minecraft:shield":1,"minecraft:oak_button":1,"minecraft:spruce_planks":1,"minecraft:andesite":114,"minecraft:yellow_bed":2,"minecraft:oak_sapling":3,"minecraft:spider_eye":4,"minecraft:spruce_log":1,"minecraft:bow":2,"minecraft:wooden_pickaxe":1,"minecraft:terracotta":2},"minecraft:crafted":{"minecraft:brick":47,"minecraft:oak_planks":532,"minecraft:cooked_chicken":13,"minecraft:bookshelf":3,"minecraft:cooked_mutton":68,"minecraft:diamond_helmet":2,"minecraft:diamond_leggings":2,"minecraft:iron_boots":3,"minecraft:chest":13,"minecraft:oak_button":1,"minecraft:birch_button":1,"minecraft:stone_hoe":1,"minecraft:flower_pot":1,"minecraft:cauldron":1,"minecraft:cooked_porkchop":30,"minecraft:diamond_axe":2,"minecraft:crafting_table":12,"minecraft:spruce_planks":132,"minecraft:iron_helmet":3,"minecraft:wooden_pickaxe":1,"minecraft:baked_potato":245,"minecraft:spruce_door":3,"minecraft:birch_planks":44,"minecraft:wooden_hoe":1,"minecraft:iron_chestplate":3,"minecraft:book":18,"minecraft:paper":114,"minecraft:diamond_pickaxe":3,"minecraft:shield":3,"minecraft:stick":372,"minecraft:iron_ingot":192,"minecraft:iron_pickaxe":12,"minecraft:iron_block":3,"minecraft:gold_ingot":20,"minecraft:wooden_sword":1,"minecraft:oak_door":3,"minecraft:furnace":11,"minecraft:bone_meal":1132,"minecraft:oak_trapdoor":2,"minecraft:flint_and_steel":1,"minecraft:iron_axe":9,"minecraft:ladder":54,"minecraft:stone_pickaxe":2,"minecraft:diamond_boots":2,"minecraft:spruce_boat":2,"minecraft:wheat":54,"minecraft:cooked_beef":22,"minecraft:enchanting_table":1,"minecraft:bucket":2,"minecraft:stone_axe":2,"minecraft:acacia_boat":1,"minecraft:bread":18,"minecraft:air":0,"minecraft:oak_boat":3,"minecraft:wooden_axe":1,"minecraft:iron_shovel":3,"minecraft:iron_leggings":2,"minecraft:anvil":1,"minecraft:white_bed":1,"minecraft:acacia_planks":56,"minecraft:torch":592,"minecraft:diamond_chestplate":2}},"DataVersion":2586}