{"stats":{"minecraft:crafted":{"minecraft:oak_planks":26,"minecraft:crafting_table":1,"minecraft:wooden_pickaxe":1,"minecraft:iron_helmet":1,"minecraft:iron_sword":1,"minecraft:furnace":1,"minecraft:iron_chestplate":1,"minecraft:iron_axe":1,"minecraft:stick":20,"minecraft:iron_ingot":22,"minecraft:iron_pickaxe":1,"minecraft:stone_pickaxe":5,"minecraft:torch":12},"minecraft:dropped":{"minecraft:wheat_seeds":1,"minecraft:cobblestone":116,"minecraft:granite":1,"minecraft:hay_block":2,"minecraft:yellow_bed":1,"minecraft:stone_pickaxe":2},"minecraft:broken":{"minecraft:stone_pickaxe":3},"minecraft:mined":{"minecraft:crafting_table":4,"minecraft:torch":6,"minecraft:granite":11,"minecraft:grass_block":1,"minecraft:cobblestone":3,"minecraft:lapis_ore":5,"minecraft:diorite":23,"minecraft:wall_torch":14,"minecraft:furnace":2,"minecraft:iron_ore":22,"minecraft:andesite":10,"minecraft:yellow_bed":1,"minecraft:grass":3,"minecraft:oak_log":7,"minecraft:coal_ore":40,"minecraft:dirt":6,"minecraft:stone":271},"minecraft:picked_up":{"minecraft:crafting_table":5,"minecraft:ladder":2,"minecraft:andesite":20,"minecraft:wooden_pickaxe":1,"minecraft:potato":2,"minecraft:oak_log":7,"minecraft:yellow_bed":1,"minecraft:lapis_lazuli":31,"minecraft:dirt":7,"minecraft:wheat_seeds":1,"minecraft:iron_ingot":11,"minecraft:stone_pickaxe":3,"minecraft:iron_ore":22,"minecraft:poppy":2,"minecraft:oak_planks":10,"minecraft:furnace":2,"minecraft:stick":6,"minecraft:torch":24,"minecraft:diorite":33,"minecraft:rotten_flesh":1,"minecraft:hay_block":12,"minecraft:granite":13,"minecraft:bread":1,"minecraft:oak_sapling":1,"minecraft:coal":59,"minecraft:cobblestone":272},"minecraft:killed_by":{"minecraft:iron_golem":1},"minecraft:used":{"minecraft:stone_pickaxe":389,"minecraft:wooden_pickaxe":3,"minecraft:torch":19,"minecraft:dirt":6,"minecraft:crafting_table":4,"minecraft:granite":4,"minecraft:iron_axe":1,"minecraft:bread":3,"minecraft:iron_pickaxe":19,"minecraft:cobblestone":7,"minecraft:oak_sapling":1,"minecraft:furnace":2,"minecraft:andesite":13},"minecraft:custom":{"minecraft:interact_with_furnace":10,"minecraft:interact_with_crafting_table":15,"minecraft:play_one_minute":39441,"minecraft:bell_ring":10,"minecraft:time_since_death":17757,"minecraft:sleep_in_bed":1,"minecraft:climb_one_cm":1196,"minecraft:time_since_rest":17795,"minecraft:sprint_one_cm":14456,"minecraft:damage_taken":628,"minecraft:walk_one_cm":103150,"minecraft:drop":63,"minecraft:damage_dealt":238,"minecraft:fly_one_cm":9134,"minecraft:open_chest":2,"minecraft:crouch_one_cm":359,"minecraft:deaths":1,"minecraft:sneak_time":338,"minecraft:jump":352,"minecraft:interact_with_brewingstand":1,"minecraft:walk_on_water_one_cm":750,"minecraft:fall_one_cm":2419}},"DataVersion":2586}