{"stats":{"minecraft:used":{"minecraft:cooked_mutton":5,"minecraft:iron_shovel":197,"minecraft:stone_pickaxe":653,"minecraft:stone_shovel":35,"minecraft:baked_potato":2,"minecraft:oak_planks":38,"minecraft:chest":2,"minecraft:wooden_pickaxe":3,"minecraft:white_terracotta":35,"minecraft:iron_sword":147,"minecraft:torch":47,"minecraft:dirt":144,"minecraft:crafting_table":6,"minecraft:granite":14,"minecraft:oak_stairs":5,"minecraft:iron_axe":94,"minecraft:bread":13,"minecraft:iron_pickaxe":400,"minecraft:crimson_planks":2,"minecraft:cobblestone":37,"minecraft:furnace":3,"minecraft:oak_sapling":1,"minecraft:andesite":13,"minecraft:egg":2},"minecraft:dropped":{"minecraft:oak_door":1,"minecraft:gravel":2,"minecraft:wheat_seeds":9,"minecraft:lapis_lazuli":31,"minecraft:diamond":4,"minecraft:poisonous_potato":1,"minecraft:feather":2,"minecraft:oak_fence":78,"minecraft:chicken":1,"minecraft:cobblestone":422,"minecraft:granite":25,"minecraft:white_terracotta":3,"minecraft:cobblestone_stairs":1,"minecraft:poppy":5,"minecraft:dirt":29,"minecraft:hay_block":2,"minecraft:diorite":35,"minecraft:torch":1,"minecraft:andesite":13,"minecraft:yellow_bed":1,"minecraft:oak_sapling":2,"minecraft:oak_stairs":9,"minecraft:iron_axe":1,"minecraft:stone_pickaxe":2,"minecraft:wooden_pickaxe":2},"minecraft:crafted":{"minecraft:oak_planks":150,"minecraft:crafting_table":1,"minecraft:baked_potato":2,"minecraft:wooden_pickaxe":1,"minecraft:iron_helmet":1,"minecraft:iron_sword":1,"minecraft:furnace":1,"minecraft:cooked_mutton":5,"minecraft:iron_chestplate":1,"minecraft:iron_axe":1,"minecraft:stick":28,"minecraft:iron_ingot":39,"minecraft:stone_pickaxe":5,"minecraft:iron_pickaxe":3,"minecraft:chest":2,"minecraft:iron_shovel":1,"minecraft:iron_leggings":1,"minecraft:torch":28},"minecraft:custom":{"minecraft:interact_with_furnace":24,"minecraft:mob_kills":13,"minecraft:interact_with_crafting_table":22,"minecraft:play_one_minute":124661,"minecraft:bell_ring":10,"minecraft:leave_game":12,"minecraft:time_since_death":859,"minecraft:sleep_in_bed":2,"minecraft:climb_one_cm":1196,"minecraft:time_since_rest":884,"minecraft:sprint_one_cm":115455,"minecraft:damage_taken":2700,"minecraft:walk_one_cm":340316,"minecraft:drop":434,"minecraft:damage_dealt":2335,"minecraft:swim_one_cm":490,"minecraft:fly_one_cm":101606,"minecraft:open_chest":7,"minecraft:crouch_one_cm":5657,"minecraft:deaths":6,"minecraft:sneak_time":2776,"minecraft:walk_under_water_one_cm":5804,"minecraft:interact_with_brewingstand":1,"minecraft:jump":1370,"minecraft:walk_on_water_one_cm":13629,"minecraft:fall_one_cm":20477},"minecraft:broken":{"minecraft:stone_pickaxe":5,"minecraft:iron_pickaxe":1,"minecraft:stone_shovel":1},"minecraft:mined":{"minecraft:glass_pane":4,"minecraft:mossy_cobblestone":4,"minecraft:clay":4,"minecraft:granite":29,"minecraft:crafting_table":5,"minecraft:torch":6,"minecraft:grass_block":144,"minecraft:tall_grass":5,"minecraft:cobblestone":30,"minecraft:lapis_ore":5,"minecraft:oak_planks":4,"minecraft:diorite":82,"minecraft:wall_torch":25,"minecraft:white_terracotta":36,"minecraft:furnace":2,"minecraft:iron_ore":43,"minecraft:andesite":25,"minecraft:grass_path":55,"minecraft:yellow_bed":2,"minecraft:grass":55,"minecraft:coal_ore":40,"minecraft:oak_log":59,"minecraft:oak_stairs":5,"minecraft:crimson_planks":2,"minecraft:dirt":60,"minecraft:terracotta":2,"minecraft:stone":708,"minecraft:oak_leaves":12},"minecraft:picked_up":{"minecraft:iron_chestplate":3,"minecraft:crafting_table":9,"minecraft:feather":4,"minecraft:chicken":3,"minecraft:ladder":5,"minecraft:andesite":34,"minecraft:wooden_pickaxe":2,"minecraft:oak_stairs":42,"minecraft:potato":4,"minecraft:oak_log":91,"minecraft:crimson_planks":2,"minecraft:yellow_bed":2,"minecraft:cobblestone_stairs":3,"minecraft:lapis_lazuli":31,"minecraft:dirt":284,"minecraft:iron_axe":4,"minecraft:leather_boots":2,"minecraft:iron_leggings":3,"minecraft:cooked_mutton":6,"minecraft:wheat_seeds":17,"minecraft:iron_ingot":47,"minecraft:stone_pickaxe":9,"minecraft:iron_ore":42,"minecraft:poppy":13,"minecraft:iron_pickaxe":3,"minecraft:iron_sword":3,"minecraft:oak_planks":12,"minecraft:furnace":5,"minecraft:egg":2,"minecraft:golden_helmet":1,"minecraft:stick":10,"minecraft:oak_door":3,"minecraft:oak_fence":130,"minecraft:torch":68,"minecraft:poisonous_potato":1,"minecraft:gravel":2,"minecraft:porkchop":5,"minecraft:diorite":95,"minecraft:mossy_cobblestone":6,"minecraft:arrow":2,"minecraft:stone_shovel":1,"minecraft:rotten_flesh":31,"minecraft:hay_block":12,"minecraft:iron_helmet":3,"minecraft:granite":62,"minecraft:bread":1,"minecraft:white_terracotta":67,"minecraft:terracotta":1,"minecraft:oak_sapling":6,"minecraft:mutton":5,"minecraft:coal":144,"minecraft:white_wool":3,"minecraft:cobblestone":833},"minecraft:killed_by":{"minecraft:skeleton":4,"minecraft:zombie":1,"minecraft:iron_golem":1},"minecraft:killed":{"minecraft:pig":2,"minecraft:sheep":4,"minecraft:skeleton":1,"minecraft:zombie":4,"minecraft:chicken":1}},"DataVersion":2586}