{"stats":{"minecraft:crafted":{"minecraft:oak_planks":26,"minecraft:crafting_table":1,"minecraft:wooden_pickaxe":1,"minecraft:baked_potato":2,"minecraft:iron_helmet":1,"minecraft:iron_sword":1,"minecraft:furnace":1,"minecraft:cooked_mutton":5,"minecraft:iron_chestplate":1,"minecraft:iron_axe":1,"minecraft:stick":20,"minecraft:iron_ingot":39,"minecraft:iron_pickaxe":1,"minecraft:stone_pickaxe":5,"minecraft:iron_leggings":1,"minecraft:torch":12},"minecraft:dropped":{"minecraft:wheat_seeds":1,"minecraft:lapis_lazuli":31,"minecraft:cobblestone":294,"minecraft:granite":1,"minecraft:poppy":1,"minecraft:hay_block":2,"minecraft:yellow_bed":1,"minecraft:wooden_pickaxe":2,"minecraft:stone_pickaxe":2},"minecraft:broken":{"minecraft:stone_pickaxe":3,"minecraft:stone_shovel":1},"minecraft:mined":{"minecraft:glass_pane":4,"minecraft:mossy_cobblestone":4,"minecraft:clay":4,"minecraft:crafting_table":4,"minecraft:torch":6,"minecraft:granite":16,"minecraft:grass_block":34,"minecraft:tall_grass":1,"minecraft:cobblestone":26,"minecraft:lapis_ore":5,"minecraft:oak_planks":3,"minecraft:diorite":23,"minecraft:wall_torch":22,"minecraft:white_terracotta":36,"minecraft:furnace":2,"minecraft:iron_ore":30,"minecraft:andesite":24,"minecraft:yellow_bed":1,"minecraft:grass":35,"minecraft:oak_log":47,"minecraft:coal_ore":40,"minecraft:oak_stairs":5,"minecraft:dirt":24,"minecraft:terracotta":2,"minecraft:stone":336,"minecraft:oak_leaves":8},"minecraft:picked_up":{"minecraft:crafting_table":8,"minecraft:iron_chestplate":3,"minecraft:feather":3,"minecraft:chicken":3,"minecraft:ladder":5,"minecraft:andesite":33,"minecraft:wooden_pickaxe":2,"minecraft:potato":4,"minecraft:oak_stairs":42,"minecraft:oak_log":79,"minecraft:yellow_bed":1,"minecraft:cobblestone_stairs":3,"minecraft:dirt":77,"minecraft:lapis_lazuli":31,"minecraft:iron_axe":3,"minecraft:iron_leggings":3,"minecraft:cooked_mutton":6,"minecraft:wheat_seeds":11,"minecraft:iron_ingot":18,"minecraft:stone_pickaxe":9,"minecraft:iron_ore":30,"minecraft:poppy":12,"minecraft:iron_pickaxe":3,"minecraft:iron_sword":3,"minecraft:oak_planks":11,"minecraft:egg":2,"minecraft:furnace":5,"minecraft:stick":6,"minecraft:oak_door":3,"minecraft:oak_fence":78,"minecraft:torch":63,"minecraft:porkchop":5,"minecraft:diorite":37,"minecraft:mossy_cobblestone":6,"minecraft:stone_shovel":1,"minecraft:rotten_flesh":29,"minecraft:iron_helmet":3,"minecraft:hay_block":12,"minecraft:granite":31,"minecraft:bread":1,"minecraft:white_terracotta":67,"minecraft:terracotta":1,"minecraft:oak_sapling":4,"minecraft:mutton":5,"minecraft:coal":144,"minecraft:white_wool":3,"minecraft:cobblestone":394},"minecraft:killed":{"minecraft:pig":2,"minecraft:sheep":4,"minecraft:zombie":3,"minecraft:chicken":1},"minecraft:killed_by":{"minecraft:skeleton":2,"minecraft:zombie":1,"minecraft:iron_golem":1},"minecraft:used":{"minecraft:cooked_mutton":2,"minecraft:stone_pickaxe":469,"minecraft:stone_shovel":35,"minecraft:baked_potato":2,"minecraft:wooden_pickaxe":3,"minecraft:white_terracotta":35,"minecraft:iron_sword":114,"minecraft:torch":23,"minecraft:dirt":93,"minecraft:crafting_table":4,"minecraft:granite":14,"minecraft:oak_stairs":5,"minecraft:iron_axe":61,"minecraft:bread":4,"minecraft:iron_pickaxe":114,"minecraft:cobblestone":15,"minecraft:furnace":2,"minecraft:oak_sapling":1,"minecraft:andesite":13,"minecraft:egg":2},"minecraft:custom":{"minecraft:interact_with_furnace":20,"minecraft:mob_kills":11,"minecraft:interact_with_crafting_table":18,"minecraft:play_one_minute":74141,"minecraft:bell_ring":10,"minecraft:leave_game":3,"minecraft:time_since_death":5663,"minecraft:sleep_in_bed":1,"minecraft:climb_one_cm":1196,"minecraft:time_since_rest":5742,"minecraft:sprint_one_cm":58813,"minecraft:damage_taken":1763,"minecraft:walk_one_cm":236958,"minecraft:drop":275,"minecraft:damage_dealt":1725,"minecraft:swim_one_cm":81,"minecraft:fly_one_cm":40064,"minecraft:open_chest":6,"minecraft:crouch_one_cm":5647,"minecraft:deaths":4,"minecraft:sneak_time":2740,"minecraft:walk_under_water_one_cm":3605,"minecraft:interact_with_brewingstand":1,"minecraft:jump":738,"minecraft:walk_on_water_one_cm":8720,"minecraft:fall_one_cm":11655}},"DataVersion":2586}