{"stats":{"minecraft:crafted":{"minecraft:oak_planks":26,"minecraft:crafting_table":1,"minecraft:wooden_pickaxe":1,"minecraft:iron_helmet":1,"minecraft:iron_sword":1,"minecraft:furnace":1,"minecraft:iron_chestplate":1,"minecraft:iron_axe":1,"minecraft:stick":20,"minecraft:iron_ingot":30,"minecraft:iron_pickaxe":1,"minecraft:stone_pickaxe":5,"minecraft:iron_leggings":1,"minecraft:torch":12},"minecraft:dropped":{"minecraft:wheat_seeds":1,"minecraft:lapis_lazuli":31,"minecraft:cobblestone":294,"minecraft:granite":1,"minecraft:poppy":1,"minecraft:hay_block":2,"minecraft:yellow_bed":1,"minecraft:wooden_pickaxe":2,"minecraft:stone_pickaxe":2},"minecraft:broken":{"minecraft:stone_pickaxe":3},"minecraft:mined":{"minecraft:glass_pane":4,"minecraft:mossy_cobblestone":4,"minecraft:clay":4,"minecraft:crafting_table":4,"minecraft:torch":6,"minecraft:granite":13,"minecraft:grass_block":4,"minecraft:cobblestone":18,"minecraft:lapis_ore":5,"minecraft:oak_planks":3,"minecraft:diorite":23,"minecraft:wall_torch":16,"minecraft:white_terracotta":36,"minecraft:furnace":2,"minecraft:iron_ore":30,"minecraft:andesite":10,"minecraft:yellow_bed":1,"minecraft:grass":6,"minecraft:oak_log":26,"minecraft:coal_ore":40,"minecraft:oak_stairs":3,"minecraft:dirt":8,"minecraft:terracotta":2,"minecraft:stone":300},"minecraft:picked_up":{"minecraft:iron_chestplate":1,"minecraft:crafting_table":6,"minecraft:ladder":3,"minecraft:andesite":20,"minecraft:wooden_pickaxe":2,"minecraft:oak_stairs":15,"minecraft:potato":4,"minecraft:oak_log":22,"minecraft:yellow_bed":1,"minecraft:cobblestone_stairs":1,"minecraft:lapis_lazuli":31,"minecraft:dirt":11,"minecraft:iron_axe":1,"minecraft:iron_leggings":1,"minecraft:wheat_seeds":1,"minecraft:iron_ingot":11,"minecraft:stone_pickaxe":5,"minecraft:iron_ore":30,"minecraft:poppy":5,"minecraft:iron_pickaxe":1,"minecraft:iron_sword":1,"minecraft:oak_planks":11,"minecraft:furnace":3,"minecraft:stick":6,"minecraft:oak_door":1,"minecraft:oak_fence":26,"minecraft:torch":40,"minecraft:diorite":36,"minecraft:mossy_cobblestone":6,"minecraft:stone_shovel":1,"minecraft:rotten_flesh":11,"minecraft:iron_helmet":1,"minecraft:hay_block":12,"minecraft:granite":22,"minecraft:bread":1,"minecraft:white_terracotta":58,"minecraft:terracotta":1,"minecraft:oak_sapling":1,"minecraft:coal":90,"minecraft:cobblestone":350},"minecraft:killed_by":{"minecraft:zombie":1,"minecraft:iron_golem":1},"minecraft:used":{"minecraft:stone_pickaxe":469,"minecraft:wooden_pickaxe":3,"minecraft:white_terracotta":35,"minecraft:iron_sword":8,"minecraft:torch":20,"minecraft:dirt":9,"minecraft:crafting_table":4,"minecraft:granite":7,"minecraft:iron_axe":30,"minecraft:bread":4,"minecraft:iron_pickaxe":45,"minecraft:cobblestone":7,"minecraft:oak_sapling":1,"minecraft:furnace":2,"minecraft:andesite":13},"minecraft:custom":{"minecraft:interact_with_furnace":13,"minecraft:mob_kills":1,"minecraft:interact_with_crafting_table":17,"minecraft:play_one_minute":51441,"minecraft:bell_ring":10,"minecraft:time_since_death":2611,"minecraft:sleep_in_bed":1,"minecraft:climb_one_cm":1196,"minecraft:time_since_rest":2634,"minecraft:sprint_one_cm":21378,"minecraft:damage_taken":948,"minecraft:walk_one_cm":149329,"minecraft:drop":275,"minecraft:damage_dealt":379,"minecraft:fly_one_cm":11575,"minecraft:open_chest":2,"minecraft:crouch_one_cm":576,"minecraft:deaths":2,"minecraft:sneak_time":501,"minecraft:walk_under_water_one_cm":993,"minecraft:jump":495,"minecraft:interact_with_brewingstand":1,"minecraft:walk_on_water_one_cm":1570,"minecraft:fall_one_cm":6559}},"DataVersion":2586}